x1,x2,x3,x4,x5,x6,y
-0.50183952461055,1.0330527837160903,-0.6375833336748333,-1.4351058265074021,-1.5046158931767302,0.5930278163112881,0
1.8028572256396647,-1.901652334164794,-1.713152444609396,0.28350966735790495,-1.7178574496281738,-1.310454551579335,1
0.9279757672456204,-1.911505793884011,-0.3614844204190719,-1.2589185784667052,1.637718014743506,1.4895782534192596,1
0.3946339367881464,-0.705559123401835,-0.7551300197464257,-0.8854277475398544,-1.2394849347251773,0.45246495627696603,1
-1.375925438230254,-0.045427238381337,0.7084825589400374,-1.125160798705667,1.2850006182388172,-1.371184465772183,0
-1.3760219186551894,1.0816296712311728,0.4231169978107614,-1.2686488805247316,0.17852348442854327,1.8493522299248273,0
-1.7676655513272022,0.7331815064260208,-0.54162508720984,1.302843806242668,-1.6885739215649216,0.07346185334128252,1
1.4647045830997407,-0.21638917449300665,-1.1284297829800396,-0.8571697293564386,1.82179276575227,-1.70840619251338,1
0.4044600469728352,-0.9054933348733365,1.9521438646223674,1.7084951274577973,-1.01215533203243,0.5073316176602689,0
0.832290311184182,1.9884980006308446,-0.18399351521554053,1.8797061013807634,1.438581381410426,-0.9872043719487591,0
-1.9176620228167902,-0.2952747910561082,0.7530969431209482,0.28504187974838935,-1.3247599768617433,1.2147738075092098,1
1.8796394086479773,-0.19445190268129808,-1.437788129686557,-1.4279955093370944,1.4157715285674115,1.2712882942647625,1
1.329770563201687,-1.3455047152333233,-0.0576412013624088,-0.501807026481675,-1.947084748378824,1.9157894234186474,1
-1.1506435572868954,1.1792381949997175,-1.889853120522138,1.190929053392856,0.04712182627792272,0.007478124098014849,0
-1.2727001311715975,0.7747289031259545,0.021820471641799788,-0.5304370852117182,1.0777703176862272,-0.18017248108905148,1
-1.2663819605862647,-1.1169215488449584,1.8560696284708094,-1.651931126788845,1.7391820699711333,1.0139024217859225,0
-0.7830310281618491,-1.6704758175366292,-0.4631731480567991,0.22713964371275175,1.6368085448259482,-1.4701173746322937,1
0.09902572652895136,0.7219972082988524,-1.8440159497003537,1.380483405984139,1.2784994781905796,0.1876620551724968,0
-0.27221992543153695,0.6180448571245409,-1.8761768363226259,1.1837055485740096,1.5527653986452163,0.18499040052340376,0
-0.8350834392078323,-0.9069618920071627,-0.44805296021252206,-1.299507439478587,-1.203121256651694,-1.6421075087584511,1
0.4474115788895179,1.8034542490016414,-1.3599002541472238,0.6910584576498668,-0.863262817153085,-0.3280636579723457,0
-1.4420245573918327,-1.395768432876399,-1.9065916146872564,-1.1179829462574116,-0.844125900315766,1.4131391942688079,1
-0.8314214058591274,-0.27066079582959235,1.0248544558007073,-1.127169861791311,-0.49178427599320473,1.424614487978641,0
-0.5345526268252332,1.7744636806703955,-0.16590796447243727,1.4962870932207406,-0.4267173184592452,-1.603049340321276,0
-0.17572006313185629,-0.3210907322955108,-0.8430209121093819,-1.0013241890390794,0.17822129861870195,-1.6371164690086766,0
1.1407038455720544,0.5541037906563422,1.6003327320659229,-0.9470106139279553,-1.3604809465342345,-0.9492180919922588,0
-1.201304871366561,-0.4096224081488229,-1.5354441591978976,-1.9973864369548018,0.7649866551439573,1.499064250215974,1
0.05693775365444642,-0.9031391906053199,1.8236753158212768,1.4826761365020706,-1.329733842781974,-1.4843896597060042,0
0.36965827544816987,1.935910591839313,-0.7441331304905887,1.1703792528365389,-0.7587660715818099,0.879987210509785,0
-1.814198349120009,-0.3626639747398279,1.553614689234725,0.509315740362712,0.013380522424616181,-1.5953375215475871,0
0.43017940760575346,1.5763968147165377,0.41177150591784617,1.001063055755369,1.1857622460939092,0.4925514149913015,1
-1.3179035052508339,-1.0801815764356553,1.3068294389659498,-1.3918057303020328,0.957876932954909,-0.5757308035234208,0
-1.739793628058882,-1.1475811838996668,1.9360526528418571,-0.16670562164969827,0.582137425642089,1.155655851863468,0
1.795542149013333,-1.8754636684619546,-0.8463782487250171,-0.5951224506048765,-1.3769069576793194,-1.0652382046985456,1
1.8625281322982374,0.6066673015035402,1.8445419416303719,-1.624893894971934,0.18818138246231086,0.5568073175598394,1
1.2335893924658445,-0.5258946251049554,-0.4420724203903186,-0.05547805914030368,-1.6502139928004582,-1.0572698616964602,1
-0.7815449233065173,1.4574329993585482,-0.45795238105231073,1.6829586013705415,-0.49054729281339693,0.8546411324486152,0
-1.6093115439744645,-0.10716037323377137,-0.6384515829819772,-1.839763523797222,-0.34593387884016336,1.494712138242995,0
0.7369321060486276,1.872773711658887,0.16563042939034078,-0.8341563460248245,-1.8407542422169847,-1.4927928034929598,1
-0.2393900250415948,-1.2578979371875154,-1.3834198272860516,-1.1698362551771861,-0.9040476021201127,1.466382754382014,1
-1.5118470606208847,1.4744926718224431,0.21484594143204472,-1.0474133853372147,1.8225978690659574,0.3743010176571917,1
-0.01929235955491926,1.106387411166967,0.16681924964001604,1.633738207517501,1.814530431318758,-1.491558036531904,1
-1.8624459155391264,1.083687378576208,1.04760725041948,-0.1277237830628395,-0.5906917829898428,-0.28983257856115197,0
1.6372816083151283,1.3791329124675507,1.3345998477503422,-0.1348023482407248,-1.8275995642067038,-1.3565588260596084,1
-0.9648800735999323,1.0440959637719955,-0.23823459875030384,1.0423025698211292,-1.2836202426872738,0.801391555466278,1
0.6500891374159279,0.5048812865256616,-0.790667002594025,-1.3820311839802968,-0.4311288262658395,1.0354725376717986,0
-0.7531556956423562,-1.4750204892704497,-0.9626604107316221,-0.05093858359979686,1.7911187918769191,-1.5768139189088042,1
0.08027208471124325,-1.8698952820349923,-1.2215046531805123,-0.2800591435157611,-1.4352037458512603,0.024559410778577373,1
0.1868411173731186,1.6833913912627474,-1.7694096712039005,0.3876427621866245,1.054063374672849,1.2585002241036687,0
-1.2605821778978918,0.46660125808295216,-0.6302080846611466,1.9982308130017543,-1.5652698425012317,1.744652166203986,0
1.8783385110582342,1.1861491639047053,-0.919009231476867,1.0777955763281883,1.9250303095651073,0.054071466967080095,1
1.1005312934444582,-0.07391059394979971,1.8656695434656294,-0.40853718793029126,-0.4735340035634601,1.8011168944456282,0
1.7579957662567565,-1.530767244150422,0.23083530500017568,1.3102122090961879,1.100938155596224,0.14275588182411925,1
1.5793094017105953,-1.4992568311897982,-0.6108918438779698,-1.3171665467500793,-0.6296356687554727,-0.42323802160036816,1
0.39159991524434057,0.7422611489158855,0.32187040397478395,-1.8781452547641595,0.5106755086352348,1.392812514211582,1
1.6874969400924673,-0.2787764204021492,-1.443213194617218,-1.1822065101429078,-1.231935661039853,-0.02806915816764377,1
-1.646029991792322,-1.1979010931986531,-0.22382500319118837,-0.6383537755429614,-1.4159159228121498,-0.11238995774190785,1
-1.2160685503234192,-0.03362181303425249,0.5049372856842553,0.042323029838239545,1.7522565582725251,-0.0387500423606868,1
-1.8190908443578477,-1.7431642516994637,-0.04440867283019445,0.4605165621647993,1.6705891116177338,1.3871400074789815,1
-0.6986786769469426,0.3278856076575951,-0.392884797382703,1.642422868857687,1.5498757608515294,1.3277661667522085,1
-0.44529084124207197,-0.9240263822596093,1.9753935555987927,0.039416038201830705,0.5017338006663739,-0.3859200302391552,0
-0.9146038729044164,1.1902364025487526,1.521259048595708,0.00510257850291751,1.233072844865113,-0.6668005605178999,1
1.3149500366077174,-0.7585521643057049,0.49362383263776044,-1.7990279607080715,-1.7238522523545003,-0.0322879038434829,1
-0.5729866932256429,-0.17911940367279522,0.2775094447291311,-1.8603537893751048,-0.6608438324372834,0.2910900389484361,0
-0.876261961250477,-1.9535178403675975,0.4826419192983362,0.20463984766548826,-0.7451875009713751,-1.0466511574880122,0
0.17078433263299386,-1.7102124488217645,-1.194751568710267,-0.24728554700662198,0.542581287810453,1.1758203388623625,1
-1.4363031001009494,-0.4300257743732607,-0.41944902694272557,1.3567215799211945,-0.576168906117438,-0.054068937070308465,0
1.2087879230161587,-0.08024466113150597,-1.8421618684364027,-1.3572816611526193,-1.4059728734252768,-0.6638178063201616,1
-1.7017974252809167,0.4000821924772149,-0.09781585005269333,-1.9001133515318016,0.38586830165417485,-1.5727160281440375,0
1.9475477464020692,-0.8333496851627871,0.1720983358306527,-0.20384492827949652,1.257535682676326,-1.0446193583855723,0
1.0889790771866297,0.7799275445061702,-1.0890010555871616,-1.05008577299097,-0.4715060221601073,1.7971246870239348,0
-1.2051372738633104,1.4404895887568183,1.856115388662055,-1.8015425066446502,-1.4709251396060732,-0.7796012527218936,1
-1.9779115315055904,1.1194039555733992,1.637818443748968,0.8983931473905158,-1.2132472107487078,-1.3245628425318587,1
1.2618457138193366,-1.8415246986065714,0.8885729418236235,-1.55362800017101,-1.050066779322464,-0.1573088333800272,0
0.8274293753904685,-0.07797221096868423,0.13354651506145032,0.43327800003108674,-0.8004096280218551,-0.7716490265590052,1
0.9160286721639492,-1.5802792863273005,1.4798766385907398,-0.8758009993324434,0.5711802820252365,-1.8593629989152234,0
1.085081386743783,-1.0318199365498901,-1.4773906247061483,-1.306015798579912,0.40378193815087604,-0.707419130882331,1
-1.7038213930636386,1.9466503730685858,1.16203917709954,-0.48099390832273015,0.7843194462681566,0.1764344957578743,1
-0.5661370858229096,-1.430017828393947,-1.5007167441326068,1.2057831048918146,-0.5499920618739473,0.2068494880798677,1
-1.5365237618994811,-0.004447386194575742,1.1768426501976217,-0.4316256923817092,1.2959906075199132,-0.5737643152924452,0
1.452413703502374,0.4726229372724764,-0.8969297269945722,1.0030785968442228,-1.183649355376959,-0.21078897498959748,1
0.4931925073102317,0.8098598821764158,1.5083623240727557,-1.4980548128033973,-0.12383700992738422,1.8620716729390656,1
-0.6764079005894033,0.2385947339476564,1.7761683753015913,1.0910856786603165,1.2037548861657212,-0.4906060910787535,1
-1.7457665988559055,-1.9609166103232654,-1.4048161223795375,-1.0522667003734054,-1.279365409069523,-0.9670927469600681,1
-0.7560707131373512,-0.6941547670240324,-0.14929757973842595,0.7095725195554912,-1.5605475450368682,-1.0261318237329595,1
-0.6992667118930118,0.07084657353884571,1.9239495126507404,0.2631262193639854,1.534735870751959,-0.16894154918346338,1
0.9184247133522563,-1.6485340034206666,-0.06637025610741354,1.7165788688467494,-0.6282813489632164,1.0380805948677763,1
0.5502298854208525,-0.597492275163277,1.4541900900581806,-0.4507099280987439,0.7354804996361279,-1.1760472632461072,0
1.5488509703053062,-1.8671875648345337,0.3549260885252794,-1.7353392446622382,-1.898605582944246,0.8371845085630722,1
-0.11114029935220282,-1.685686011379917,-0.49868036832159257,-1.9233780577949884,0.7601875536377984,-1.9154007066023349,1
-1.5216230162467932,-0.41230689519361574,-0.8568657778965192,1.3074342438910125,-0.7355947538121179,-0.3242680880642159,1
0.85297914889198,-1.4691369838277586,-1.187107635655651,0.09894255064572866,-1.777036585650233,1.1034602608111475,1
1.0431401944675898,0.2701633930462326,1.0471927655107889,1.100976207339797,0.43925104619246813,-0.6450681769022744,1
0.24510879027798493,0.757859876549063,-0.4538379727078885,-1.0622975999539412,-1.036784735707307,0.25494840578159783,0
1.083868719818244,1.2023467964363315,0.04510184880300461,-0.6196650179470651,-0.45277103179248,-1.1800830686963568,0
-0.024817614542437028,-1.1993990230207596,-0.030698079995272298,-1.8795845111547242,-1.6776767508539456,0.9679815645046892,1
0.09093131752797623,-1.330069670963721,0.30911611693252494,1.8459692982964486,-1.4113469956202187,-1.7908835869249615,0
-0.2898359265658015,-1.581728638662399,1.462308582498209,0.6714716268032537,-0.808091058016625,1.4101705795020014,0
-1.8983234930236192,0.5457209981745468,1.9229573743337176,1.7328203510372249,-1.6409619977593715,-1.2072144543133274,1
-1.5684342920267822,0.8259029059476046,-0.36966316570473223,-0.9380143702837107,1.643305058745261,1.497592126833323,1
-1.874283257253063,-1.8736554206974319,1.3100756884252123,0.44585444490264337,-1.9758118272640863,-0.5898830347979307,0
0.5456416450551216,1.7448489849747593,1.0581111786188706,0.7139998731705512,-0.06455912454275436,0.8907342978979464,1
-0.7425760756946933,-1.7921148653941104,0.294115805822293,-0.7298011989696462,-1.5070101674697942,-0.7230988088552461,0
0.03428276465881108,0.16518534120428185,1.8241885744477324,1.3924369400625203,-0.7692836420882059,1.6236466849385902,1
1.630265895704372,0.8362420778036657,-1.1981019378863889,1.7886458516009913,1.704238239273062,-1.4934514979265026,0
-1.0028310834045002,1.4838764949843424,-1.5629431587615144,1.5394204707840173,-1.3532217869040526,-1.2859208429096052,0
-0.35846830785748107,0.8563477285297112,1.4158478678216886,0.9562679037574902,1.8633292788733304,-0.02787949936479084,1
1.0222045541721947,1.2069123322791673,-0.2434007334650068,-0.8901412811001839,-1.1768224920423132,-1.6722462438474155,1
-1.0848073380335101,-0.6421992298287758,1.387875416828242,-0.873535831577473,0.9662644338673183,-1.2160792611929523,0
-1.692080360684828,1.259300454986049,1.5723608207816597,1.8534412817841517,0.18670905958924688,1.7750655288480575,1
-0.8409941883449279,-1.6795406144612994,-1.7501696255237142,-1.9588620162572319,1.5379149103870366,1.9059586445915486,1
-1.3551148509839823,1.5792666242421105,1.5338590519442428,0.8641998929685779,0.21597302201252377,-0.4949626826783122,1
1.7187906093702923,0.19036950461494495,-0.20672377852231127,0.8249846502210487,0.13823687662523465,1.6931440840557426,1
1.2324815182576678,1.2691910798499748,0.04172995601692886,0.4907581637991898,-1.2181679985264005,0.17929870269372694,1
0.5336150260416939,-0.19072686192679944,0.5063700443728409,1.9604353843474631,-1.335082551793365,-0.9210301365049318,0
1.4858423607508708,0.5743107807860999,1.705530426920347,-0.7524822569450991,1.6659566044620568,0.8095948843223946,1
1.2146883075964579,0.10561064374445284,-1.9235356222809439,-0.6401125448270073,-0.6886472045998637,0.6356072262994288,1
-1.2537197644558566,0.9263580870213275,-0.0926261267287316,-1.6842423882137778,-0.5116709801484163,1.9565012764349334,0
1.570235993959911,-1.6734800718776417,0.7508881697222427,-0.2288074538250502,1.0392946337135536,-0.9398108503628668,0
0.1573689676626029,-1.7585916640377448,0.8908278307929138,-0.9558058950606076,-0.6447060703087706,0.6882380106469417,0
1.2297606206562501,-1.0115870639594142,0.7701297261484319,-0.6264531912894231,1.808249786556011,-1.7919049798822124,0
1.584365199693973,-1.3618212795472466,-1.4622594823675126,1.3382871610225107,0.9517110759952012,-1.5454158452131224,1
-0.7279861001125445,1.4871342663688067,-0.8024176465132751,1.741938054109983,0.38971697029368,-1.984326500195627,0
-1.559792301889293,-1.1231440505678227,-0.5651378983319462,-1.2570677119792575,1.52358064217901,1.9978427242386925,1
-1.0882593498322333,1.9034610232765252,1.21774883071802,-0.5099642737861365,-1.801576366602069,1.209094788589911,1
-0.29156884549497475,-0.6524168329155726,-0.8849605103417879,1.7145222484615763,-0.971749231243165,1.1468920589341631,1
1.2720590636899725,-1.2715283372452029,-1.1571801445311873,-1.7527661572431095,-0.1398546631163602,0.03890430115271881,1
1.4429223330253738,1.1587940285699165,1.8297920761523847,-1.630557887554486,-1.092085842113916,-0.7997316683782403,1
-1.9721914778752372,0.6348311020035045,-1.9645468595461244,-1.3488360431750825,0.9756207492086078,-1.3949428621492963,0
0.042989210310262926,-0.007217134187444074,1.9912834227279128,0.380851336507499,1.6768321242149007,-0.8613010446141454,1
-0.33035598740488403,0.22145420375052494,0.7072851954295825,-1.3981109159760101,-0.3049195202763064,-0.4961151122834435,1
-1.111568758117079,0.8768071130890553,1.3138771977964683,1.872305525802934,-0.6314695995524202,1.0252403879211762,1
-1.5205385306652688,-1.086181034674805,-0.8215224146152273,-0.21314189096591862,1.846202928550265,0.15864715561260967,1
-0.6495393143854882,1.9853356642269677,-1.94273888933176,0.006071841400665523,-0.22059026868983667,-1.6900654937780692,0
1.7716388156500766,1.8991726485871325,0.9514780742461202,-1.013365536778374,-0.043806398202867136,-1.927883964164351,0
-0.7071882719169791,0.6013027453877475,1.3365783880027031,-0.11615899026106602,-0.5934005106323785,-1.5906712818637474,1
0.07516248697346439,-1.2018301962834195,0.9619045278140765,0.6476545305480461,1.6381938920485535,-0.35800514521048266,0
0.8120758355807114,0.7209129697251653,-1.4285988507966456,1.004708547816171,0.275821933127403,1.7327716681960732,0
-0.5454815904828241,-1.7112063640832966,1.0137116890278763,1.015472330839652,1.0486983487265786,0.5496099248368864,0
1.8871283308838427,-1.8773899911767757,1.075691128430564,0.3115644507763533,1.2472268734035454,1.2073035995020605,0
1.849789179768445,-0.9692684459551453,0.6341620626802196,1.617439099975429,-0.6326038323309673,-0.13450162198180582,0
-0.9928708166985434,-0.14950817304273478,1.0644637311823448,1.2696313892244375,-0.2652226747184798,-0.5533356672198289,0
-0.011005976430458198,1.473090021633522,1.3836857587109286,1.0281924587945017,1.3938870976250586,-1.566398509133509,1
-0.7964867607329214,0.9086762790652321,0.4544164569498337,-1.7775779132781575,-0.546978593296759,1.5037320887448198,1
-0.8606380224901296,0.9708260847999242,-1.6455811441212838,-1.9724881511214027,1.1757405338074052,1.1326401161116113,0
-1.8524522105818688,-0.2980266622076986,-0.04948876133115654,-1.1502108912181082,1.7639692902977484,-1.3275276096090995,0
0.4382573359195874,-0.6162600298121483,-1.6894026613135797,0.6540943756538091,0.4928414922720279,0.04904225550504204,1
0.010716092915445952,-0.5158449480615892,-0.36982787587027666,-0.35521004446981674,0.9665091498075555,-0.05050076831502048,0
-1.7940849950000426,1.9505982549442313,-0.37157404349748946,-0.3903749628027531,1.2203892481645395,0.5003662107461144,0
-0.8854141430535543,-1.83956323435007,-1.7359606234390337,1.538347552918455,1.38015859558657,1.7847475759650449,1
1.6330635438666148,1.4681259844897943,-0.6047178641220827,1.582251392527355,-0.4197866485728161,0.31908576704991853,0
-1.0417524373321103,0.31470163428957365,-1.5560076048347407,1.636701056214343,-1.7949461632960073,0.16086906711447435,0
-1.4204205116351076,-0.24553832324163816,1.2329408400368886,-0.7444876939398908,-0.3924949150530419,-1.7987082682613442,0
-0.04218895888974794,0.901030641660546,1.790752103857883,0.764223250957047,0.6950249191363591,-1.7483700959279043,1
1.9426018164424028,-0.0533242343011886,-1.7107340989682456,-0.9134672749025214,-0.19859845687682887,-1.2506128346928445,0
-1.0317789139539983,1.4936929523266422,1.8204608291668056,-1.2375606677022009,0.9958526034415942,-1.8701169132330069,1
0.6885421896235142,1.602807456045034,0.09030639734698065,-1.2614701706105231,-0.5720702821253445,0.9734115822800495,0
1.0464784613148703,-0.31311629250617834,-0.8017372881845044,-0.6315695165456239,0.5389765644161182,0.8933212159758526,1
-1.0494498240304013,-0.8926888110597937,-1.692551698895346,-0.2801695208807131,-1.2543207805841017,-1.4557750622734282,1
0.9128653944474383,0.3694013143734489,0.0024970722816712865,1.3237966842202735,0.9974777465798277,1.3443156031811236,1
-0.5288674691229871,1.6494533824667639,1.1780621779629947,-1.5204356261091516,0.18278387525210338,-1.380855860615552,1
0.5292233223743179,-1.1573512439773337,0.8283459090667926,0.9397033895795768,-1.1837424458135977,-0.7952976520105648,0
0.5341188430435788,0.4918663342539311,-1.799095954144105,0.1258196567572214,-0.832355306008771,-1.00409240335454,0
0.1430987362990339,0.5262408803700822,-1.708392658528386,-0.8482186292960301,0.9944348343273295,-0.5107716057078089,0
-1.6388409197823668,0.9324520896611239,-0.38850686946945157,-0.02872166186870162,-0.06959505735391724,-0.9813449364401525,0
1.3412099823569519,-1.4737292594909608,-0.8188380238082269,-0.8002317208919094,-1.1358742384277112,-0.04419629424619176,1
-0.7168797401130567,0.8632998587283542,-1.0704627077758087,0.38432782095322393,1.8690847614811905,-0.3703684745812583,1
-1.253925958400583,1.636130082662564,-0.8759820043651456,-0.2646243085790232,0.8605000792675517,1.9462779631173062,0
-1.8368994337809443,-1.2812675645190321,1.2139309731875385,-1.342377883684485,1.8285393301591846,-1.7762945994870973,0
0.36357177275296726,-1.0498267003044894,1.7169122145274156,-1.5336677017772131,-0.29157981855862714,-1.4312744944505935,0
0.7102574473691297,1.8855803761665584,-0.3795892218897343,0.1867827282885206,-0.09959863723311813,-1.78869642436559,0
-1.9336486842885754,-1.276092189162041,1.6244440085299883,1.6096521331444138,1.5918208647400767,0.5033647799295031,0
0.048372233197123915,1.4175403734783165,-0.7140171950084722,-0.6241692537692578,0.10019736098153853,-1.7819628903451217,0
-1.0940168992082482,-0.03088857420786084,-0.09425205462483355,0.9320004288904928,0.8291156476226687,1.3457589495044933,0
0.5806911616377994,-1.0110757023872918,-1.0958840087360011,0.6346454197590679,-0.9913084900178801,0.04775452272771119,1
-1.3025342839800342,1.4829996050900456,0.5619041687033759,1.726219657237924,-0.21309412518943782,0.10803049832613487,0
0.7637509524098638,-0.21877897998933804,1.9159244606992356,1.2839240691965634,-1.5062005367585796,0.24637803084877685,0
-0.45305861479785037,0.059269415718760765,0.41397238417351456,0.26642103562185193,-1.1760798564921533,-1.316745174775157,1
1.746919954946938,-0.5630665224009372,-0.5687436635458045,0.6281219929364292,-1.9962263389294757,-1.2092387875420498,1
-1.449916223416027,0.3718034057397097,0.5912697839621135,1.5935458663361395,-1.842939793405359,-0.7247307085079813,1
-0.635734595798966,-1.345904509659909,-1.5083172861384497,-0.4019248616522608,1.9091352927077172,0.3739856632874057,1
-1.5461059150376437,-0.43567385339295717,1.5546363210615946,-0.6928211765688905,-1.0305852194529508,-1.159528896239142,0
1.6987744731142511,1.87764928934115,0.012335803119345456,-1.9567556654592146,0.6532428380160078,-1.534673091466955,1
1.509357413523924,-0.9674662691954898,-0.20260103184143174,1.306204296765857,1.3563987951984462,1.8804675456737288,1
-0.9682334891393776,0.6269466581651688,0.34345915381407677,1.2039228016134595,0.20264183694625704,-1.9120727407615083,0
0.6399361841367162,-0.6992397431012205,0.4991354511576098,-1.5821819275993945,-1.3874219996641752,1.2107896213440865,1
1.2688888008048633,1.0938925027464026,-1.7128967750939479,0.30742952453080097,0.9124657493446655,1.1521405983000883,0
0.22080324639784932,-1.4765053571266007,0.7304688848936096,-0.14407320733245044,0.4010056403983322,-0.811143544619616,0
0.11860231342402594,1.8792841803141789,-1.0322732787378817,-1.5251636179635542,0.9250023573895003,-1.4574935359707464,0
-1.0325908363981933,-0.184841834465443,0.8558105300263592,1.9222729082428942,1.0789864914283487,-1.4174854131783063,0
-1.6275889287764032,-1.0557981466141442,1.290139177536787,-1.1412164501465782,1.9016414707389804,0.78972646894877,0
1.588863031813307,-1.7060130106799494,1.2158340302100812,-1.7310632796377554,0.2942531201068399,0.5712263643446946,0
1.6016722286533218,-1.320968379649837,0.21000386963155648,0.3793895180076383,-0.6334355492375927,1.130982697005547,1
0.5324058290930718,0.07909579422407065,0.08067956924300468,0.9554667085321307,0.5938582276009483,1.7499246895964187,1
-0.6438808358051973,-0.6519872942748548,-1.4284961546423531,-1.8702262158112521,-1.7262371630294955,0.767709453066368,1
-0.6031617015493564,1.3155334635304379,1.1013846016125424,0.6348705549080886,1.5895892732863453,-1.3765938537942262,1
0.9038227154809575,-0.27644990535277625,-0.9143624782131425,0.12916750380581776,-1.5224759546472129,-1.0262295329383573,1
1.5884410398103084,-1.0051429096494804,-0.013218308728213835,-1.5869399644998063,-0.688628648456727,1.3687749234924582,1
1.5483456970604692,0.4685799464161202,-0.8629036282899332,-1.3099044922145517,1.2629815225044836,-1.1627756966631657,0
1.1195021834304955,0.8271088675417833,-1.4646865480012274,0.27189718926432205,0.3892495133228473,-1.7099107321820743,0
0.568126584617151,-1.3318323683962006,0.5182307875669463,-0.8145695459468465,-0.42545791889023166,0.8131202161690019,0
-1.6634401400198047,-1.3295231348467293,-1.7826718607083847,1.7532629146052643,-0.10625736249991435,-0.38989457803943184,1
-1.353485143621545,-1.8533142922658281,0.9945809365048,1.2749609179362031,1.4181895728087213,1.6801602101836144,0
1.594216754108317,0.9456080602625621,-0.7296528189555334,1.9342688260546521,-0.6399824557604314,0.6010202843746462,0
0.4257162386383597,0.6552181104872203,-1.9994612279820587,-0.9613166441983441,1.4785987392486852,-1.638324088833357,0
-1.9632117935334814,-0.10147649700074446,0.044516556948919206,1.878894531191908,-1.647462276093234,1.791426269014643,1
-1.5941138285358716,1.3766817958767885,-1.8125923658895875,-0.27506452083376853,1.107193748834523,-0.9657709454390164,0
0.6540070764322232,1.2226806118002127,-0.8953217687164021,-0.6099248187449815,1.3901905322189454,-0.651150038374857,0
-1.9797536646151253,0.3414174575870086,0.8279059498228647,-1.798601892122587,-1.272729388650645,-0.39095834526583184,0
-1.3567677943300054,1.4730851220530345,-1.7492415135125365,-1.7889389685615895,-0.27861387051119824,-1.795102814382747,0
0.1949351574663445,-1.176635159852927,1.3573539694240093,0.7680450237866188,-1.3380009013453775,-0.01393831107758059,0
0.767580790770773,-1.5523215224090885,-1.9847203093656676,-0.1682840222638884,0.826416515976871,-1.506726035698831,1
0.6078450380104021,-0.9210015539320415,-1.012704523192391,-1.0939134958555772,0.14139107224662695,-0.396118693246593,0
-1.1029227621577609,-1.7716525756427406,0.9636162246082858,0.45588122530093056,0.5412933868332841,-0.5971608480316628,0
0.8487168853901434,0.12467811200412804,-0.7349194010827729,-0.9885675269995553,-1.2140521321751554,1.0913603337060134,1
-1.0510036500127997,1.746422769179846,-1.5924304477359459,0.3105270173776904,-1.153016551790322,1.2126820465309245,0
-0.6984012073629291,-1.8426258373259614,-0.5590643247982885,-0.5631650120692386,-1.8340106979603745,-1.386348470443648,1
0.9859656204720966,-1.5115603439598928,-0.9184268544618979,1.2942089064472762,-0.7117298592170811,-0.5337952504830952,1
0.5985315961888587,-0.1912038868662589,1.3708476086422197,1.2827846430671173,0.2389786453346998,-0.5065873558726732,0
1.3968936419767117,1.7355000701116197,-0.7466083296594275,-0.09059840751039472,1.4317396559893152,-1.3943582242556598,0
0.6304515692013735,-0.735375580092998,1.155729887104029,-0.5967235626599376,0.6677097898347228,1.193814020204762,0
0.2732344133418865,0.028939234753569743,1.567488579242939,-0.5497608137636218,-0.2584147064009943,0.828913313341693,0
-1.62530092868763,-1.8337085637984316,-0.2647303216938819,1.2228581026728715,1.8124804575765512,-1.238472854811861,1
-0.5291367877622659,-1.4066271961516446,1.639772575417568,-0.687282068809552,0.8769808023033274,-0.5331123656248038,0
-0.9391905292730982,1.9465204918353876,-0.4907277841472286,-1.163762505172616,1.7206608114502,-1.5767799005739431,0
-1.0240414264836657,1.8604747857441821,1.8563136659604327,-1.6612466324987727,0.11035189308866267,0.5128263883721758,1
1.8920422190097823,-1.9802400762623615,-1.6428419018977083,-0.1332275164623664,-0.9643829008274416,-1.5145123018055213,1
-0.4276091013329584,1.8072471416929559,0.748077066012971,-0.07147160432063249,-1.788693254541112,1.9437366744996711,1
1.5681862207084531,0.5564797512620014,-0.024743838172285315,1.3636348416116286,0.904339405935402,1.1227282987514493,1
0.5245545039890516,1.4716731780800885,-0.44940477817741176,-1.115045214215744,-1.5147880079778635,-0.43904580166401974,0
1.1792452141665937,-0.1810405774645636,0.5308475149944036,-0.47603490532640036,-0.7888994869121313,0.3142557291174177,0
0.010548372420768448,0.06238411431700097,0.8154283665373248,1.2336229555747638,0.12988363153558957,1.645367264865635,0
0.30761553850543644,-0.04461367897231927,-1.9825469213987637,1.294494442995894,0.2576663511189907,0.21639712158330449,1
-0.0299292247245444,0.6674570301844174,-1.3321876450112051,-0.4615556960849272,0.4023327879485441,-1.3020060544081793,0
-1.219028048807822,-1.4413949809747484,0.8521842025372748,-0.16350390685327643,-1.3349786786011975,-0.4851865776753628,0
0.8898084610460213,-1.8801056405092882,0.6655416543128259,-0.7868564366028683,-0.481050380713405,1.3725794601189816,0
-0.8769105502365768,-0.7682802336352363,1.8641900205147088,1.7302195136772482,0.4687769084678668,0.5768520639584716,0
-1.9027361342741846,0.8187230509465868,1.044151161003132,-1.5254249370336788,1.879275458535139,0.6028975373352012,1
0.5818891836286713,-1.1925861915082066,1.8030908309253522,1.73499769200588,0.9105245507987547,1.4672859427539566,0
-1.2915572823718042,0.6937297332996692,0.8101620061392278,0.7354658073413729,1.6904150283758312,1.5758922298500186,1
1.7618343374116572,1.8796481844290818,-0.8077911654422274,0.12628861074692477,1.0488482332567082,1.6791702871177452,0
1.8157143080103495,-1.6243971368423265,-1.578540310996574,-1.8693637568620165,0.36686787556960176,-1.6206032269873756,1
1.659457560881794,0.6904084729005051,1.1272954533797424,-0.09761523271196682,-1.2319065234546218,0.1765040078524036,1
-0.5193651989782224,-0.2249991227817154,0.5765968859036636,-0.36900757998907086,0.6667426075700522,0.9620380848732744,0
-1.9381735338845303,1.4725690175100214,-1.807255950426815,-1.3551247520995098,0.49351826383962827,1.0277073805080552,0
1.7132742503509015,-1.2914008422104564,-0.5597981363960867,0.6256384140026277,0.4098766818290658,0.42686480788001546,1
-0.2872634067307427,0.7705038089046581,1.8271992619371447,1.8846036294731432,-0.04085652804703699,-1.3328506592653033,1
1.8666192761746783,1.3524611585924409,0.0016045828408048912,0.24875524425810047,0.11462641595710243,1.1896822157666573,1
1.8544799083570114,1.778456877896093,-0.26908345592118144,0.8590131057757833,-0.6622298915275837,0.8804453340597829,1
1.4120378218694403,0.7329921131585833,-0.1692015793628241,-1.7261981897359329,0.0772507705692127,-1.6554569138038548,1
-0.8222044317216572,-0.011300943966290777,-1.164469103979345,-0.32933201673202106,-1.209776377286087,-0.14476070130249497,0
-0.45960908559229896,0.4713889608048554,-0.5251713165408192,-1.5345660593420165,1.220697589441507,-1.3040904019127857,0
1.4045466860674276,1.475619937914873,-0.5207469760512935,0.4511833421460416,-1.2568921812051688,-0.6500918171481125,1
-0.7323119793748893,0.28243898655531874,-1.7905799192501104,1.7539286328566184,-1.6601348404421343,-1.9276756311772583,0
-1.32202901325563,-1.8784517612126526,1.070270514071673,0.647110929886554,-0.2550158945713705,-0.39868052635696705,0
0.22720504983340062,1.7237947820279111,-0.3339822723844841,-1.6927878067423139,0.6332297580242474,0.1995076846248418,0
1.7446190966431239,0.7581070041262445,1.2887195472656932,-0.5813351800596687,-0.24913270026583456,0.4783303713083473,1
0.784119186699892,0.706053543108986,1.4013920044795816,0.20265351776340612,-0.8929834721947656,0.6539613805148403,1
0.28024468035745986,-1.1372993904091313,-1.1520237812053677,-0.38716897546699114,0.23268473556176295,1.3451652524098399,1
-1.6112940249169259,0.6355418809306288,0.6294139286805143,1.3345760419006893,-0.6119906583512003,-1.1381483708970799,1
0.46002890679667896,-0.4245423773833661,-0.11087278334807316,1.2586840188399568,1.7314707605065323,-1.5180727102461282,1
1.960215400417053,0.6049319081659683,1.5206269516859403,0.44732408041288574,1.6905805584142883,1.4061486875917026,1
-1.4396639390539039,-1.5736278787680371,-1.1370372832941835,-0.506168219469179,0.009487279888381828,-1.3735487404294004,1
0.07331860945494695,0.6313812184121441,0.7112528012401769,-0.9786545049470234,-0.6884640239269659,1.8990403253447812,0
1.5094922877118218,1.9976549030826662,0.4310084890108903,-1.5765027271474827,0.9485296558265564,1.370152917594548,1
0.9630744710168178,-1.8071518445577759,-0.8187940897126689,-0.5804092660537838,-1.8531482260677334,0.0035064235583965875,1
0.7880629639810719,1.9086967368852692,-1.4535963853953096,-0.3473099311691219,-0.10092397582539503,1.9256856996881009,0
0.8099363359484371,-0.37236815710851756,0.6065590419091063,0.7032917004162944,-0.6547064229186659,-1.6104930835679832,1
-0.5620353951209793,1.4830138013490366,0.9543898325293227,0.6326392971902939,1.6821435404102187,-0.7877369552995934,1
-0.8256326229420266,1.1295419362330938,-0.7374906249466,-1.7195674414349722,-1.9519878909092698,0.5528976601624458,1
1.2374446219140545,0.2680650439466712,0.5793304160892552,-0.4189627382753689,0.21125950287339634,-0.599972526107285,0
1.240453578716723,0.953796837005306,-0.4194763695539869,-1.2728845311305523,0.962654324266504,1.7134902079231673,0
1.4682892743204148,1.5140622452053916,0.8528275331304709,-1.3727491787327772,-0.059928049903835046,-1.7374956472887297,1
1.6529622102258852,-0.3834387133958681,-1.2031389004237876,1.3092085989489837,-1.6583878793491134,0.19764732824385822,1
0.04536959544375119,-0.6918673537470452,1.5608600105446975,-1.8323391331349699,1.8898455601116089,0.363465069580458,1
0.0060651787487984166,0.6703735422543389,-0.8503616141376811,-0.32326849639151467,0.0720417255043917,0.6109124951088964,0
1.1931807158671006,1.2313837677650343,-0.5288560489753884,-1.3271853769339272,0.45674497727604546,-0.9773351066727423,0
0.5998557231110606,1.049140539106463,-1.7676321916786009,1.517320862713896,-1.0535608691699707,-0.5417342899205422,0
0.8078675090308134,1.191254595434538,-1.5539511507148944,0.22816205310014048,-0.06600765957278476,1.3747221186599106,0
1.1831706777444042,-0.257666740748268,0.0634476108493125,-1.074477454492608,-0.28340203216671256,-1.2202289241193607,1
1.5600213672702652,1.2713368647000864,-0.929629293088114,0.009709148665505651,-1.700416631992065,1.3074713886934481,0
-0.6480193725938568,-1.5191637785175662,1.3419209029687775,0.9259454388124633,-1.575358585810131,0.2506216916109696,1
-0.49766818944022395,0.17795639184339818,-1.9412264453801846,1.832472035677735,1.3498900784750982,1.0487500447763285,0
-1.624072240636524,-1.9769653580075137,-0.48362380531225524,-1.1182159830183243,-1.040720191173639,0.8544294650538862,0
0.3131205639846959,-0.7016566803989188,-0.6506178129236293,1.5447270885173805,-1.2201669140054778,-1.169954018460484,1
-1.8562309048130317,-0.5341538605144085,-1.9226894763295959,1.737216456669961,0.019645805000557015,0.27525094573549147,0
-0.13760792747015937,-0.41530923356297844,-1.5025264039979591,1.665682178128265,1.0749885254500517,1.4708926112203695,1
0.1705785388303065,0.7818688267594487,-0.34542930032545893,0.5416574274476393,-1.7522139256840483,-0.2715350527922826,1
-0.8538349914868624,-0.44576759491861706,-0.02854166221021348,0.5192826177388308,0.30723167855302336,1.866363080893267,1
0.363333042276043,-0.2052255095098774,-0.3828410109805236,-0.3871574672647089,-1.5231582286377066,-0.19113959959312776,0
-1.8779990002438023,-1.0498234765026901,0.12375071364837531,1.0095915292151516,-1.8541557966975262,-1.4288574533284613,1
-1.8506072450031423,-0.5069928334826397,0.3805266996227261,0.12517607340372772,-1.7890241913511304,-0.44226127968930706,1
1.290402242638633,-1.090921490947394,-1.9603047154886575,0.7097522849131779,1.3366564328337653,1.8068096255621486,1
-0.5592374343549484,-1.7072163049262254,-0.14361936218598448,-0.2861683846048182,-1.5281100654877537,-0.7211166026405831,0
-1.4917579493924609,0.4137943735255116,1.8539969635503533,0.9259858561725562,-1.8193945423508322,1.4723926394682514,1
0.08897304021921748,0.672851194220065,0.07612912051819487,1.2978860704181963,-0.24840045142835088,1.5250027267275592,0
1.0799742123944434,0.477961384038458,0.7101690698358127,-1.4142549735887355,1.3759738877680991,-0.5992539026721557,1
-1.1367158900126273,-0.1460238247977106,-0.7525445683324672,1.331718862296912,-0.9503664940427923,-1.6669693677974715,1
0.491561903276001,-0.48085687928308074,1.0959655126110501,0.16118612716122893,-0.3131495298963345,0.898231636635273,0
-1.658610140024928,1.453334598287301,1.0916859275044604,1.3786636363608973,-1.840309869744995,-0.7539508039440559,1
-1.7932731153255692,0.07632714054487222,0.0851841906165558,-0.27479317463594155,-0.2036859434604965,1.1316944570302896,0
0.12541852627259198,-0.08327248948107613,1.9040552931168544,-0.4838380584678599,0.3104523225485347,-0.22938060695826756,0
0.16254048644042607,-1.8974317367742572,-1.4977991409493865,1.6602429300688897,0.28362821500857915,-0.058933030629513716,1
0.5497196059928262,-0.6350086894953746,-1.932209340441676,-0.9953229298063948,-0.6702932313025394,1.1116376269941473,1
0.9043653348906462,-0.47921752485657176,1.080632847028384,1.3768493011445724,-0.7378672773474579,-0.4705466757534884,1
1.9034083178501384,-0.40470887641239806,1.2286221494595302,-0.06391770996238355,-1.5735055242536085,-0.22749061870834186,1
0.06520139320478124,0.32068947690932914,-1.519171083517695,0.05638177020503887,-0.5328067174149265,-0.4952381249215114,0
-0.7081741082350161,0.13441018690751383,-0.9376686681655757,-0.7661268740420639,-1.6020213245081414,-0.5306379388908802,0
1.1807447790748147,0.4316203711737785,-1.9297905465334844,0.2921688024760627,1.0663837788482065,0.10378630760583762,1
-0.9166709949517031,1.059533046168513,-0.8267655568777412,-0.6991552148951548,1.8650971909927434,1.2351977780046028,0
-0.24411431717745558,1.251942954864374,1.092567495674686,-1.8429223430333908,1.8802978266668275,-0.5529267523097365,1
-1.6861744746309362,0.8724923049059776,0.07184211085031578,-0.9120055786225758,1.4602843975015753,0.09701888215094678,0
-1.89859702633817,1.8220947838197388,-0.6076176273268477,-1.9744838263736373,0.40316859735847643,0.6829093017704033,0
1.8505936587117002,-1.9270696692945535,-0.5130428203746789,1.9134191482274265,0.8034627889755197,-0.9222422147853799,1
1.3439204820488233,-1.2168880572658156,-1.9945854971381274,1.86298883927899,-0.8591767892783437,-0.8899087803904298,1
0.7838968243747919,-1.9697485000874315,-0.8007978897390564,-0.4193788101107798,0.5230816806904826,1.7336525080938192,1
-0.3641882223429205,0.589898856618412,0.585834966551722,0.913483417358584,-0.17740180224049018,0.8941382933243545,1
-1.306822719716617,1.5921221957999476,1.8967777752654285,-0.6167756063583001,-0.07193064089226997,0.3087467048932355,1
-1.3742518293156558,-1.026070813694803,1.388243307935598,0.6843726283439042,1.0311062415006318,0.5908802176824479,0
-0.9990284073416187,1.7081381791852266,-1.9056201414178835,1.2217201721839164,-0.8723265776109934,-1.8828022275863265,0
0.19690665882448188,-1.7589304388417566,1.5942424186993573,1.787024978768963,-0.7278415532219205,0.47241186224678744,0
0.8583836908002493,1.7377441072220572,1.1327936531945038,-0.399150896601312,1.6985671645145466,0.03803549289680763,1
0.6407895068709251,-0.5935092510414623,1.1215044942839216,1.1331919318241908,-1.775102820596111,0.18299871911774268,1
-0.8802644122162286,-1.594316686203134,-0.16801696398571409,-0.9362861974715249,-0.05746280634663847,-0.5623046926767317,0
1.8194611226527764,-0.05651296325469746,-0.4079788281819887,1.9613292151745934,1.6512032016314468,-1.6741044091482324,1
0.951587666783074,-0.9728937291179682,-0.7883370846672295,-1.8969216049425954,0.441452031272628,-1.2266430655517913,1
0.21741621004560274,-0.8605083921523087,-1.737220564182537,0.4141152260044838,0.18562829684852833,1.802978852850687,1
0.44688298493740897,-0.7708401402948537,-1.0870585460252036,0.6380239266053085,-1.0010232830825792,-0.36520175091626417,1
-0.32159975028884036,1.2121035913306537,-1.0135854600879015,0.7521822282965154,-0.6268980437422069,-0.13326737667654331,0
-1.0090760419953702,0.15664510670101794,-0.06369172115919364,-1.518449684843644,1.4081936632187717,-1.789160840586244,0
-0.5761092853949537,-0.7547692033759854,0.9897776263867759,1.7541191338925217,0.23687252707383255,-1.8497350818240776,0
1.0313844418574765,0.44133513324367346,-0.10476068640821357,-1.2752668837996688,0.0589687750271195,0.8687257881870307,0
-1.9424260454809765,0.8646026968927742,-1.7686222022113576,0.4910136129593643,-1.6016811458398843,0.15237865648444515,0
-1.535709437972335,-0.9095039970658649,1.8311592039528155,-1.1092956835076602,-1.9358873741795075,0.034823936865066685,0
-1.815989431912989,-0.34580359389859394,1.770897276376449,-0.7711343319149164,1.8547407547481964,-1.0275018783093253,0
-1.8370847907241195,-1.5124556266522098,1.1407581725936335,0.18583416691249743,-0.4920553308526334,0.9790029265196889,0
1.4218423360440289,-1.2754026018612787,1.9653116062568823,-0.3312263257416941,0.41285224839801726,-1.3270536835660325,0
0.8146314375200947,0.7244714158599312,0.1779293312010517,-1.3590975960939748,-1.68113970725086,-1.2402610253559199,1
-0.10330468365069922,-1.2742466092174922,1.8510734010128242,-1.3162543903166068,0.7324571428921862,-0.15715131460689813,0
-1.608663357395994,0.10065353466824067,-1.697579837532997,-0.3274208473488014,1.7302668348238437,-0.8548805515522364,1
-0.03353649953267057,0.8361850468897307,-0.5372770069545147,1.029131913102003,0.30266101198967865,-1.0101480750674146,0
-0.10611291687773727,-1.5724923076210247,-1.0984749279729367,1.5918585873911542,-1.4955387104983577,0.5809505782133266,1
-1.3071925203599393,0.2692488785156142,-1.2166676634629199,-1.6634893509624686,0.3268861098939069,0.603886980874178,1
-0.26459340304810786,-0.973748865194545,-1.4367882044292957,-0.4275843697623958,1.0653888524186095,1.298068279199717,1
-0.40598106241050624,1.8517075009503192,0.4896545662639866,-1.5990177451084935,-0.37433385370392536,-0.3291657321080965,1
0.46340039220886586,-0.0658174131203011,1.1252874229892202,-1.9336300774696085,1.5193509917658714,-1.707659635895399,1
0.5403746034705752,1.2239701991006324,0.3131935976814426,0.6468747305758265,0.5947318134294579,-0.9053344603141693,1
-1.818783960911822,0.20090616862504707,-1.4121491616471613,0.40979776786635114,1.59699567315681,1.9200218527872677,1
-0.5015495414941151,-1.8263498685807233,1.2444950797338836,-1.3479235447404552,0.49402124498934885,0.38503430093080837,0
0.5034396628569455,0.5326055023760894,0.5438188286549139,-1.0647486676277436,-1.474848111980703,0.8389483392040811,1
0.012545034320350812,1.805613368826628,-0.4473371754920179,-1.9051689854219265,-0.7612331555792435,-1.9705686814983419,0
1.425959364753289,0.40644728058532476,0.6965211821442518,1.339788822777615,-1.1928202069901723,0.07282292873008345,1
0.63477452647578,1.2767554377071608,-0.9603800830286686,1.8987623841942058,1.6353059908674492,-1.8498853698727875,0
-1.3482622916742812,1.5368258533936312,-0.619231166023158,-1.4581618528212368,1.0416002691499306,0.2769208483657919,0
-1.7177250103982806,-1.08768091220427,1.6699433725279609,-1.0740991449388075,0.7055934756400242,1.6830833985443014,0
0.5696771128252625,-1.1518206403670934,-0.8379819773143184,1.4736380957877362,-0.7961347214735133,1.8736765220016314,1
-1.8939547578335127,0.4439239554039669,-0.12004692736825362,1.7058551918247393,-1.263820911799146,0.1622107015556966,0
0.3431023250938532,-0.35588612077318116,1.5605645495840585,-0.32149046877275866,1.0258043519556472,-0.16718077899113615,0
1.7609209656998304,1.3594452114668814,0.8308854010701099,-1.7975101109237035,-0.10336821648368133,1.780068376993976,1
0.3018967115035158,1.6000924935920446,-1.751187095341189,-1.8424326652287224,-1.0968417913974835,0.6944393279867804,0
-0.44732029517391236,-0.5863144827891276,-1.4107878228841186,0.29579946427604176,0.46648791266110035,-1.7404028818463622,1
0.5731528737694127,-1.0525177641020718,-1.9686336369123327,-0.4284195644272839,-1.838664591446192,-0.13709768933000976,1
-0.16698843803393348,1.1221020609754473,0.5236871609166536,-1.885390289689382,-0.695318983486986,-1.0390199261427844,1
0.18246715726373974,-0.9007758578074556,-0.2093062983583267,0.33300956925022707,-0.12577202163546142,-0.12078271420527376,1
1.7658592351061007,1.2904572740547136,-1.4629005963908979,-1.9547898536439101,-1.4081666635623766,-0.17813771197455308,0
-0.455589448796903,-0.3050469854049487,1.8317364842270818,1.1494878325970919,1.9386179103633583,0.32857921125896805,1
1.8447622552956568,0.6701995971658818,0.11863889578247955,-0.7742687091865137,-1.163610541641543,-0.5729180386029951,0
1.621402567824255,-1.6178587446613273,-1.0324268235484433,-1.8389679879630716,-1.4785874798269378,-1.3429182021762878,1
-1.2168354608428142,0.49543729870629205,0.002414284618830198,0.35340888393261327,-1.1858605044524144,0.014877738359825088,0
-1.7225547964993382,-0.19292928505108353,0.7184813309404312,-0.40926234226778124,1.076244532638897,1.3208115373830482,0
-1.5968879944902934,0.3464338527018964,-1.695043128105742,1.895201653428598,-0.2979773629126288,0.6560489122704092,0
-1.927112697393801,-1.3279431690205463,-0.9011847398084321,0.17679465001480876,0.26166375901015204,-0.6465285362991366,1
-1.6222281569762864,0.9474949797767285,1.2278619635359744,-0.8990432758519669,-1.915963372054557,1.742092091035429,1
0.7320270936654274,1.4511883101729142,-0.16134051838935504,0.8377554585358991,-1.8622747657067418,1.6488302849967287,1
-1.715245406159084,-1.1330407996368974,0.18630856812917962,-0.9140319898291547,-0.21669780069193534,-1.162606402463605,0
-0.7240974788249548,-1.617141777919353,-0.268735991162123,1.6169731656302604,1.266620972806494,-1.842329659518548,1
1.3795012438778183,-1.9054456558146544,-1.8244002294279795,-0.5011121179704943,1.540955514830261,0.9652348334030489,1
-1.9069122570566965,0.567886001773064,-1.3370008807193763,0.19947425110482087,-1.6531737296174391,1.310441045396613,1
1.2578739303557431,0.42837614435512306,-0.2178334450324364,-1.7977075847030846,0.15345240840409113,1.8714582638054211,1
-0.8725809009064003,0.18678965085628008,-1.1632581383682887,-0.2955150481910769,1.652918745117082,1.559345576353243,1
-1.527340689513375,-1.0722116155360983,-1.800083885361285,1.3294541586439799,-0.44810898240845454,0.4021390728256593,1
0.7869486614566026,-0.4363760163779413,1.374598656207295,1.2225952214533677,1.3182633257134744,0.12020935684952327,1
0.515771387119536,0.3779053407446922,1.9247701166564632,-1.102725764585895,-1.4652173824022552,-1.8886357949496548,1
1.5098880541082118,-0.01293256456332248,1.1725714959869578,-1.0956837159577493,1.7415779586711948,-1.0133742126208887,1
0.9402841752155431,1.9511420808595492,1.415139686818668,1.269221248852947,1.0056932701252106,-0.16154099306829428,1
1.2139237215393943,-1.4542409897730675,-1.0320914787318185,1.721593680677302,1.7653375711476067,0.5140156003342713,1
-0.8718617097147741,0.7805782161903752,1.842507902052799,-1.6185563149079858,0.7064689342100259,0.22900733327364264,1
-1.2902418248811087,-0.3827249275828315,-1.2122971821862865,-0.19976544229509896,-0.546384272002292,0.9705439587267621,1
1.0024590065634333,-0.28720154029754097,1.805719241447329,-0.6501828841430841,1.7527246900988898,-0.8809322764518366,1
1.227338957069056,0.8703910626327049,1.9792771758638041,1.4827538218297573,-0.8977328947632861,0.25981043060989295,1
1.9620205680026932,0.7697446052974786,0.846891222984195,-1.665900341279925,-0.6713099117530699,-1.6474310264368315,1
-0.3495292923542941,1.9650239748087532,1.9245749271672876,-1.1554962297678504,0.8032336720069613,-0.34533790566717215,1
-0.5119276568288673,-1.486422842183499,0.27815911826841466,1.0098733503459774,1.061265198101545,1.000643331818404,1
1.1056518429679874,-1.5835614024633347,-0.9618328672956387,-1.7948246040751377,1.7176139353966153,0.773603413716176,1
-0.6367858389879286,0.8973552685149646,-0.25201645733751654,-0.029858477142842954,-1.180790363775162,1.962570948688716,1
1.723029302414259,0.3135476680256364,0.37424374151514384,-0.23157186128111995,1.1919921408768959,-0.888435496048976,0
1.4336510073720472,-0.9033573337607765,-1.70767375189194,-0.6623952840450054,0.9541842135878538,-0.007242803304083445,1
-0.2840238904999266,-1.6823225240440536,0.4893730584689844,-0.42171073872430487,-1.7448217749856085,-0.6818783449040131,0
1.0034842711659895,-1.6573670016142779,1.9247113470491781,0.11976234772093175,-0.4511074351591722,-0.23758754376330105,0
1.0181714963387294,1.5767634986564731,-1.2395694008650895,-1.3545305664464675,-0.8689381717596056,1.4278005194775525,0
-1.5875045246562696,-1.2325307011250284,1.1703804651535332,0.2879835131343711,-0.7820383025838784,0.7368363007539465,0
1.6102116267182667,-0.706513751537917,1.6315951751184774,1.2217293171999453,1.9317875182188033,1.5297647653903268,1
0.02100948979142858,-1.093374391092048,1.7748063712808833,1.0406437191606361,0.5711096539197116,-1.1859555666724542,0
1.3058298644309665,-0.5800147766722508,1.8405424176217888,-1.3844003812249053,0.8707046311739983,1.493444471365752,0
-0.719801595877553,-1.7223046290156265,0.08583855488588776,-1.4030021210341044,1.9064705492600367,-1.7609509032864623,1
1.582092913984802,0.07623916363308147,1.9092316319660148,-0.9273025290203467,-0.49119287016944524,1.5543971217486097,0
-0.44319328506334754,-1.7295497456311404,1.0292408285377554,-0.5557010946358512,1.2073606738112237,-0.6837048821570884,0
-1.9566493940788066,1.2014260312894463,-1.3533142550521524,-0.3661776743660696,-0.26187614678201854,-0.7416494663437341,0
1.6215279056770546,-1.065151672358268,-0.09239957412812005,0.7187888673333811,1.478134687259919,0.04835430679465569,1
-1.6348532928554658,0.16004765841804236,0.8733247014880159,-1.7732782713366584,-1.2773698347547873,1.762760750892927,1
-0.7227454496383405,1.520316350245833,-1.0106387367236667,-1.8613091830957345,1.7907447082571184,-1.8088745412743785,1
1.8002478682032197,0.6035094761887767,0.5624607341955494,-0.4323577482243639,-1.1249131663564813,-0.5910760997170188,1
1.8024285877502244,0.1318311462053412,0.6664019161864769,0.7886547685519218,-0.6951179720762739,1.426287954733343,1
0.29375155249314444,-0.7026649875384976,-1.3492010247657364,-1.2262586281740697,1.024768936427122,-0.41578209025813306,1
0.5273488486791971,-0.6679923477672083,0.26034124981102513,0.5660179250250068,-0.4249794337383732,-1.203372409611732,1
-0.2062179120867209,0.6779478207927605,1.0865076439144308,-0.9606874482388021,0.4328455070657866,-0.3008232746743529,1
-0.8271569132077419,1.9765574448846701,-0.004417341856232326,1.5443444352540654,-0.221705995722286,-0.45778999403332277,0
-0.6853418185203362,0.6473567593975145,-1.9515875328955703,1.582759777066466,0.9694797483591273,1.6616648058668138,0
0.6900738243081537,0.2311336694800996,-1.9638461236828313,-0.810851182874694,-1.0866749905255566,1.0477375029723883,0
1.00949811775072,0.9226020409569844,-0.5718826241199513,-1.080024984147038,-1.766168051052492,0.0204622229760254,0
1.1663161749033941,-0.1391775508651274,1.704776273727128,-0.35478411173507496,-0.800282410107735,1.9534822668862843,0
1.1584725711782156,-1.7594306295968591,-1.085292881585565,-1.0378736592794051,-0.10276534052627895,-0.13888987489630678,1
-1.6351755878052385,0.24918726351163922,0.5374547554867486,0.6895353731668146,-1.3279197912292857,-1.767048676718899,1
-0.02231878118967412,1.8305011380215208,-1.1116965172267177,1.304258738193142,-0.5808108413744453,-0.9509027127400604,0
-1.7697649599334229,-1.2987882305693614,-0.7133200413618055,0.692368523644868,-0.4000679268257259,-0.2557180791227496,1
0.19811552929494214,0.760019563282663,1.392168358405936,1.2974017889973979,-1.7704326252469058,-1.3723895034155196,1
-0.23387799450649194,-1.196265245363774,0.9154457690797875,-0.4120313511701035,0.33322899273681816,1.790260505296172,0
1.550816731033199,0.14331073789232507,-1.6184028907471575,-1.3747321171645566,1.53737371188515,1.0673955912710924,1
-0.5963399497916853,-1.6132942014131215,-0.2851919160542655,0.9518037895903686,-1.3930283481877903,-0.9268511982889094,1
-1.5317319342895765,-0.19851625496725944,-1.8833209454189421,-0.5581019794337845,0.39123205360605606,0.36321813407166337,0
-1.4280332717886566,1.0246533155809843,-0.07643941358796402,0.68508330091653,0.658956819643385,0.8857966284382881,1
1.046042526869889,-0.6097139030440717,0.6497360468042723,-0.9174242320729373,-0.32266127832284663,1.765115715627192,0
0.47287225326504423,0.6596468979488721,-1.5259895056073938,-1.6750814607733093,0.8043903494570799,1.5265413967016426,0
-1.595509295508839,1.1817998431589167,-0.8444602443633373,1.9703271819510535,-0.35707382603595184,0.060768904552854774,0
-1.6635727755400103,1.7087112779178106,-0.4086534979913723,-1.3751939682776029,0.018549151909739603,1.0986104791720703,0
0.80387652583648,-1.0614316725781858,1.678124098624199,1.9536839758539242,-1.970587821782292,0.24857901531034,0
-1.708947974543226,-0.40273633676276743,1.973020061691856,1.9091197302657892,0.7668804565387553,0.2108155601821604,0
1.2874402371614249,-1.3903359466783303,-1.8203548040175366,1.1752724156321586,0.6453707157788977,-1.5410321666472324,1
0.8249689086259848,1.9699340086335009,1.0440316939815681,0.6376918483279903,-1.8463964906946218,-1.4954493679353917,1
-1.674604877432401,1.7080038716971813,-0.5131037343906271,0.3112282010043388,-0.5269995704194677,0.11813446008982975,0
-1.6606491436592323,0.15982852112223833,-0.43016725508207987,1.4644061815113387,1.9161273631666695,-0.9245538200839736,1
1.9465583140047018,1.368133177505685,1.0170598933880908,-0.8422419135220482,-0.3170537497255328,-1.9158523901581255,1
-0.5029168169755187,0.08383190908816873,1.6737057285816346,-0.12927515006049184,0.0077816205273668615,0.8913568156008491,0
-0.5174314117324363,0.49434275201103883,1.8037143780101936,0.4775598774660077,1.6397206326388742,-1.8700536132393402,1
1.2511982690300103,-1.6435022715359335,0.30849034415328314,-0.35523809652203564,0.8690475034630256,0.3811073644162182,0
1.7889943095354348,1.0210816819872317,-0.5715153627979888,-0.2900541836389281,0.32828052449689427,0.15677517650925754,0
1.9440042552914836,-1.4891460654590607,1.150196343435117,-0.6788613299916624,1.19121872536429,1.8752587623112178,0
1.0135127410357665,1.3042705210101135,-0.995994466950799,0.25692726673814414,1.457465065823893,-0.06314744260943339,1
-0.49496165787633695,1.1281123506815436,0.25629611533407104,1.402298112060464,-0.17244771305093254,-1.7455942544888106,0
-1.665997133205325,0.8349787909719057,-0.5656861539005074,-1.1938864879747486,-0.09956654027265843,0.2067518712258467,0
1.1085876637097472,-1.8553584779009515,0.6265242948315044,1.7377321550137657,-0.45579625739265683,1.3643846824644057,0
0.2336169989432202,-0.7874865762186856,-1.0384043484259724,0.7563506149929187,1.8668245600738422,1.9873971371257597,1
-0.30311196301209486,-0.9475497203566285,-1.233628217060697,1.2930928507201207,0.7886650171614016,-0.27862730524371004,1
1.625417540378944,-0.5594543701139236,1.6729563467017483,0.22476277052004656,-1.6671077351677108,-0.71880503001303,1
-1.5552100707753946,-1.6494290129446458,-1.5927852682018524,1.118066805696254,1.4518384932520738,1.6266131878079957,1
-0.0294995828365634,1.7478312921242511,0.023831630939726622,-1.9351984106421312,-0.0777602366549277,-1.2350314836955145,0
-1.9545854209303237,0.21520896284950508,-1.1165888681479643,1.2735216991181408,-1.7249843743100501,0.4617156601317065,1
-0.12535743202349492,-0.7779027573679058,-1.8442801466973302,-1.839444563658534,0.1988690206532442,-0.3771423032762091,1
-1.7747868972726506,-0.4120739317028663,-1.8559247268342944,1.55965350545145,-0.3313428840971917,-1.8356705401777789,0
-1.5247283349277123,-0.21118983798065738,-1.2991129115766906,1.9678509889545732,1.5109976194504995,-0.610846102777209,1
-1.5298950128915805,0.4023773334424692,1.467081418024001,-0.8237301512928887,-1.1840215855624505,-0.9390859099893016,0
0.5968412084642543,0.06271771078599109,-0.8700850240918934,-1.1587257748568254,1.3058584379687317,0.7443646157739474,1
0.9841795170616932,1.6775678928576694,1.8018366823011829,1.0614534554321629,0.2307547647418109,1.7951619907676726,1
0.3334750603886385,-0.012146068376678976,0.3264891719567742,-0.9878946363189871,-1.7815587871461238,-0.927811250485449,1
1.8486901938981677,1.9686320592932507,-0.25354324092493563,1.4622495326888139,1.8873812053019385,1.245863756606727,1
-0.5005176819051838,1.405699830980383,0.3203553386778184,-1.5886296313700932,0.050460976412799674,-1.778560732246362,0
-0.8571516548725571,-1.1659579425706568,0.06679354090507106,-1.496179214482567,-0.83649258307367,0.15248404015925265,0
1.4743965127578411,1.722380858575665,1.0351050150293006,1.9166062204024623,-0.12237263204296767,-1.7177997451604217,1
-1.1056166459221894,-1.5345344084580956,-0.870015736108591,0.6953555930800186,1.431431134069956,1.7361319645225572,1
1.8528901577624453,1.2697988339647663,-0.5877984335987905,1.3875488977158112,-0.780387502459746,1.0654051222295609,0
-1.9513821012407346,-0.47750682609367967,1.576377210133003,-0.702682490593928,-1.2292944140531987,0.6317996448183694,0
1.8795153068305561,1.511897281780278,1.7858260526016219,0.7059349980824177,-1.4837150122764742,1.295585526498657,1
-1.8273603521976955,1.4722267604298014,1.570232909945898,0.3769673092343888,-0.808562406439155,0.5900791822806526,1
1.5645724547922844,1.2237016004704846,-0.3222080241707457,0.412600480491788,1.1201923481601739,1.8757775886971646,1
0.11080443634519943,1.1601217452282455,1.1214620120275267,0.7301298381508863,-0.11349453921895325,0.855831791459086,1
1.9718591844772013,-0.7812834436078369,-0.09465706679560482,0.30143669251639427,-1.09007358522584,1.698634438328987,1
-1.7048137410584046,-1.6763228677949913,-0.009840591415591238,-0.2837505227893362,-1.3352600015610032,0.06852756804255211,0
0.21541713760528314,-0.3880792849393542,-1.1812795637708642,-0.8963092224778126,-0.6690820939584836,-1.5317423480725494,0
1.8772101424763958,-1.3059019400539653,0.3645212130340658,1.074325323652808,1.7596974915428354,0.11271088569206844,1
0.09239137668059527,0.7798043556098468,-1.2554564089866083,-1.0949102799872552,-0.6278931496399025,-1.4925086877476268,0
0.5175945525410501,-0.6156010938488579,-0.6737412037312249,0.7694172246176567,1.9524963038185414,0.3699739167056202,1
0.7829947559384687,1.9024408034396596,1.4201208064797406,-1.0666687094026934,-0.05907817693857531,-0.07002775788934823,1
-0.18183574092890709,0.5638883093813281,-1.1716967631565791,0.5013206798178156,-1.2833443268393965,0.49030159133112683,0
0.5102323203362538,1.2899222545374438,-1.7153668593062688,0.9883130685161157,1.5645603671740376,-1.9598120757806736,0
0.33725724769240095,-1.4699013090326063,-1.7239696295487348,-1.1251444443738432,-0.15857850746069246,-1.2206380333785436,1
1.604632041963956,1.4480579290904902,1.7631380820124316,-1.7602267965547669,0.8386853740180977,-0.03467827235147647,1
-1.8182144786341685,1.6910287620535773,0.027681751847338454,-1.4761050280233037,1.934846332836607,1.8020142463565394,1
-0.8761472416310787,-0.05175232472425639,-0.3623517127319267,0.4239878690841019,-1.799298598720104,-0.46556383857936634,1
1.801645936306235,0.42501175100390975,1.2435143240316737,1.3977856249029421,-1.6132217608497315,-0.30251189578546134,1
1.5610551355636653,1.0592392036119818,1.343303711642064,-1.8200127150583025,0.8818269658510247,0.8587843560264887,1
-0.17737298885714825,-1.3006454909583498,-0.6712358675375816,0.936605036166585,-0.872699986818112,0.4151710291444721,1
0.48053039120614693,0.010264305853769695,0.7744722298951809,-0.6347254161997915,-1.2627944121996038,-0.8042953996066671,0
-0.8904752680754693,-0.4053478889107476,1.0844912634075463,-0.08588652032190991,-1.842552480721082,-0.3567344177302889,1
-1.2475153611049548,-1.4145040313510036,0.618602747463818,1.7154381993822625,-1.9126131520551928,-1.1292008045710702,0
-0.14520638024007138,-0.5298623108338743,-1.3936197007996025,-0.6721139810566181,1.0979424124791635,1.8640858365208341,1
-0.5865910878957887,-1.7273107624580257,1.503532334068228,-0.1386522642420558,-1.4622662905218,-1.477462473770561,0
0.3346244474034883,-1.896752372202052,0.1563782109440348,-1.9452703409572756,-0.12911753611539645,-0.5126528617343222,0
-1.6890614521400606,-1.459334843380709,-0.8701102945199852,-1.6736051199806465,0.42358726071793207,-1.8966441111199552,1
1.897579230664666,1.8524604463566954,-0.29908725824922433,-0.9656336354608639,-0.286592797724615,-1.1128820322658144,0
1.9448429779184115,0.19811814358006785,-1.8497156384043705,-1.8885910367157024,-1.8915733906550676,1.1218845535206197,1
0.7926468560789806,1.8632886446128798,-1.4885327951103298,0.5255013041930039,1.1340060103516354,-1.1952990708444822,0
0.14438546537648156,-0.2700084866794721,1.0621870020634434,-0.2944065727935099,-1.957947101833386,-1.6797463898841376,1
-0.761889534854689,-0.7527354676589617,-1.9999534609785354,0.19258081091208812,1.047559577509936,-0.10218728062190685,1
1.2551800788277947,0.024567451360976378,-0.3337366860708313,-1.3014112564146818,1.5732179751524908,-1.960123061061926,1
0.7389246902155171,-0.2419532454683595,0.09004072434235377,-0.8162718822535355,-0.26864031577131087,-1.6609353822946673,0
-1.3495322426204348,-1.5773412629530243,-1.7814623199961108,0.6552978994109004,0.14216989239119293,1.2305034782519004,1
1.6437087379753699,0.5633052587608249,1.8923126518893314,1.8612108945215993,-0.09206642952938493,1.0858933794384256,1
1.290148971692676,-1.1358472699616016,-1.0954986750013123,-1.7983329055911632,-0.4431655255062448,1.660555281619584,1
1.7991996531676961,0.47835181959131834,-0.7832051214548765,1.5615372834210643,1.549698141481441,1.418061743642998,1
0.9028780335534399,0.6008043695926135,-0.7842299509798907,0.30752480524483383,1.575734042679962,0.7327022529592724,1
0.45366078374315943,-1.3919005874854076,-1.0783333515306004,0.25567826702249485,-0.6567345414338619,-1.7906685707973486,1
-0.3270278548375245,-1.7546014915573274,-1.9941047116547543,0.0011141408310413325,0.46027901605879196,1.13139447194663,1
1.730913933416053,1.1230463442737593,0.9173791763519854,-1.7224236563832664,1.7076302485834565,1.3820432433622418,1
1.4642555580016334,-0.1607983049227193,1.8673819991971414,-1.6404925930553573,1.8482339957654061,1.1963285830878179,1
-1.8191253195752424,-1.7673448179780968,-1.1028260668598198,0.40364802263634436,0.03583616168819015,0.03391614123210429,1
-1.894532102010992,1.9794652686790686,0.6521887672136897,-0.6361657142577668,-0.18870077886269288,-1.0683926454020733,0
-0.4941465324878016,-1.7688777560145335,0.9675853078348604,1.6690722663107227,-0.8852227362858969,1.3813199027549068,0
1.2422133231273316,0.7801409154342127,1.393701516362099,-0.37363785056211096,1.83548749276164,0.9086512389605539,1
1.9491045172597778,1.9347157010536544,-0.3094832119455635,-1.4268741651894357,-1.4287427821085306,1.9230446975554063,1
-1.3983324355858873,-1.0432795831362975,-0.788276377438283,0.8588753340081441,0.3193183041909,-1.3772296089762683,1
0.3765228614085405,-1.4310025252512153,-0.6988194639078755,-0.8265863142359606,-0.8697989299254445,-1.0973416677917798,0
-0.47643657347591395,-1.5144602423102844,0.8504853323940513,0.1018812294235727,-0.8839668386088135,-1.1528074004739892,0
1.8796575912584128,-0.7868994097296178,1.2671178660225442,0.7913311420206801,-0.38012565049524616,1.1701590704853468,1
1.3684756925428347,-1.5958167559574132,-1.2735441289735894,1.6010564448082816,1.9951717432626181,-1.2523708141995273,1
1.3533148188445514,0.7686453667765276,-0.5162359673689392,1.1687647792067044,-1.7801347726407117,-1.7333606807067756,1
-0.12522736082011887,-1.7508328074797492,1.6077607869966002,0.7054442714908964,0.3141672728141258,1.9942432263425145,0
-0.3407219906493393,0.03768851259915884,1.226774078778957,0.7185327295805743,-1.6697113678588913,-1.9007311542194034,1
-0.9063717122771751,1.9867874154119072,1.9394336110499033,1.7836985761283461,-1.3819166800379241,1.3409762406354626,1
-1.7744980133962915,1.2558810780240752,1.016993038728323,-0.8167036100138558,-0.2417482329084053,-0.5385326337973888,0
1.4588895050202129,0.46087775292404354,-0.4272191958883109,-1.9955516232152504,0.041840525385765215,1.366461839031261,1
1.2516040365203103,-0.7749855168535533,0.36255133597855105,-0.9121817624072053,-0.964830366541904,0.21848196484457993,0
1.9988706931445224,0.4955833451665539,0.6440570169892812,-1.128434481493024,-0.7341714765023353,1.6065249179454404,1
1.9865473482956215,0.10816585564660652,-1.6861767347315042,0.6473383404559927,-1.6521319189762678,1.7047719456585066,1
0.22172682241050978,-0.2956664644385141,0.17798783641546034,0.5348463990621162,-0.7871208646229979,-1.963607274876896,0
1.075949660722042,-1.477158493039202,0.8372833138904383,0.37384553081889527,1.8662337575221764,-1.698351296028847,1
1.779062919529712,1.546416860961867,-1.3307147839957585,-1.9350262271621852,1.7788295266899268,-0.9985650817165781,0
1.3985895627096459,-0.20086140471470992,1.1225268697022286,0.9151122178025899,-0.66048683945206,0.6772616654540067,1
-1.0106075930272094,-1.2215099527169397,0.33509112205644653,-0.7058783500580339,0.2834157451150463,1.553088786046024,0
-0.19782345875962593,-0.5289625964908415,1.8088871427903785,0.6602239560265244,1.6383815644437774,-0.16023219482414897,1
-1.48336233939402,-0.3434809898842919,-1.8303108071724332,0.22631371400861333,-1.9752647094364133,0.4278924650970617,1
1.8162041090348895,1.3101515822674972,-0.9386954497781321,-0.6290762982883713,1.2427342813503675,-1.2460005888177554,0
0.4246985378035202,0.9344575222456082,0.40621551719929627,-1.461694931583569,1.793478211155676,1.2198673355267413,1
-1.0854287779861491,1.0772195745653592,-0.8137603511762772,-1.6223244093580762,-1.6346970626657717,1.869312445413879,1
0.6868027376234269,-1.9558749422854111,0.8576966562849688,1.3260733324488942,-1.3542092558683159,-0.9256042683416101,0
0.4725129618315833,-0.33538400728095397,1.036021130087724,1.673590168326232,1.8429852110854217,-0.020696193597814716,1
-0.567349127868638,-0.0746233934587055,-1.5899361437341022,0.5991521870571983,0.1501605745613852,-1.6555355579745048,0
-1.545769631201484,-1.9232308927077733,0.0554178568270709,-1.5862635405580665,-1.9432134621131052,0.23654662585187358,1
0.6862927823711984,-0.9607471650198631,0.03556222236422357,-0.3918911324470371,-0.9694720049458834,0.011133767386722226,0
0.08123080361517321,1.04115929248854,-0.5228769191378357,0.9157568004206289,-0.20022530292456153,-1.4222540633796896,0
1.0892735669425573,-1.4515611770840038,1.7316994502786884,1.1192835360402724,0.7716356440990708,-0.23173514752769986,0
0.08065400444797355,0.1412405258103666,1.3100252794928848,-1.5271255108356456,0.9326415125471983,-0.663581391653747,1
1.4087260012741605,-1.13919251193105,0.7888375276385471,-1.9998771246184703,1.9816860517018244,0.08732350122075738,1
0.20762735509794217,-1.951516901424427,0.8573065429399902,0.84854818352242,-0.8499552024649639,0.34261734171519675,0
0.24375188614154508,-1.035194169601834,-0.15313542474752362,-0.5736152960551775,0.15288040747390097,-1.966017685571162,0
1.50661441063338,1.9034950196402152,1.6839780843863035,-0.982074673526959,0.13329419143842003,1.0440239317982214,1
-0.38606853515041184,1.2061484475319584,0.7783817090131415,-1.9484101208418982,-0.37741896221105,0.8520571674469632,1
-1.463939086197437,1.8383065772841336,0.9159242466232658,0.16119762704599871,-1.3233524246303192,-0.5348544551739112,1
-1.884869294746644,-0.048583824294550215,1.446763615149381,1.404602941703927,1.9098262527353702,-1.788256257724727,1
1.020549022694476,-1.561055205289986,-0.903713642631236,1.8305265850903516,1.4132687466663443,1.0197301591402015,1
0.48123820541385864,0.19183795589477182,1.228283615466812,0.2629798024531569,-0.0066678868230511945,1.8207006419125298,1
0.8163190723968943,-0.1824906617601565,-1.2190375881740318,0.05784531095957668,0.41298169073611923,-1.0393936159119432,0
-1.148143353964357,1.3774283309584638,-0.6186321910204486,-1.6597744580430356,-1.0909557857613508,-0.7059015450518484,0
-1.454514097652921,-1.6076696768630216,-0.6575581829206292,0.19549120617039906,0.17514828156698758,-1.2647484420727402,1
-1.9418213373284723,-0.04703545191288727,1.9141018735565622,-0.4800836841384215,0.7798805324859033,0.3077444933793587,0
-0.5976497647736121,-1.399805341224063,1.4261488949917074,0.42854112353430773,0.06066811354635515,-1.3806344214101802,0
0.35967074741853233,-0.7012962924397601,0.8046794463610389,-0.4450946084938132,1.961140682339765,-0.5752242261544822,1
-0.4310238196010707,0.9494283095511986,0.9082270464615605,-1.038803506198533,0.44536662499090474,0.7880520557370518,1
-0.25010031190508375,-0.09592748252493388,0.2482911776102843,-1.620138899086494,-0.5161051496313238,0.24046393203739358,1
1.6166347779749937,-0.4964468594169227,1.7883626684340763,-0.7403262216444171,1.0886081104633525,-0.45414974268825903,0
-0.6069781319067986,-0.42209488571985876,-0.01496498847055383,-1.6134206628489909,-1.3181499536734318,-0.3190015927698324,1
0.05595795663924319,-0.16221292637605345,-0.4779291605204219,-1.2924121967040643,-0.4619367451749339,0.248443530492918,0
1.1346120509645723,1.1400661753482275,-1.347858652273636,1.9493446343181837,-0.6121641984896566,-1.9765410884513548,0
-0.41382887071491936,1.5683387557609376,1.144822609044232,-0.2235857723735255,-0.27277161956889096,-1.6859605261855606,1
0.48834680091149396,1.821338746015713,0.9377757283023658,0.1274870660200662,1.1271193037149052,1.5250322710520465,1
1.4494548349869807,1.1476135450211804,-0.46257984590346046,1.4944741149488614,-0.06330787134637017,-1.688484043634837,0
1.7980824946305685,-0.7383724170079491,-1.8992263441630826,1.9822756019627512,1.176057801063851,0.8272143848420206,1
-1.4117060762838483,0.7525388243461686,1.3559893108720429,0.3308577973787261,0.3059556125594636,1.6801526564362104,1
1.7063505006459776,-0.2495875037784323,-1.9543280661837055,1.2498952841766866,-0.6317222613697786,-0.9172655827930756,1
-0.03153482768184723,-0.9813175118157953,0.8147991185162038,-0.6922359026532989,1.2399149747338898,-0.518034251761943,0
-0.9670224468041666,1.3634863177036904,1.8810284389042282,-0.7770241702108356,-1.0468413177876337,0.27568562337886515,1
-0.16345697504695478,-1.8462946041507,-0.24935468740718614,-0.3891851160217592,-1.102468080800818,1.5268358785543388,1
1.9201303011419082,1.607047968541694,-1.060106380016189,0.6900290506945965,0.018011696219343065,1.7676223490416807,0
-0.029527624028521604,-0.15409014150106337,0.8194840401735268,0.7287667570203951,-0.9566030161516443,0.9582529924450722,1
-0.6849935588499672,0.5488059072331217,1.2685125680623406,-0.7390422614021968,-1.9636518601951347,-1.6535209565812239,1
0.5336034172669031,0.6374156888231308,0.18572126431138924,-1.4671603034534852,0.5931901091952061,0.6766166221394032,0
-1.0394175248872277,1.5804709628261455,1.8681411010245847,0.5295850258620343,0.04437528588959205,-0.35878511250935174,1
-1.6965466875653443,0.5466787286688293,-1.7933251133681556,-1.486696551244942,-0.21792874202735524,-0.11719600203575364,0
-1.484481112357403,0.45573433904024707,0.019182393218112548,0.3139700329173203,1.8678740584732614,-1.8034064386192918,1
-1.4878166441689102,-1.7333918377572402,0.8738157892902003,0.7736885122252359,0.28479673585165477,-1.2357514426145673,0
-1.3923892259508226,0.07363208778081631,1.4505618845967159,0.8024459855778066,1.453726311157538,1.162054430134591,1
-1.4446913094023595,-1.3993239967318334,-1.2829775523688398,1.013888442638387,-1.4421990551793593,-0.1841646678085609,1
0.5634989792128584,0.9497350748859423,1.2000139270547256,1.4914376862626582,0.27682585251771075,-0.7933510334754046,1
-1.2724796624034207,0.04888768325069792,0.21082830287418108,-0.00016403214084625972,1.4719185069236116,-0.46392370414016737,1
-0.6173308667045472,0.7209111168334132,-0.41378527204014715,0.9209967581182847,0.332423029119592,1.4175980533027208,0
1.5871536396240473,-1.833308397590463,-1.4731398856836257,0.4766909414633469,0.8720567125080061,0.9959960696198276,1
-0.10415343894851059,-1.6608319358167871,1.4611830356356497,-1.2534402408092697,-0.5118257287511705,-0.9107384112756689,0
0.6702309540841087,0.865293552250729,-1.3709071672811386,-1.8972414205223673,-1.6302019318517336,-1.5299926391505068,1
-1.3107205151934807,-1.7116626560053065,-0.760848563163603,-0.8618344572922649,-0.1683988194917143,-0.9920071134237132,0
-1.230843924765317,-1.7149730889389656,-0.8398178721502525,-0.22786517464952238,-0.4220824366445699,1.6830258042189348,1
-1.8365255349340845,-1.9515660990604502,1.4856561367634171,0.4684237777146252,1.4682407295157893,0.3263553513990214,0
-1.3242597477113418,1.8260055931979204,0.690811976835592,1.3998373220128215,-1.024018790590111,0.13392083497913143,1
-0.8856386438721655,0.9500334378360278,1.1867255887654893,-1.2150171331753374,1.8669369101404323,0.3855743987698461,1
-1.2919580628930127,-0.5869943659917434,-0.9981284048300041,-1.4978008404060916,1.8325524792179846,-0.535886937013939,1
-1.6451898649717775,-0.8138576748493791,0.49949639842799565,1.85391978989731,-1.0094734277142452,1.228428081278051,0
-1.5174565155975968,-0.6011870810166018,0.28698393257499477,-1.5678217624943716,-0.6077921780907181,0.09314499720099922,0
-0.1568849278690969,1.0986141247247274,1.3313215071530844,-0.08603571957124334,1.58222296349554,-1.5330083889248178,1
-1.17466512637683,0.6454824442816576,1.6243482419250421,0.3422549151732075,1.86648888358443,-1.4837395006837482,1
-0.5429205558076982,-1.2592177285301283,-1.9513729140904528,0.16549768362975303,-0.22624358865582384,0.14743658601047338,1
0.013669083419427519,-1.3035626586636626,0.6960796762351706,-1.6558713718682272,-0.7160118174364087,1.7462808722833567,1
0.7615793145174612,-1.6064174011464107,-1.792656803521084,-1.7718923439855225,0.10437605300616815,-0.766591513295205,1
-1.8427514406356043,0.6412108788053525,0.1954346603094237,-1.5780662901558573,0.7510768254629392,1.4781646754368731,0
1.1976415956361706,1.0574906488869438,-0.8494690838252872,0.34235073549045003,-0.9061019385000808,1.0563823463155173,1
0.511601557963631,-0.9398142866999839,-0.7728936019114352,0.17737955053728438,0.9458926984762912,-1.0087502283723726,1
-1.6729638722045124,-1.9162201558763488,-0.5881659861905737,-1.065036831853023,-1.7933705715414359,-1.8546370067350302,1
1.494314496427109,-1.6713133300942906,0.4851697961984405,0.5510965673823662,-1.8028220289423342,-1.592610939430469,1
1.6834896021272527,1.8714401393801219,-0.6638001373249232,1.2802700082225975,-0.4548491794178191,0.9139757353897608,0
-1.755688160580545,-0.818220890090319,0.9307962023611216,-1.833684160613625,-0.5861072317571177,-1.2013210478374132,0
-0.8924894074111851,1.0768925913525345,-0.38189045770452124,-0.007480225807830365,-0.7374671385313909,-0.5149163179784249,0
1.2248051191722453,0.4986542754170551,-1.7265871987601655,0.7572416484107611,-0.03592094932435996,0.006796664025699339,0
0.9930387615346334,-0.4722414413884164,1.135039369936429,-0.9907522917212517,-0.7170656707537151,0.9018726738006513,0
-1.2619159225744907,-1.1772509512177796,-0.856966701629176,-0.7689163788274036,-1.2309683261276323,-1.5470751069634985,1
-1.1626027066531588,-1.5144543273623743,-0.26893248160294947,0.45455161195753524,-0.7621218036455963,-0.37453437889015406,0
-0.5181115888344721,0.4600518721554665,0.7417755328876061,1.5917411737749476,1.8996170912409398,-0.05970836342921837,1
-0.06190805923591469,1.098535122551152,-0.6701753714051519,1.2396976812115974,-0.3555463320206056,0.16330825588615872,0
0.4730190861211838,0.5756170141645227,-1.7736573754131375,0.33252087639833405,-0.22114889256665693,1.2734425655808668,0
-0.5243454417209104,0.12120853299663326,-0.5043158119487456,0.9208868710289968,0.30617995980456003,-1.3132872198271324,1
-0.14986113546740842,-1.832195106273455,1.7777943307772137,-0.5407101191688053,1.9333630736569063,1.2313258073064892,0
0.9898837525350261,1.8739551103775351,0.5669375891942328,0.5638621123950309,-1.033594894256948,0.7715137107866088,1
-1.8532671884376084,1.1948567666182983,0.6859165946688277,-0.13527363548977211,0.7251284421297353,0.22348325679583736,1
-0.990252222623917,-0.828711853196141,0.5291286145505594,-1.2402554541697564,0.8639387741668965,0.7981114816102877,0
0.8533983435382098,1.9198813174354026,-1.2040314441622528,0.8069530955090287,0.4292976671722637,-0.35192904419337445,0
1.5808273507487973,0.4075263585452884,-0.3266645435908795,0.22585854939528804,-1.6456866414534237,-1.4464096561275017,1
0.0467097684626645,0.3296906328289859,1.003759193453273,-0.5655136721856344,0.7074891033103059,0.6630609610614693,0
0.12845394106126262,0.9922927177181284,-1.5945084097873634,1.645356760314523,-1.743621155855298,0.09868922674248903,0
-1.5713119546408958,1.2470791523605502,-0.888588895641151,-1.916263528693067,0.3845705981995877,0.557499202171102,0
-0.21035053270618143,0.6259144293260106,-0.8947235661365855,-0.736907395002016,0.9583247088869706,-0.6480048758860399,0
0.13046906582009266,-1.4876170145352,-0.271924289621976,-1.7724744088894138,-1.1561204375201983,1.6274663093593436,1
-1.0301179854610814,-0.6469299760220064,1.9214749637687403,1.0661092648865087,1.3664880301710962,0.34947947430230775,0
-0.9230270762024761,1.712334561304199,-1.7299898132647122,0.8084298164551704,-1.878584777867983,-1.6583900628365047,0
-0.4908633475815094,-1.1015375526245923,0.0748039775223801,-0.6745911250547318,1.3752514546332244,-0.20078403718228532,0
-1.9197152088890945,-0.5113319046499467,-1.2825412719511582,0.7026516088282921,-0.15868379742893968,1.0254242189745373,1
-0.7116833376672869,-0.271692468223216,1.8827061816389765,-0.41625109521620063,-1.129648240273422,1.1765382469290895,0
-1.1542079720138214,-0.24238004122219126,-1.5467859810901432,1.0250151656897373,-1.464887420024128,-0.02161178894496496,1
-0.6900105912883414,0.45175832997810206,-0.385595990553635,-0.1832653490531757,1.8132286703294902,1.5789902833252043,1
-1.5209514727229951,1.7723033509788304,0.9515399393384247,-0.3508810886733378,-1.7093376496753732,-0.9293262512228098,1
1.5621091229595798,-1.0372291526699802,0.8182177121097811,1.738919661953204,-1.2036263202562973,-0.35760521104693366,0
0.37436981421619464,-1.5139944947963277,-0.309085452424271,-0.9964836004371991,-0.6087106102678161,1.5943876422758803,0
0.7164092765779584,-1.2101180405602507,-0.6139033281891271,-1.5182106400137383,0.48093939584448187,1.5850268658863156,1
1.1566849544293532,1.547699600837078,-0.4095504857885177,0.3381724530378327,0.17920434110439354,0.7428510752987236,1
-0.006231204283770886,0.583243250620824,-0.9428949473654429,1.8772872491367156,-1.497426030350744,1.4359221884888806,0
-1.6523188476503052,-0.8563728430433595,-1.1786682451728008,-0.4886431450912534,-0.8410880650471415,-1.6449069321750693,1
0.1484261672741911,1.263787755874469,-0.06784120976444008,-1.751852945484874,-1.0449929156559037,1.4599799048311053,0
0.3473644720835165,1.4454799854537441,-0.9258649757295707,-0.6427789307617302,-1.1458285820386345,-0.717520373799093,0
0.98175789673732,1.3860573547611121,-0.8501533404109995,0.023726617278233775,-0.3554226540800518,-1.2866739502871347,0
-0.27336181508128243,1.6757061345582178,0.6270242538982282,-1.3523079734711452,0.8161258103666276,-1.0425206546318146,1
-1.489678788817745,-0.9910359193065537,1.8741493267995688,0.6324088722259682,-1.1301882711310562,-0.3281259679444517,0
-0.8648963768051021,1.0201677149851132,0.41454880223750035,1.9909975560408024,-0.5332844811880744,-0.9952319815821311,0
-0.5476708144054596,-0.15784201090343997,-1.6920821317401349,-0.19304209607422473,-0.43633029263535095,-0.7177296559340038,0
0.5836689653264049,1.3679942115602461,-1.697665544583732,-0.5810857730791494,1.9058261177416407,-1.4600860557134316,0
0.28311321867564754,0.9139627086464528,1.8056928833822639,-0.39718333266213346,1.8186654275162755,-0.8152929377640059,1
-0.575613096408615,1.1057897859988985,-0.8108368387706655,-1.5394152864191954,1.2005503310083037,0.28913525816800467,0
1.9460609951719188,0.624647350724286,-1.6317320556700983,1.5330944057048952,-1.0333643167232593,-0.23258516763574422,0
0.4230992774275486,-1.2902849221211725,0.39617834860152623,-0.3406973779145921,-1.7278507436333213,-0.6131249550563553,0
-1.051092833056022,0.1801076755877533,0.4945951131610644,-0.45090235430063474,-0.732383449117501,0.9858085154284559,0
-1.592870109518385,1.9386789580980328,0.5940192804747526,0.6387610917218973,-0.9328218022646766,1.5740398855732716,1
-1.388563443262672,1.7495522659884757,-0.9303918885698348,-0.2318663162755059,0.023703200585575512,1.0271568916095881,0
-1.0161690864619675,-1.8273050568119533,-1.9395572631420999,0.5929338752313842,1.1109116402711723,-0.6719971915292833,1
-1.3572745069617773,-1.3407407370822515,1.8600614778178874,-1.75421483947685,1.433291755515432,0.9777686713502147,0
-1.253731903794777,-1.4730849061817524,-0.99642781723559,1.2548933748889097,1.379456341642034,-1.3920792701037952,1
-0.8596193252246116,0.903919639941182,0.70410515221019,1.7620158115176103,-0.561297755107729,-1.4787280476348363,0
-1.3065056188209807,1.2711413194277803,0.8265194795148383,0.5950615446375438,0.7489373738427316,-0.6174918518553643,1
1.5870616985057007,-1.1459545347573123,0.44002966831794277,1.818263715435243,-0.7486632099031199,1.230809476176228,0
-1.6790650173534312,0.02341077180731599,-0.7483704231454071,-1.3942707425201468,-1.7563778270592691,-1.0146070110307925,0
0.09804555828101869,1.3628121120448,-0.9156149849437369,-0.09033524207858523,0.8062610624117692,-1.7469863644052817,0
-0.35841269204135395,0.9312061790650024,0.39067313081081245,0.40722693578178903,-1.9606897897208486,-1.4731618591745796,1
1.9295144676344256,0.16894882196739314,1.464382534446766,0.32694658968474677,-0.36326965016604573,1.4349798741183206,1
-1.5518443913277906,0.36139076183509156,1.7869349156935823,-0.39415288364382706,-0.6824829227916971,0.5351331389891505,1
-0.40857760381703345,0.03344218766511986,-1.5763767823849695,-0.6476623625349545,0.7735101540754097,-0.9871953465200933,0
1.8778817331014754,-0.8098061947247177,-1.3806855496091206,-1.4927039097983248,1.0649818910415156,0.22118330131272534,1
1.462028503575921,0.26008797143606444,1.7789450351323186,-0.43303019775088725,-0.7836214561148647,0.11031848970140157,0
1.2682882837971197,0.7555412082003627,0.9461409133391703,-1.3493567395780595,1.246508057779414,0.621743913762645,1
-0.9683886918202407,1.4932916634432307,1.5319752993190923,0.9374627059688736,-0.824332957980265,-1.0672497823135347,1
-1.3164496504397367,0.5451654159169923,-1.1894694634586274,-1.16467625802164,-0.2146945600537551,1.4576119487775907,0
0.674572879697724,1.044486148172632,0.35034348443760743,-1.7657387788618646,0.9080741080565358,-0.7625257516799486,1
1.7175039565103432,-1.359713460181708,0.8045583776698946,0.20946455126893726,0.7716809168991543,0.7765266159049475,1
0.22705157205571913,-0.15377010232084043,0.7204475417878906,0.3809189308776064,1.9494738892488002,-1.9355014145111404,1
0.2864507578795994,-1.9626735206916268,-0.36739323653320755,1.487652245122022,-1.0993559031362725,-0.5093714804234111,1
-0.8800836253588633,-1.013284541913508,-1.938420433234766,0.30792644967072746,0.6492716541583294,-0.5931607281647668,1
1.0779717327677476,0.9058468604520193,0.3317042272170525,-0.6180765851062171,0.4387276331031096,0.17393771433205796,0
-1.2518250057699065,1.9672398053974538,-0.987593843281565,1.212047526105282,1.6603938179601196,-1.709054952891214,0
-0.7052830543830253,-1.6032876016511364,-0.19898301542843866,0.16111557274968424,-1.3745514334204998,1.1605254949044332,1
-0.2982542455343329,-0.394022736554847,1.8303240603352693,-1.682878861475233,1.0071926543477319,-1.1288767929297259,0
0.030441514737820086,1.200283874796638,-0.40385872943026113,0.2634022412529866,0.2730744650750734,0.7081512595280408,1
-1.030361070339679,-1.1838574614844046,1.3592064266577069,1.6320741816866495,-0.9013365208483783,1.2128484929763728,0
-1.5406527010431859,0.22033979720914498,-1.2458375770029955,-0.4147494980071178,-0.10226034341130363,0.2475078249660525,0
0.4424801697665304,0.9322851841186992,0.6898419921001153,-0.8146967924007997,-0.6648936117208089,0.963532826887942,1
-0.8454777870389769,0.46394180104071614,1.908027817755774,-1.4261221719279198,0.31725361115384354,0.6474412488600221,1
0.3249528856904491,-1.2479010615383355,-1.5924275965082528,-1.3942179122585707,1.5560024432586634,-0.5778808113919696,1
-1.3825491389031908,-0.5784617252570423,-1.966720231091232,-0.26891406263272444,0.27721993764880803,1.2354341561342612,1
-0.07543959258073007,1.1351671379415889,-0.2656688294695426,0.38271929664611815,0.5268896733063362,-0.8211945204578881,0
0.13035773020634345,0.2169060565280665,-1.6294980677945312,-1.677538379321593,0.0749913884588378,0.2848516710060687,1
-1.7927058527102924,-1.979081545828349,0.9935373987049254,1.7582743561006628,-1.7953379742180964,0.981590956566158,0
-0.6535828872243177,1.0439630401123754,1.6581946553942357,1.0205344697807837,-1.068565772495623,-0.4841763607499696,1
-1.462341292244103,-1.8587545802390437,-0.26391610916496466,0.3464956731346507,-0.03199308227166897,-0.7889295695302998,1
-1.746500118108929,0.9829351309249286,-0.9651534313782362,1.3137546837559633,-0.7590588650211809,-0.1626159593087091,0
1.959840929559781,-1.1900777593390504,-0.2623867239735609,-1.6792529727515468,-1.2729456089552231,1.2718539773966144,1
-0.7105846201011081,1.8322939204775208,0.893791271400004,-0.09264448906750244,0.016531367673753294,1.719687052582659,1
1.2394977834185394,-0.5282369947916621,-1.963783353678516,0.5203725074466536,-0.7087608262085987,0.1803336514395606,1
-0.9814373809449446,-0.6922735346476836,0.35781595793878873,1.314611624473157,-0.9675694273063411,0.6458648212946074,1
0.7260108888957171,-1.4044477986702213,0.45316673954951625,1.1338782401970708,-0.1440583302384768,1.6130944889556567,0
1.0409114395587462,-0.7775831380391405,0.550752987583742,-0.8917230011464015,-1.4668629676713074,-1.6058125943482304,0
0.3825549624313771,1.5066030473128023,-1.0319116800764911,1.7635206782368171,1.7109829323016292,-1.0716856885353399,0
-0.11369524579936652,1.9853373505089893,0.856210893512507,-1.5026166342765186,1.470808391676956,0.8356000250063298,1
-0.35263634341092587,-0.5267618779726067,-1.6344340546728944,1.5005344744846085,0.8304823429621413,1.2949778476491987,1
-0.6045269338280188,-0.20555747618182973,-1.2029186541327967,1.8837609984184742,-1.5751446896461752,1.4281161133223117,0
1.7181165769913034,0.8882837528109482,1.5098801866179277,-1.2913859071094977,1.103509017878772,-0.33957129258026963,1
1.3224776311509165,1.544783121860298,0.9548926029062654,0.8882642568151411,1.231829312436076,-1.6426403908325327,1
1.8601076426660503,0.3721773367471366,-1.945017783954619,-1.8388579248880061,1.0710584708573507,-0.24887409080152034,0
-1.502811106057821,-0.43389720728868264,-1.0064949585207992,-0.3783086994433802,-1.5441364515230354,-1.0770616391717849,1
0.923469900814577,-0.349512636605505,-1.1423740680273418,0.06513319679069607,0.5756318282710589,-0.8352141800135033,0
1.7533618272841514,0.7824725859872275,-0.9167746878521097,0.3225809036385363,1.3372991829975942,1.0890702273500232,1
-1.2750677353373594,-1.9871269455828853,-1.0097609188804544,1.743748992994238,0.30941360487867087,-1.6978916558964525,1
-1.73401493053289,0.47835734983936273,-1.749894817028617,0.6890027491767787,0.585629500912356,1.3103248699228085,0
0.9644825971602362,-0.5780279582345704,-0.16423793361271866,-0.074888195123052,-0.1665460822947753,-0.2893236567033237,0
0.2978924527196476,1.176789325108337,0.9309338991446605,1.2387001450635573,0.11482927953621047,0.3842557244023803,1
1.3673151070330882,-1.6280374407074714,0.42692689886974566,1.8021312838176358,-1.8624925665930991,-1.641391075057284,1
-1.440910493494842,0.352809067793562,0.6914866743923191,-1.9117354052708366,0.5558520878931383,-0.6505636865708815,1
1.1810692474395608,-0.07610844045550502,-1.6754032858550434,1.9300850890241548,-1.6742111484353632,-1.6411963239406169,1
-1.1934907198090219,0.5693021036209096,1.8059628407071489,-1.6554714437452787,-0.2599416226391065,1.8461748915244383,1
-1.345376228537182,-1.7405856220681266,1.3539673353720993,1.2575471170750454,-0.8293796093303687,1.2290465973050018,0
-1.3429368082760282,0.3199351497125251,1.2203612739826508,-0.87866098979435,0.18171180084685234,-0.1614689825741591,0
1.2582988809255284,0.24593835183809487,1.29193522016707,-1.471281368984513,-1.4663346579071717,-1.1055898067053156,1
0.6607888827848005,0.24264037766468372,1.7308420325310454,-0.2405774411446604,0.7665736078932728,1.7338204209994088,0
0.0922616990764773,0.41395066638581923,0.17701586445479078,0.5758263177904541,1.1800461477138815,-0.6216136170921129,1
-0.56467806350599,0.7058717489054489,-1.1988719285294964,-0.47619261990609996,-1.346582201027374,-1.356062273250501,0
1.508802163252433,1.219955998723079,0.46713443141016464,-1.7817383668692042,-1.5827476505924714,0.25265755381581956,1
-0.43021957030945845,-0.9207171194871426,0.9715259746717559,0.39784455863486645,-1.4179380688505634,1.7750964813792645,0
1.2663977578863084,1.3001976407202482,0.9516695734161016,1.609613104442699,1.5085102475940069,-1.9846788379987097,1
-0.24346036571912633,-0.006977270946185499,0.08579609666752042,-0.4671385362109932,0.11275704702542466,-1.047500626984005,0
-0.4922222823003697,-1.6917668834626753,-1.7261651226656878,-1.1346688894766919,-0.13095601596998963,1.7537905616416305,1
-0.14928085732157426,-1.7657962830240832,-0.5155482462794887,-0.22969061626873843,-1.573152723590583,-1.3156561325713518,1
-0.7944885033434317,-0.6630467252157568,1.6830664338534294,-1.8065491558048765,0.5982240270278472,-1.5470261934407206,0
0.9904375207050045,1.1395879084458702,0.3377956390297041,1.2819503379210992,1.4719983675803596,0.2807488631992179,1
0.01088156036991661,0.830723738963663,0.15332777302285372,1.305363243800747,1.3127434772938118,1.4473752931793196,1
-1.0711492194127308,1.1544598586896258,-0.9245859424712259,0.35200185371851367,0.5042188359232052,-0.09156072922429548,0
1.5982982930982739,0.06907622576643746,-0.5262043203336844,-0.5875884442464421,-1.6988851333933055,1.978257026738099,1
-0.46443511450715436,-0.23920400817803777,1.581384356612677,1.1991334577831334,-1.5504118912959481,0.7166867981519713,1
0.17421144445595438,-1.4101898931748642,0.6658521901073429,0.2187480991534687,-1.8027640515607013,-1.703700371158209,1
1.6258884438581878,-0.6872289855627538,1.1495481070093314,1.3037292342000648,-0.9700831340301228,1.9713285267279015,1
0.4969519836559684,-0.26392253530449894,-0.18261830772937948,0.5258351703320825,-1.457354131358489,-0.36842305287923827,1
-1.5324078371665437,-1.645598281281531,0.5209888778246317,1.1376218928511892,-0.9598078389902645,-0.8503898646180699,0
1.7593284944539005,-1.117552189155155,-1.0064655650271699,0.39425197287103986,-0.4597677771241533,0.2315167343115423,1
0.5108322122856714,0.39290117625495524,0.8218433211339451,-0.34343572713733517,1.7719311362845427,-0.7827696327165428,1
-0.6603775413716555,0.9426524569567594,-0.2895946651866508,1.8317834397045503,0.4415042391267683,-1.6541699715193907,0
-1.442911709346451,1.9933900455717986,-0.2298179407410177,0.16445529951537896,1.3398951427318493,-1.9942866276832931,0
1.176100757081184,1.7324533253742307,0.5972892983075266,0.42035807416215354,0.8414060028493289,-0.2016665883189508,1
0.4802910237140541,0.5702607981407661,1.7451224858757066,-1.118049442341003,-1.549987477893473,1.347453688906369,1
0.1338443679052861,-0.315007786823712,-1.7439746135655163,0.5026031577091059,0.9436816254957954,0.2892607425203062,1
1.5755703322038306,0.5447094588329309,1.2989729493880304,0.2864305979317754,-0.8996044737635023,1.9968291957737634,1
1.154388844898123,1.142606472320928,-0.8304675583512275,-1.2606464082119002,0.5564313879788254,-0.8526134174112001,0
-1.3933004810689953,-1.5266552363064507,-0.22432218197448872,-1.7616516105874251,-0.6361521054280459,-0.8781797409597787,0
-0.7531117288178071,-0.360380441214847,-1.9123466848999642,0.4174372788590843,1.9906890530586367,-1.3610021590642232,1
-1.006043440742137,1.3592091425424688,-0.7958156886627479,1.0547690774012821,-0.9457940820128887,-1.3437456469386593,0
0.9757851702907079,-0.46466819226782397,0.010524970520521926,0.0936054836880329,-0.8834781169029213,-0.8592536159598088,1
-1.8658702610568825,0.28748908490874614,-1.775295690610244,-1.0929094987214172,1.7226890222495932,1.1713601810941086,1
0.2795587394852661,0.3510774434487929,-0.03561708246733941,0.6660879067721397,-1.9014223814547093,1.6230271625457915,1
1.0498347429627621,-1.2620949874654426,1.7084425154337093,-1.679577093561591,0.7867559514927875,1.9003486788307251,0
1.5070625470469978,-0.5510582333908465,-1.5784271275687791,-0.23266518079218157,0.9013055629435125,-1.0708413836141895,1
-0.6316730051363701,-0.6619548450322714,1.0577629123020174,-1.3465329664063193,1.3455143096415974,1.5251901824563667,0
1.2850292186880514,-1.8952131658717408,-0.36131578649602947,-1.2621637957604666,1.8977572425539013,-0.6869796428906518,1
-1.557473052179171,-1.903232944434579,0.6206948580973521,-1.1908242033671854,1.9024076766266096,-1.5486378219324624,0
1.3858091669380728,1.3267881747030938,-0.9590536080590826,-0.4531717718240884,-1.7388929697341444,1.4800997020806625,1
-1.4900453506720703,-0.9077167601087504,-1.3620309498345669,-1.7953991775184095,1.28735729101161,0.5444225385744743,1
-0.41085083775853093,0.07231506495526174,-1.3581495429150943,-0.40882623628360726,0.5852397346295253,-1.341076415675753,0
1.1891814631182145,-0.8050977056449078,-1.7180322174274214,0.04682978845880337,0.5893685374923647,-0.2806749699479898,1
-1.4003302906049049,1.762716980461362,-1.257413180395028,-0.06682286013469918,-1.4866002935412208,-0.8509692204917294,0
-1.082994419069434,-0.962812964536905,0.6568775399558731,-0.46886359838783775,0.6007486657826133,0.947178274840788,0
0.8890102735722651,-0.2813727490442597,1.5267624473740322,1.35658643228301,1.9299303224049913,-0.18633507750292777,1
0.8801461461842974,1.4909210019384074,1.2565027423646473,-1.4186932303179836,1.6472742781577878,1.9571197804255398,1
0.5645905315411892,1.3677342671672346,0.7405372394979364,0.02278697512549588,-0.2434773567805979,-1.7810200709616195,1
0.7757937778684001,-1.2555943286148907,-1.5582725463555893,-1.7518343321737828,-1.8402081068556226,-0.5799389354550133,1
0.1708977733903847,1.2105732391828417,-0.8432502148162007,-1.715377284488361,-0.5508260399991807,-0.07239933156009037,0
-0.992803764372189,-0.1672524530484294,-0.7607724987101241,0.2954633987083852,1.3055612464022208,0.012534218993279111,1
-0.6172160259843222,-0.06812451165857913,-1.000172214409515,0.2640736995512838,0.8059964058606641,-0.7362567104574529,1
-1.2736091327942973,-1.4660801103362249,0.06002263883889247,1.5121340513778279,-0.1626253776241744,0.9169609963902721,0
1.6338022453345133,-1.6775939449715014,0.1422152595186903,0.2314947026402927,-1.7795938593646756,1.498988293955899,1
0.33356717906448186,0.9117572278950608,-0.5724560993155592,1.8391640816194008,-0.2924210887067895,1.754877207911452,0
-0.39659433294544044,-0.014155390578800997,-0.5848433650542559,-1.805220606400281,-0.12390024112846598,1.2203735071981048,0
-0.15197678542346926,-0.2525971895392818,1.3142223916243254,-1.6079692608770357,1.7142221315765438,1.4023207892263976,1
1.7891333584472613,0.9180329146095869,1.1571713932787424,-1.8237365537184744,0.5643444143286378,0.20218120247998206,1
-1.3865943875356792,1.062051595964439,-0.7688166732770174,-1.25889259866584,-0.7533883333814044,1.3035529057072583,0
0.34491932806718895,-1.3643673293225858,1.6551537754930372,0.16508044376671238,0.10127305780288554,-0.7859843634081911,0
0.023554715537863924,0.44090059791056513,1.8112600680100241,0.582288725709712,-1.7357787687113597,-0.4060849515631424,1
0.4458169417385913,-1.4585836708892579,-0.6930298318798367,-1.8176593682053248,1.8902729425989473,-0.7323479447258228,1
-1.927559264716638,1.0055003441161827,-0.5823002048277806,1.7838835593823972,-0.559760392277096,-0.13045065820829826,0
1.488495635776606,0.6278206250685581,0.022536613687835327,1.3686615066015242,-0.08853058034745676,-0.8576815350454545,1
1.7284731299344496,1.8264584843338318,1.764483250134694,-0.8135500713716275,-0.5788641030523096,1.8464457690177873,1
0.26053273435683577,-1.7241679345743153,1.5052777325692461,-1.6912498790941282,0.7300469204648006,-0.7486214879773274,0
0.786603295507569,-1.7717811153949827,-1.5897281496656408,-1.320451707123771,0.6489286333183721,-1.6078218475562407,1
1.6899975247091827,-0.8712517012271994,-0.42907702691433514,-1.4922223449801093,0.8612892421165426,0.1072686642016536,1
0.8289545372535945,-0.9531772650563761,0.21348475899908737,-1.5068648828042126,-0.9274270815523167,-1.7716036862192945,1
-1.3898438283429546,-1.0120848037120007,0.012529890206160132,0.07424675466293573,-0.7373260753437361,-1.557827334765678,0
0.3051534406672527,1.6250183220841468,-1.2245477282524293,-1.0166102300263988,-1.4989950756151682,-1.1224424432150149,0
0.4268601855314236,-1.0018152006019756,1.4352670846726188,-0.5674411338834222,0.6220398873844504,-0.14259900047143326,0
-0.3034773147904559,-0.912201095485476,0.7077631319873494,1.9580213335372898,-1.8408114906573898,-0.26699627076388843,1
0.9457769424988913,1.0375930496718548,1.3516334994072143,0.737256995701379,0.39072934209383625,1.1987674480111647,1
1.7374680590760594,-0.20104063019784002,1.4350571173978888,1.7959226681880054,1.4787835394065354,0.9578986155364535,1
1.7022740516271053,1.1068422278207248,0.993423414662959,-1.4297737798675376,1.5633285931585341,-0.29472682403719475,1
-0.19664251438347158,-1.738535369742459,-0.24315759500113066,-0.4714421006697229,-0.20384895852015328,-0.6651831696974804,0
-1.547047816636979,-0.049715225306462774,0.4421870200616982,0.2189272131294171,-0.16278524714770493,-0.7341248637540057,1
1.9393647958493383,-1.8655455992668695,-1.3585383755210274,-1.692967752445048,-1.6921232679679306,1.095980349176036,1
1.3555923457837364,-1.749387186178582,0.6945816698996308,-1.9832502254881685,0.6830601017721429,-1.791710375114921,0
-1.5013492751869326,1.6257498133776438,-1.282986977042877,0.6817373351876701,1.285037681491382,-1.9487134019575767,0
1.6833675304694893,-1.4430185155296193,0.7757983620406272,0.5672780672057414,-1.0213797815811478,1.1821775677065922,1
1.4795854482485131,0.12968272910086842,-1.0816073569841254,-0.35684476000155296,-0.3147964734665414,-0.0914144960438028,0
0.07535222850428847,-0.3556175895971738,-1.52979479939912,-0.04142369587186945,1.3553573470610814,-1.4764754457856961,1
0.365101742979717,-0.6106266949646293,-1.3388620394281703,-0.3382279976316416,1.508481870649152,-1.057736261621995,1
-0.40398918451947896,1.5993333827490899,-1.992031459123719,-1.9039798206204446,-1.0272800789430963,1.7300158123895302,0
-1.7809534447118747,-1.912706412898042,0.874958471414121,-0.6585135751301503,0.20228253816545694,1.4380119024995919,0
-0.6592110334163963,0.6551587447023564,0.9296041962335164,-1.2916709784108407,-1.2300273974566918,0.8391402008958901,1
1.2114137943920458,1.8535777368542017,0.05973339965303781,-1.606303243594525,-1.5924849434417738,-0.07109907865069376,1
-1.9814719079815886,0.24067273384736776,-1.3545487957784652,1.8268817355573992,1.6444820055678302,0.0812945047655429,0
-0.6660033132354233,1.7472898481323673,-1.665782649957241,0.39743890016866246,1.2820300169284367,1.9009781411358344,0
-0.40732522563622675,-1.790968482855905,-1.923484134250852,0.9146251369464107,1.0401396072126956,1.8630817755371485,1
0.1495824117516915,-0.3248267237033544,-1.3370072921391172,-0.73854502693553,-1.8049347247474383,-1.1389238168566629,1
1.679422465651042,-0.9593688361517954,1.563422139932587,-0.4274114820239392,1.3749151708410299,1.2444182652212725,0
-0.614616022536155,0.9232838599229192,-1.033852633193273,-1.052304024413106,-0.24782369637846502,-1.2110293353319328,0
-0.6121871924150892,1.9251883619889867,-0.5829146911311374,-1.612137316138301,-0.6304195068165614,-1.1458500884641944,0
0.9500049924389935,-0.9738797502230088,-1.5786180620746673,-1.2838734502336648,0.18590544410150578,0.7043721366583071,1
-0.19112823644077137,0.6166984058962979,-1.1105547810073189,1.1900561811859434,-1.6345870291057767,-0.3799956056498064,1
-1.1015807082400721,-1.2076094689610395,0.07689828312082048,0.7101832207351033,1.0265861974095953,1.7261776284260808,1
-0.1902419354692264,0.2613210182864396,0.43101073238261023,0.1877155039419076,0.3297403075531835,-1.6439610604159647,1
-1.4365719184808006,-0.1442700532466552,-1.0185907433351558,-0.09964050853292772,-1.25363961250733,0.04610256323797213,0
-1.2944520539751068,1.8880213185261483,-1.7690713630995312,1.6897371346244978,-1.2470712009238176,1.674086121772485,0
-0.0065289090420810325,0.43410909078586624,-0.4358685234904054,-1.7090602088853264,-1.263005393709303,1.6164546419180206,1
-0.32429820198180836,-0.6019745116527249,-1.0631865162946634,-0.8775967470483361,-1.771990449792264,-1.3738831463370351,1
1.6593836042724002,-1.5436168604482665,-1.1217843070807922,-0.6002485857171438,0.3511937974867392,-0.5334491996141741,1
-0.5504244035334676,-1.3950126850602618,1.839451210853821,1.1297032488511514,1.3613927103540324,0.476485600186785,0
0.3223534011121738,-1.0987322801950596,0.46520194370289625,1.9700584806478854,-1.9300071440504456,-1.3624204609143913,0
0.5290571516781215,-0.996133354638808,0.22751377268838358,-1.0373179409713877,-1.8039814201149058,1.8720886881829548,1
-1.9476221736466655,1.4024642313645512,-0.3368995859067123,1.4972293365483225,0.2910811067477832,1.6589973149106414,0
0.6541494880668424,0.24489115313009968,-0.28422266627942294,1.3224910417271651,1.2779827415442093,-1.3321992838621233,1
-1.2878561325209943,0.09356364549746576,0.1636200153523233,-1.1013704094329335,-0.6930444377254656,-1.5153781549560583,0
1.8442812698778206,-1.5409245125231301,0.785719228144429,-0.4026696792031097,-0.6015424047691114,-1.6583660687669388,0
-1.4053490889875482,1.4405587733977399,0.8085843847273178,-0.36130852282992354,0.3853859899871037,1.6377746561465245,1
-0.3415035050919051,0.8912572128339349,-1.3132243691782017,1.9128826741062332,-0.9031484435034121,-1.2255047608181568,0
-1.6586013276854246,-1.7293265523999937,0.00045100830650790513,-1.2764323944844067,-1.8935665356892635,-0.3348602858225811,1
1.9874970073837894,0.8313403889190747,-0.35216761986359213,1.1966318844191282,0.9409140724063842,-0.20459453739198796,1
0.008780041324970345,0.17415286937058427,1.4821078650775368,-0.6632291433075603,0.5025996517658124,0.3960441768542702,0
0.38154006928017514,-1.673098617012887,0.5256756848735056,0.9234813831046416,0.32302399622263644,-1.7130586250103002,0
-1.73169409044629,-0.16679743388537416,0.1300162656639272,-0.3199559828173486,0.9667365159672925,-1.0929655303979362,0
0.9998418815967112,-0.061214851479812094,-1.5384214312843305,0.3134390524661601,0.70092335024815,1.7259615476757042,1
-1.160377627617657,-1.336901839346897,0.4225515572936458,1.3304470933045245,-1.1764720472867154,1.633640429074278,1
1.592217157762855,1.7827925880011293,-1.5311843772790663,1.2166622599355366,-0.5900758122265954,1.1251625896227688,0
-1.1794414380719713,1.3999014859226477,-0.6511736977369917,1.4656927341588006,-1.4955594332855,-1.9223950175271383,0
-1.2372491173453337,0.6760893493164333,-1.4286321407426725,-1.761530698621364,-1.4805719463284759,-0.6919729260155916,1
-1.8538013286076205,-0.1508177559975712,0.7682945880974756,0.7682022121589793,0.7047829854261569,0.5118349413716312,0
-0.11173221956000301,-0.35293783366196596,-1.1749915446553896,-1.4400504931129485,1.434400427929993,-0.8992391529060972,1
0.2593645330504657,0.6038938686038167,-0.432562507247896,-0.336725727926356,1.850930335444556,1.6383467802151093,1
-1.7371654422865905,0.18172747762762187,1.5826991104751147,0.1943536602187539,0.5133884701977776,0.5355578473297675,0
1.1021104667800423,-1.7509075764724575,-1.1827344664041188,-0.389042061012677,-1.2635947065561721,-1.7123731307342176,1
-0.18684466100788955,0.05001059508132677,0.03122025583511645,0.07844670321202996,-1.5773986182042772,1.6360223553428122,0
0.09756107731032015,1.225614468931358,-0.32291335533591203,1.9861052351944766,1.2514038861470311,1.8310666327048901,0
-0.23694901224708742,-0.16304048961216777,-1.927503835817081,-1.459130745148581,0.3150259054399971,-1.689150326433098,0
-0.39694775649869607,-1.7921736897829263,1.1710324542912511,0.7018241813457022,0.4731400840548794,0.12944093944525958,0
0.23856132523287155,1.1451127975361324,-1.723816374741601,-0.41599613445753914,1.125848355018837,-0.7865428711433182,0
-1.37903901627715,-1.1945448714561024,-0.1029799160921856,-1.4679608043706849,0.8131089109298064,-0.4286436940743905,0
-1.2722874780189155,-0.9655166604478449,0.24271317975579976,-1.3650529465027619,1.3378330114243866,-1.2813951281786324,0
1.4471424840540692,-1.3411745862708164,0.5137058264583483,1.7970924249824676,-1.775144378160486,0.3122884080496502,1
1.784461848534531,-0.6791397405140098,0.7545265172315023,1.518405986847048,0.9900825469860193,1.8319174129955624,1
-0.5067627348809882,1.0270060227545401,-0.9869104659091397,1.6281678416600873,1.4034110292883817,0.012290401086436198,0
-0.9170213074257849,0.07754343801574937,-1.9600848933662025,1.966131103309546,-0.8554598301667427,-1.6683416744220754,0
0.575998172956063,-1.1804749033971498,0.8937746494196479,-1.1667384399659282,0.5617890959730114,0.4800053339096335,0
-0.3650633156076144,1.5113203126081634,0.14262639739031435,-0.578242650543753,-0.7433517446521116,-0.6391080221949719,0
-1.8984545773586206,1.5183274198061167,1.344470812828995,0.6768761196994668,1.831884265929816,1.4237007583651913,1
-1.3753896105352386,1.4823137001840276,1.2855534516027771,-0.064789840557411,-1.866305710257985,-0.2612874067341191,1
0.8638889153895901,-1.0448151544738429,1.3733046711515327,-0.32644186648666595,0.31917137533182016,-1.2286415642310176,0
0.6356957676406054,-0.1950426232760476,-0.05962136008183938,-0.5687550026576278,-1.3339858118019396,-1.2355775092354202,1
-1.891616029986066,1.9399586245635003,-0.6654864166525374,0.37512252777380883,0.8488808207086347,1.0750567228846415,0
-1.1121113522682022,1.0880499052399615,1.16623281036548,0.302373714560328,-1.2964388663253517,-0.9376496067705604,1
-1.0757008136477144,-1.8913303150977607,-0.19482354788298029,-1.3541686637430397,-1.0584669524065697,1.068933576636892,1
0.6875709743949137,-1.7391816349580318,-1.266231214386262,-0.11304064992624374,-0.02251675581696766,-1.1764507569336025,1
-1.9211578489825434,-0.14427449275066895,1.4198960782458974,0.21388710483939954,1.6593397999875124,-0.7132545251947624,1
-1.5835656720617046,1.6368808234462406,1.530239507089389,0.2811477549255619,-1.1531425114081166,-0.13805211024120245,1
1.1996643414927575,0.1548071918108569,-0.13476097543931953,-1.1595712283505928,-1.423039915527586,1.7727833987738029,1
-1.2858213517826655,-0.008749967862839103,-1.6972010907608501,0.9690855690091471,1.0359073274161226,1.7269256990152986,1
0.6109844314074988,-1.5781052001734777,-0.44869564033227505,-1.8992036207157215,0.0024781293357238887,-1.1725124983108488,1
-1.047268875813094,0.6271204188971762,1.2141506378504134,-0.5806725778273494,1.6471404495270856,-0.5671238350277088,1
-1.6022344289626194,1.288412642400902,1.6070961141849147,1.1208505941425342,-1.4135417713606309,-1.4024024461849107,1
-1.0273112360021837,-0.4783199699697507,-1.1861090300096166,0.25557168422160936,0.5837115720921573,0.0399403172539885,1
0.8890677274226366,1.10244740370131,-1.732105551898914,-0.955350269956559,-1.0684834153927398,-0.15766979722133367,0
1.422785872425143,1.8579066156032464,1.5094018125313546,0.7798124773721908,-1.3729582853934428,1.6030406498029297,1
1.3208794582679664,-1.1849341634892436,-0.44238024408449883,0.26956377662429354,0.7337176606290821,1.7200215111642905,1
-0.4112658815261807,0.09331852477896518,0.16704385707025304,1.1849744378255487,0.3747384796349329,-0.46573043597083164,0
0.6723405462825847,-0.8514481676616978,1.8722632482030357,0.9401007447592935,1.019309833449325,-0.03304822792404227,0
-1.1800628183367161,1.1714176761353574,-1.7337410883431086,0.4404316881449386,-0.7621496942152706,1.5849449965845324,0
-0.827409078955947,0.31037346352463,0.5932720298083822,-0.047289298756743925,-0.20811337447124023,1.2268312309802458,0
1.585343274084479,0.538329670201215,-1.7035783097005317,-1.4672714973299064,-0.3781132946783261,-1.985374754621403,0
-1.9479923059570559,1.1916566384635763,-0.4981242861339985,-0.9546679284584649,1.9363578558660568,-0.71976174326567,0
-1.6579658765821277,-0.41611810935018045,1.215258180773787,-0.3236021083316589,-0.8310041730424484,-0.3129030322554964,0
-1.1684549794158907,1.6603602736281728,-0.2661110689774624,0.3971971480255547,-0.8207310466129325,-1.0811348652670731,0
-1.8938711845047211,0.13211546898455984,1.9887294156118016,0.05483142086121928,-0.5818071646855705,-1.201713536416245,0
-1.2742582596408107,-1.368180708658608,0.2362371397864087,-0.8472618961618821,0.25837632516128606,-1.8488619736172813,0
0.3321662438787687,0.7835964726752098,-0.715351389456186,-1.9741425688411578,-0.9907090229450191,0.5734789002790421,0
-0.3143017976300082,1.1730454017530176,-1.1195546963809875,-0.015043112396744274,1.6611597615170957,-0.9499588380673374,1
1.5706868443078994,-0.7329532917298933,-0.5979178628553528,-0.8574960457510277,-0.937257740534946,-1.7906112862747476,0
1.2697742469537636,1.4287170279950119,-0.5098669049617968,0.9384332028421403,1.5832629262407787,-1.0760827578877454,1
-0.6327305932084961,1.6245730190630656,-1.725145289104156,-1.904214938918066,-1.5860997454136614,1.2076558113445062,0
-0.9623062662748301,-0.8923820504887643,-0.5217032022929073,0.33931124522316347,0.6262508095986092,1.4059567265861865,1
-0.4812303673309324,1.9340858908608882,-0.14304592104310032,1.7658969500242616,1.6279420737529748,-0.06773501922678937,1
0.36117977005923096,-1.4371538878049663,0.8909510089552186,-1.302362931554002,-1.3250022464070819,-0.3357173183652553,0
-0.927745436708495,-1.1919373263900401,0.6269179388864319,-0.11340203699761853,1.87330784039702,1.911414774007127,0
0.49659563139653606,-1.2631006430478955,0.835062620916617,-1.6343120327314473,-0.18846655833795323,-1.1977413616477204,0
-0.3623533912350383,1.5759588400314817,-1.9665452724925716,0.5027276490454105,1.7828604337640979,-1.138562868581566,0
0.20818872340792094,0.6171702092998474,-1.1293304016778558,0.20212672238490237,0.707280174520188,-0.832531291854401,0
-0.25549388345873325,-1.3915828671109085,0.646737153599426,-0.37053790314867063,-0.7936525205057938,-1.3089707268756507,0
-0.8221369618323293,-0.23870632652660406,-0.06404252728101145,0.08550808589496484,-1.2467899003315743,-0.48253760718325367,0
1.7938132278486267,0.4611921002792081,-1.9787460973266162,1.5862986338760408,-0.7850598150996024,1.6433369079590152,0
1.0544231766390433,-1.6661436600424668,1.2179785697272894,-1.2148227907557319,-1.6279303629493,0.46139136251429713,0
-1.4395472969341898,1.529665473629355,1.0912382931613496,-1.909741953178611,-1.424528134626681,-0.3522138055509454,1
1.4738719035916512,1.2144141417661407,0.19367665197425055,1.4466595387964039,-1.5813582386140754,1.7376431782848591,1
-0.05027520700194543,0.02082709430655294,-1.7341466968949115,0.30846832955162595,-0.30822582503376905,-1.8061430700967107,0
1.5782089075763657,1.8685064610366817,1.0660601981303386,1.5626338218473697,1.1823135050303457,-1.1588952883925545,1
1.1994210237892609,-0.3289560828996012,0.3348543509254558,0.3877808936526903,-1.4344657831346392,0.2635544204070359,1
-0.2991459821230662,1.9364412761459913,1.1278399086318367,1.24064435983881,-1.4787182673106565,0.46221049277271664,1
-1.9101227667195304,0.6716799952145083,1.0069879695833617,-0.28130654657940823,0.573715798069323,-1.8417699737495474,0
-0.9252905624602157,0.5386850930157658,1.2120082878313485,0.9994397251530751,-1.211268072127735,-0.3878449683714713,1
0.16653685864346768,-1.33618041881686,0.07203226561849929,1.652165867559424,-1.6095598475640336,0.5966158593234909,1
0.5339128793045891,1.527711033218576,-1.43870192722594,0.2884918548888251,-1.3326056871776895,0.7922821856136064,0
-0.9684492582671909,-0.2900412483175394,0.6846298935187547,-1.2768593977504819,1.6949255835071044,0.5525596100650771,1
-1.4425757037087035,-1.3510663768700826,0.4818951402078824,-0.9248095398792073,1.2858850111047633,-0.7177471025563018,0
1.3397209471971965,-1.9495699200969638,0.9690127487963487,-1.2054216924103769,-0.5837417505796236,-1.625919505608362,0
1.9376087228142085,0.2390227345535303,-1.3204759757970588,-1.0125718896170683,0.6232830693095712,-0.2915502143226636,0
0.1027607292107433,0.1095984884907053,-1.2200992003988431,-0.7743382025958545,0.1491026946721523,-1.484982250527778,0
-1.313282856606786,0.8774144894766343,1.561638068877314,0.2205351470127539,0.7084970539302557,1.7904946340826684,1
-0.9107706939225242,1.5610322120712086,0.9999111938082832,0.35196651785533106,0.7306846098510373,-0.09931653590948697,1
-1.926437293810133,-1.682373661427882,1.6329139548012916,-0.2940010110325555,0.5149360602399717,-0.7309633025725297,0
1.657195226241996,0.9259859613614494,1.0348612846556828,0.4616831192833417,-0.9355945258507656,1.0652162844756004,1
-1.5289956684394355,-1.2503522236096711,0.38862122396120746,-1.6737002975545363,-1.8439743169487275,-0.008205629670944514,0
0.3060659020570142,1.4327082126286559,0.6165309481114947,-1.6488470517673601,-0.17773287203956478,-0.7598639039501998,1
-0.903779117251176,1.2762540554466244,1.5565116957600398,-1.3126821585693662,1.5638955387628153,1.2478709695632069,1
0.21671201006317364,0.16317501994217753,0.3152270180477621,0.07230999216137901,0.27798903407430364,1.468608604004488,1
0.6056815534074569,0.8409711944932461,0.5295652973135496,-1.1440212852067457,1.3295641668076317,0.692032665154708,1
1.3189672148288065,-0.7425995472650064,-1.3740931359855977,-0.8668623860296907,1.9664973718449126,-1.8121423103693308,1
-1.1743149129575872,-0.11532840426874147,-0.10431511953558914,-0.3987486553080237,-1.345535183446895,0.2652915206661284,0
-1.956016685366078,1.2865475908418866,0.8655884478323959,1.2474644960415193,0.7671105565679293,1.0531796479891264,0
-1.452457479724771,-0.1629392113071444,-0.9162292067345383,-1.9445514563485595,0.6971742948000985,-1.4539879516656713,1
1.6000745673924204,-0.5688069386982328,-1.1909832779018603,0.5975152809464896,1.9198217894331138,-1.0853169944615866,1
1.495560310250061,-0.023150210998800436,-0.7446927671023378,0.6755061241627414,1.9424029358112014,1.5299804202725458,1
0.3896524086812332,1.3129970097488735,-1.0339974880286662,1.1946231214265461,0.7467144468965179,-1.9195131125877039,0
0.4020674417346135,-0.6591678105165091,-1.1403494518544166,1.7310117562412528,-1.025540832071223,1.010908551303904,0
0.6601466981850219,-1.3049536274570248,-0.30059662852765223,-1.9194486042028407,1.1942233525223962,-0.10490682994230838,1
-1.2985148855062016,0.848056081323123,1.6313540555341364,-1.3848651779471353,-1.5718834631558476,-0.21291136464157256,1
1.6576477836998391,1.3039128508323272,0.028238586954873135,1.5446851762239722,1.1227972166865148,-1.9716138700204513,0
-0.32491790043170754,-1.5974500859058667,-1.2483184767387079,-0.16592575125193854,1.6407844965787857,1.2775929238659711,1
-0.4674458870020102,-1.040503548976221,-1.6921133224765037,0.258362555733854,-0.468666420926259,-0.5607003974537341,1
0.07567082113135015,-1.4321120409560244,0.7846245805517009,0.6521088148925895,0.5225411799323219,0.16306252520217157,0
-1.8121361328997798,-0.6082343536713335,-0.4688049422544487,0.7162664179825495,-0.2794290716126948,0.7092027453426377,0
-1.3348665249756824,-0.1985960843783494,1.287323786341437,1.7269616132660328,-0.24893978004748618,0.8105183057516632,0
0.9521344657054818,0.9953053478532259,0.6380430745630807,1.9877976696466786,-0.7585164435675198,1.8239202353042892,1
-1.6688053282994941,0.6045903395266965,1.184965802165474,0.880629843723761,1.0485184818012985,0.1253598129464364,1
0.4126084378655528,0.4837142699137247,-0.912215842326205,-0.8511151631793967,1.7447062566660207,-0.4011217961022897,1
-1.0186035612747162,-0.5905002135613824,0.7694356898442325,1.5190096091773744,1.7630034369378444,1.8148145059668317,0
-0.4428175438320938,1.3657902123390397,-0.9437520612251249,-1.8031163418369536,-1.3008748605002647,0.5684409401020845,0
-0.8452250529172005,-0.11485133040734175,1.7562739178011664,-1.0756765885020152,1.4989745986262641,-0.8073985748937775,0
-0.5773091341402035,1.916419752060618,0.5454971261334975,1.5895428698548595,0.9497257657084885,-1.4941430183857154,1
0.876183620736982,0.5365685531829474,-0.7019527992986316,-0.9752339422425802,-0.988650397238843,1.3702180058607252,0
-0.8115131375072999,-1.494941033741989,-0.9219525508309094,-1.1173957615130061,-1.7308615483139418,-0.5512735888233937,1
0.26561856118758875,0.704710248301736,-1.236293659713426,-1.447498827439011,-0.9280109324624881,0.6418788854577246,0
-0.09579839120360134,-0.6995839382732041,0.7785638355749112,1.436447030587666,1.6488329471261025,-0.11673432253640748,1
0.6546846614505926,0.7453087867443897,-1.1251375480082908,0.00023303676434682785,0.5327146995830891,-1.2042808808198466,0
1.747318957299032,-1.721435407350377,0.3812130637099562,0.6995728122166192,0.8842186435914874,0.4067464344818603,1
0.9302883888410012,-1.3004742512961625,-0.9414598922985706,-1.0437344636998813,-0.9713905955636166,-1.7572677241972707,1
-1.140238485636973,1.4229490356231453,0.6478757791754743,1.032161684044866,0.8775526222992811,-0.3466301605152311,1
-1.8752674597548613,-1.0912817719059404,1.2597589141621568,1.040022179848394,-1.887513974888305,0.18645975865468412,0
-0.9509438228006997,1.3481645009717602,1.1121009725786126,-0.7496079003667995,-0.49871461690794483,-0.25581210352568373,1
0.3803117228010193,-0.8828956461823583,1.0434053237231269,-0.3572694679588686,0.5070133941693249,0.9946887010039633,0
-1.7942967460629986,0.5715276402348306,-1.2491103772309917,-1.1612388902791966,-1.415613737834719,1.3116998181812498,0
-0.014535011195054626,0.776602294039324,-1.6464602120619252,1.9062440932916171,1.292014297787739,1.0849722961327122,0
0.38737139566755685,0.05061901258021173,0.7957953139495424,0.5824103082336465,-1.0598748047523254,-1.8447482087527916,1
-0.6630244367321567,-0.7787572932130749,-0.5266111448225947,1.7381755228620621,0.609124451273785,-1.2234849182161112,0
1.0836488149832877,-1.1494224945156155,-0.2706150943866108,-0.7864578254834673,-0.37921142969868127,0.14643003705509727,0
-1.5736069874649128,-1.8672425817502951,-1.8754036288264357,1.127563651987559,0.3841743819105887,1.739288161775205,1
-1.699448873056765,-0.7842143950371048,-0.9616942028998032,1.063434575538968,-1.5701977894843675,1.3398271002084674,1
0.9127550248144134,0.612651162125132,-1.865294384502144,0.7666226074661662,-1.9323488003135707,1.3701380334072066,1
-0.01803473517520615,1.7532192737939307,1.5167430904049906,1.8625559010672017,1.6382577095212048,-0.7871672249613004,1
0.7536095857109442,1.484817929052208,-1.026413267125878,-0.4257786555747378,-0.9214799649312688,-0.28220841168518973,0
-0.2606906455850151,1.0642591061412103,0.2293486782920322,-1.4771307056409708,1.2787080111218363,-0.1171762107362504,1
-1.0143918670435728,1.1537893730131947,-1.8440827173554784,0.686835436976243,1.9974012018888008,-1.3705136666003583,0
1.2764092706967989,0.659939613903981,0.6673895652226323,0.9172392019088247,-1.1542749680043554,-1.8757274790221747,1
1.197663515875917,-0.958852569735988,-0.7078906169836245,0.3002422938352587,-0.9393170352665776,1.7876115978420675,1
0.778785883417707,1.6287801228233194,1.5916767478306633,-1.172728427466415,0.6514391505386627,-1.037149657345973,1
-0.9114194510801492,0.6829292476233362,1.5524727557361433,0.01782376667742147,1.861794538402485,-1.0402043851054747,1
0.3609226674763484,0.2417625239217598,-0.6988375265530089,-0.7512410537234824,1.6632573927629757,-1.6664837849249619,0
-0.5561044122398928,-1.5560421231460757,1.6038435827618716,-0.29013388733324375,0.011502080262339565,1.7140310077751142,0
-1.6336717066934634,-0.2117778247742983,1.9846306939951153,0.5808743033786556,1.1804411301068987,0.3189484597590879,1
1.6692543018489712,-0.15856691519229482,1.3016626564957923,0.9808589707633382,-1.4570165876003958,0.6681474285014155,1
-1.4527254763241544,1.45825443809068,1.379485391020916,-1.0711012363946275,1.9097527368160492,1.64630754905221,1
1.8009494152832097,0.18659288075115388,-1.0039650555636404,-0.3786985574121866,1.857412936143946,-0.617519324396842,1
-0.21597690816817705,-0.4783978041183614,0.30680959543102526,-0.9233537160334833,-1.3450841684833161,0.4860292445523364,0
-1.2594682846455214,1.9072013140426374,-1.7309763441305286,-1.2054735445525235,-0.8023075007875735,-1.8448021810844502,0
0.16760378951343258,-1.5571176266947373,-1.6203282527133211,1.1335488799833535,-1.5993800099729323,-1.2529098870754827,1
1.4917833435056331,-0.30980628675222155,1.9955704481331624,1.6370107777479697,-0.9131296044072812,1.32498322035977,0
0.9288995456382447,-1.8319012993143788,-0.6934430022963562,-0.5190712572616931,1.2638231576608265,1.067073425353343,1
1.226244591445799,0.9596164830677214,0.9927356481953855,1.0051156974950675,-0.4867375713389621,-0.5974292341714125,1
0.6351334668428694,1.6723062087966025,1.2266602121072658,1.5879811574576443,-1.6464121314129665,-0.4927574889031501,1
0.7691062580714099,-0.8798506817980423,1.4320930840289168,1.3844968421209263,-0.6310979008843818,0.13421773421431782,0
1.3967826062612771,1.4333667071964835,1.990513189608626,-1.2687464458430964,1.9255333369651204,-1.9990359812594618,1
-1.0013279645632562,-0.8311270781524089,-1.0340140589725286,1.8251675260534452,0.5187343810368117,-1.0350226558478886,0
-0.042300145427438096,1.6430806465756609,-1.8385966925612012,-0.49329423828215013,-0.335356214375369,-1.1670727655671422,0
-1.115162232721591,1.0158476143871358,-0.3552339280216561,-0.6430373553046547,-1.33384594601092,-0.9980682130009462,0
1.950672031986588,1.2196271073657545,-1.4796773206842122,-1.7502746908888787,1.9447071891347791,1.2236233701337653,1
1.776237358746453,-1.927973777598182,-1.9102964433517795,-0.05530538358046799,1.283396037052515,-0.8813045738142273,1
-1.8422927545259764,1.8512414282961038,-0.5582926914340556,-1.5639455374362852,-0.8740907901963224,-1.2339147117994074,0
0.8223006900627539,0.906683968281293,1.1349530043009457,-1.005840716290296,-1.7197252171152422,0.017053843172126104,1
1.7009932696626633,-0.7809956184554667,0.26472276490028346,-0.7322295129308745,-1.7734977704897679,1.4625801454909277,1
-1.2776986194906659,1.3175786594353878,-0.7488880431585838,1.2353052939667362,-1.5184874019778647,-1.0346011846500005,0
0.27178092221051786,-0.8739152063402802,0.6173680219708788,1.501954601583586,0.3230743344576865,-1.6858550288288052,0
1.6619531903521674,1.4910153582645118,-1.0719272787647571,-0.7901347301541213,1.7150536848219695,-0.5743810566013412,0
-1.8642160856568046,-1.549678438352252,-1.94247421571166,1.4347924849782956,-0.01302628797606209,0.9906072982599112,1
0.7896810689873597,0.814743909843183,1.0574135457457094,1.4289237494791642,1.3717819298247886,0.20276217877917846,1
-0.8106039705097969,0.16279390657964132,0.49497233945603636,1.058603801539494,-0.21645352056076872,1.2671734782973898,0
1.6975847815061216,-1.6138621192182367,1.04921049800384,-1.4132195439392738,0.8343341830713009,1.8383685904369358,0
1.884232980661471,-1.032424686964644,-1.8442479332493376,0.7612913876029159,0.9274909491460033,1.1706499070064682,1
1.7770659564537357,-1.9503838548907408,1.3484785113226088,1.780096258322275,-1.3041451763866454,0.4152123153750136,0
-0.10314313337014491,-0.12492813814197667,0.4781048001452133,0.7301619150686283,-0.5551357640967529,-0.026633647790478054,0
1.4481706039572537,-0.7949389569599985,0.2535814028505605,-0.6735326035686642,0.5492086261520956,-1.8397236546069333,0
1.3781975941402815,0.39342993719103525,0.49845619245812633,0.0023172697233251327,-1.7172135672625353,1.937287915256165,1
-0.7235981070269775,-0.8110487691655313,1.4577329874734564,0.5829001734042145,-0.5538392489481736,-0.4660755096998299,0
1.3156618966027094,-0.8003235539720612,0.3477460262356282,0.042281634914014266,0.13919786512476984,-1.3910871443325328,0
-1.8519694611380295,0.9727727949264136,0.3238015195527173,-1.5201882330761207,1.9848979721785547,0.666835421585827,1
0.38507951392821216,-1.8074286560865862,1.9627166282630633,-0.7517438213919174,-0.10186574951023708,-0.8628468436181627,0
-1.0799646508491878,1.611579980767949,1.026920668274272,1.20958412221453,1.2642270284572943,0.34311308372419047,1
-1.5177324568908848,1.4090554975647258,-0.23082477819545888,1.4456721843820697,-0.27173085973352906,0.34707163137836483,0
-1.6921871934831634,0.6712187329056261,0.8295880001317109,-1.450799869137719,1.1855628904788356,-0.21708071638852333,0
0.785155103512559,0.3728862804295372,-0.44307811323284607,1.8095470095948984,0.3816592064804336,1.3444744621801705,0
-0.6405001449277354,1.569209992558609,-1.084498150066004,-0.6847095286055627,1.5463817660095933,-0.9401317537782279,0
0.8990670861150458,-1.2586792818851422,0.3874075075510377,0.6492549549228799,-0.3562297905995604,-0.20546963352906333,0
-1.7385746368042305,-1.6841233512366856,1.7127283924558059,1.0073005838267246,0.41721767928591547,0.15076851436388594,0
-0.7388386486775587,-1.0419593203618476,1.716558080061851,1.2477849385515336,0.5200747224753095,0.6544988830691985,0
0.15796516950134887,1.178313114800761,-0.6323788875780387,1.7829988089037205,-0.3304682327981068,1.135887402022358,0
1.1628926593558542,-1.8613189330940667,0.11070986488677992,-0.7483218078847096,-1.422751825250074,-0.42077086848697576,1
-0.7249899882717203,0.3312273403339585,-1.1534564057205552,1.434025818206218,-1.6257623723506578,0.5841877763863841,1
0.5035655057480364,1.9817500647652397,1.9825244379955338,-1.4732523862551719,-1.9333137976014676,-1.3975561877259235,1
1.5439109929447485,1.4227843753501577,1.924471631471743,0.8201636254143709,1.4941370569808585,1.7305924021699144,1
0.46345275272921826,0.08578275617435782,0.5980357188297893,0.9679109180559435,-1.0541003510452218,-0.46776477431598584,1
-1.068162100985465,-1.7454363628534306,1.2176562387098935,0.7108929648052817,-1.1539730028729278,0.9180856879057537,0
-1.902396873773848,1.3254940575428393,0.8604006451348001,-0.9907410554593881,0.9441416017042621,-1.9186356724712894,0
1.4803954956037195,0.3959140327088422,0.37263287615787277,1.4921725880608134,-0.719935547650433,-1.179251428380772,0
-1.9149223565984514,-1.5402680117617327,-1.7866080120444092,-1.32456614651842,0.024178769647346332,-0.051669822705687984,1
1.4988066907367976,-1.6245708607065752,-0.1809426297893557,-1.7854608339166766,-1.3499557388101748,1.5130098709293862,1
0.11574853610884794,1.6385072777463696,0.6991452086696421,0.8698599624476486,1.838982885847877,0.1090205998027085,1
1.7562707940515847,0.6768010517523138,0.7101264555347386,-0.09809713906906525,1.4063256000689495,1.7194819291755161,1
1.1951329430946616,1.3171471972670221,-0.5075095263104656,1.3963920798347043,1.4551584918600131,-0.06481241366881463,0
1.9917364421333499,1.5159156011290693,1.7667679466321222,-0.4664114357669642,-0.37290500571197915,-0.038203613056200236,1
-0.5971527381931594,0.2870894081932889,-1.330571871052876,-1.3268856459691487,1.0494448548286912,-1.5210128459978725,0
1.0687531557245076,0.06978540702016511,0.0014377848622424416,1.345768769879479,-1.4244953784408794,1.2106249766088792,1
-0.39227634556303137,-0.27829035871603924,0.7635359062032911,0.19563852656028669,-1.9655239896328789,-1.01213835013175,1
-0.08049751878436462,-0.7322136488355229,0.7885432235672369,-1.2432168304385804,-1.9201082696878875,1.5984499574892603,1
0.5100218528734803,-0.2616161565651529,0.5945558270752622,0.881535994345783,0.3464069496182418,1.6432968813215845,0
1.494708456745355,1.0955186229206255,-0.8988471461925593,0.04445455395800213,-0.17842037900823682,1.7732404474965988,0
1.9363338767971805,0.4076937240605263,-1.3751737252535121,0.4172519289612793,0.07206139563407898,0.08092195641236,0
1.0730936554580728,1.5700931598193844,0.5437613073068435,-0.15640664717367248,-1.9701474383311224,0.7083751391345774,1
-0.32893287133066496,-0.2264799424832491,0.39720846455775094,1.3148359352720256,-0.30925352137029716,1.114063520246654,0
-0.3145719908917193,0.4283583148750161,-1.282575958843036,1.3182508627321994,0.8722726448034432,-1.4759415253981376,0
0.950329206355566,0.5252302123679549,0.8205565822822534,0.8375552872975449,-0.2292251921302566,0.4038287799899889,1
-1.0448914169267907,0.3667886492253021,-0.17931203306537435,-1.578394490414151,0.928876825248889,-1.8628083947867533,0
-1.5581035474744214,0.8105350923420653,0.6710423664126117,1.3554154476162754,-1.0679241424126609,-0.009735666445096491,1
-0.5815113694368939,-1.0502661265007749,1.3494683190806027,0.6840519221316392,1.2525680179269019,-1.3806292735190904,0
-0.8510440333836731,0.04945511018316262,-1.3210862856923073,0.788096664017198,0.3537249618138092,-1.2683082961516612,0
-0.8147675181760397,-1.5831007887666093,-1.9234205280126533,-0.5480686383845135,-1.156947602280375,-0.5398097332295939,1
-1.0655689958003602,-0.4619546894207498,1.1164103455831471,1.5171182246280268,-1.0531180965846683,-0.27025133313398797,0
-1.8316272414545525,-0.04933172551494236,0.43878970061046374,0.9014864009394299,0.5121218582781482,0.49268969812874897,0
-1.9285042610663448,0.6088970381818899,0.7985582784884868,-1.5496381338832221,1.3197583728497735,-1.7022863262459373,1
1.9508895589441262,1.802124210344814,1.3526198999545702,-0.3688878623753493,-0.3374888718833793,0.01476704494977854,1
-0.2889074650565506,0.4026042661934235,1.211243739298002,1.5455214478405668,-0.9667982834896311,-1.2694994789875955,0
-0.4626934113612733,0.9743756647062392,1.8436805877152986,-1.811213193210484,1.4680464276424017,0.29590070012696756,1
0.7185891307722794,0.025064237980811033,0.14374031540847287,1.845666478568198,0.6770731670033396,0.549618449044734,0
-1.1269844485397433,0.5364161255053252,-0.04601746936037854,0.7166502732782511,-0.20765805086769396,0.22683702621141544,1
1.7998447358009013,-1.7162711354649063,-0.3924512004370797,0.5255039105735064,-0.04839921888279264,0.9531820419132306,1
1.1453800576622082,-0.982433676632612,-1.3852358286231818,-0.9177629740480344,-1.1829741282544144,-0.6575630230363947,1
-1.642355990750962,-0.5525876271794452,0.2904289315280897,-1.0048328450432917,0.5072105202593757,1.0604263665325235,0
-0.32967689686028656,-0.11002657997394572,-0.8919499026960849,1.7682328779543819,-0.5650299578284455,-0.2689316731672253,0
1.5164732302486588,-1.817405017990465,1.6852300488519019,-0.806910183063509,1.982580706697397,-0.0632620067096128,0
1.7789280891656412,-1.4399036097867293,0.3327632171083903,1.1020211868759975,-0.0792659389524486,0.5924085090442857,0
-0.1303939550005211,-0.8927427688347769,0.37136072203244064,-0.4275128071716834,-0.056457575241547264,-1.9265664640031042,0
0.4536455568428308,1.8861307636042026,-0.5803013564919599,-1.442983716861184,0.2634071496426875,0.6159768856809933,0
-1.331864215631699,-0.674611971587797,-1.79204259208917,-1.9571388092185642,1.6670240124749869,0.4743405962884615,1
1.9646745045479062,-0.07183576755166987,-1.8730249385080455,0.17702934806100323,1.203272399439001,-0.7606115329868803,1
-1.0733131944662264,-1.2156091490464283,-0.30665942338721,1.9031152741957307,-0.1954797208086343,-1.656822860402042,0
1.7709270965405026,0.44312028430307304,-1.6617384876110486,-0.5234552247631821,0.874797063891184,-1.6362582003478354,0
0.5985865959694738,-0.8772671379361028,0.4273878221605565,-0.5712306640278206,0.3449419951230466,1.6928949879409143,0
0.4309471795154365,-1.172029686246293,1.5238920225586297,-0.6236335286022316,-0.030531805195004313,0.7571172849033485,0
0.05075404406603434,0.06629051378391626,1.5316592660748887,0.0821753492194337,-1.230736908862598,-1.4915895449170384,0
-1.0773207531289652,-1.9779768033583167,0.6361816405289296,-0.2373404663028258,-0.14425494618043633,-0.5731073227643746,0
-1.293887871977967,-1.9693438694030987,-1.155072674108276,1.519658506908058,-1.0167256519097014,0.3699319756063857,1
-1.1180551637192986,-1.123724763592569,1.4519873254354883,0.02208316689396117,1.6593685994066187,1.3422868203625948,0
-1.254246951422982,-1.8531145499967154,1.5443737412528327,0.031031352754275154,-0.6583727460146123,-1.8253562851479659,0
1.1183378942670132,-1.5678969834772345,-1.2133856601881652,-1.4465136211177736,1.8090560581334891,-1.0534674741199646,1
-0.5994989633330796,-0.6445574026449936,0.949704343082709,1.9309581636415438,0.1322211603788448,1.55899596118152,0
-1.7686292937464145,1.2103427183192514,-0.8539218042915082,-1.0001084365246813,0.5261775147046412,-1.963337799264734,0
1.8764105205632453,0.28819457347720334,1.2105612494117186,-1.7065437301615893,0.17176177795731107,-1.1944035888244504,1
1.5351435398537028,0.050670903825665636,1.9889515996144107,0.6525849959008352,-1.4824775321331964,1.8360967038918639,1
1.7110091327808519,-0.8260447071675134,-1.8798959786824287,0.38146548062749064,-0.49671512396823614,0.45360738608868445,1
1.9796312905857412,1.7270148777312655,1.5894634631637277,-0.3394173840290171,-1.6034155508895043,-0.9533145334499742,1
-1.3044190031220508,-0.4119398350512333,0.4905221343946322,-0.31123106447728777,0.49181617673352696,-1.7320356224166096,0
-0.415031924389365,-1.651628932816914,1.8935304766592846,1.1402556841857248,-0.21250321919824433,-1.8872346382111114,0
1.0329539028163652,0.4682660644712051,-0.13996192989428957,-1.2171494396014038,1.1119398862837473,-1.021019681452291,0
0.7840824722151689,-1.5446464260935944,1.389551722285495,1.281013275779559,-1.1181180760025207,1.525943278355642,0
-1.3844163746405798,-0.6191074287932317,-1.750423725606891,0.5949884555800726,-1.3417357662826603,-0.33634538280996207,1
1.263332499962471,0.0296477548712355,-0.6588837996868171,-0.3241209048819025,-0.3746710761449288,0.881333476663972,0
-1.1022377126533573,1.4968900987407032,-1.7319338489951601,-0.16788553366452552,1.7063415328735245,1.673140141519831,0
-1.1047295407095077,-0.025813678639525328,1.9013725339162821,-0.9734111712556168,0.841687260049647,-0.3678381535887336,0
0.1478976915736543,0.809035064126657,1.2678956290873469,1.0084573307878992,-0.3243055008283253,-1.2348905158504118,1
0.3717597393668126,1.9712673559962814,1.410189684983882,0.051498969221071,0.06908867901724225,0.06847172342767793,1
0.3203448313512447,-1.4740435204080735,1.7518609257355768,-0.7165818290006256,-1.6631479552916066,1.6323347482394177,0
-1.6340526504089805,-0.9010738979219219,-1.6595860555208586,0.38420046304380095,1.9383035855044524,1.2174976565508024,1
1.5098434505215215,-0.4216956976094144,-0.45760962994666654,1.9829378082052922,0.6656292187796757,-1.7366806265473849,1
-0.9375998296451757,-0.31268728584467453,-1.7158604438239915,-0.25895088137378464,-0.8583837261463101,0.7702912003103273,0
-1.4819403148687833,-0.35591569893781694,-1.1568275937998855,1.6827656031144782,0.34323357686097733,0.287590089835815,0
1.5549923194759088,1.6304440102262197,-1.0825368918493106,-0.6199326403017356,-1.562070535724024,1.629852705385702,0
1.8226059929190135,0.8561305778674257,-0.12357115580968525,-1.7810691723000565,1.8633466752303343,-1.510074332598811,1
1.4485104690618025,0.431620856362815,-0.9257513301854297,-1.1830315745262845,-1.3008600484665362,0.13614445281862642,0
1.2380642988995123,-0.7625091285488717,-1.5960875727289556,-0.3252194266892632,0.5921212722208566,1.5178507740475693,1
0.6209679225560869,1.2951615368851788,-1.3300356436235692,-1.121460285621724,-1.0181821498442782,-0.359904853033028,0
0.20342948243655723,1.8202420459399558,-1.4108977457916363,-1.9990918471269779,0.870245530594143,-0.07202032906853173,0
-1.6520529603543594,1.2847931302009061,1.8923071916491931,1.660006150990109,1.1072854689611242,-1.7181572893321668,1
-0.3661871477172052,-1.9937395792341084,1.0371700276738944,1.375517644923716,0.6936789156457306,-0.8874254382043567,0
-0.5092459319507441,0.5456054807336281,1.8710458610782479,0.9691689259477885,0.4579978410207701,-0.7019734033242107,1
-0.9609848649586952,-1.795458474231597,-0.24103805396836586,-1.3287416174158855,1.5698763758080467,1.7804897949795477,1
0.8936804547543398,-0.9695711186651126,-0.8865260733493736,-1.5185456951600558,-1.6854931560409678,-0.8693305578353638,1
-0.01649705968491677,-1.7619011986089133,1.1931727888367467,-1.7295810021104674,-0.6763409368792193,-0.156525058921392,0
-1.6758151363694083,0.415181811797551,-0.6949843278354129,0.8961167550916849,-1.0068500814766161,0.6852176942571191,0
-1.1192671922007547,0.7463596539704271,-0.8024665051786068,1.7152318427515412,1.9520558482616863,-1.3512665103684904,0
0.7330350546383837,-1.5420494477363795,-1.0699760311686752,-0.27785671634785203,-0.44244088133250603,-0.05423045143250205,1
-1.6954765620387993,-0.46464446782008206,-1.4812840871030586,-1.5234373120158073,0.9304507969615949,0.9541561579036304,1
1.4048276561950748,-0.17505396417783192,-0.9741477559329361,0.049571282928426275,0.7389006555240183,1.4674208521082641,0
-0.0194138919441027,-0.5237879129563336,-0.5787210061044492,-0.6046723701654795,-1.151675050090489,0.5050370986497068,0
-0.077653690693408,-1.5158999980592278,0.6959768325829216,-0.5007003026000092,-1.0440092791537947,0.6762140612677916,0
0.3696311386380704,-0.32420883925009836,-1.7497406311221937,0.4853224966228291,-0.8748617457878636,-1.4948661096617242,1
1.2987238637005967,1.0047121912336725,-1.1579722413386282,0.8748724530488095,-0.3554908869624831,1.7831059889853886,1
-0.6087631683912278,-1.7159693418669781,1.2360945611667056,-1.5575856045073566,-1.0626997373978928,-1.4697036900620706,0
0.7120646102362542,-1.6792799436723862,-1.412312305664917,-1.8576390767740945,-1.9213940690126088,1.0986917487271932,1
0.26292785598316426,-0.5809148326560631,-0.6294194139099138,1.9773212107428595,1.517572227228782,-0.9407347128867247,1
-0.9318869193223147,1.7669028464757002,1.4586356874325603,-1.0690866043377927,1.8624393255235363,1.7343725748050063,1
1.514519945420632,0.6742905868916562,-1.3802987554262294,-1.7846779003661637,-0.6337184518737282,0.8798381574779182,0
1.1897040864277124,0.7146798266902592,-1.6690526575272404,-1.24049868361632,-0.6459724822981086,1.0152548519134759,0
0.633807338633702,-0.5523200366485401,-0.06184801967995668,-1.8441686146061431,-1.971632748902516,-1.1237633077604667,1
1.4023269163769676,0.3746431648341537,-0.7903219548858544,-0.43275642153131333,0.7210027533214962,-0.22784009345935674,0
1.4691768038392095,-1.9594752638890265,0.2536334579354165,1.209607137805297,1.301759582994515,0.47125277835714563,1
0.8334519068601391,0.5443841856381688,1.2152195619339006,-0.6350222009691175,-1.4135667985599873,1.0798944728264037,1
1.3480533134546882,1.653147790304947,-1.4514060473890273,-0.2232663724865338,-1.361334602531397,-1.5841624963504417,0
0.7898858466771346,0.45029387337927673,0.32279633821713993,0.7023470942697552,1.160332999885751,1.8494612658181135,1
0.7205630870412016,1.4947943738653802,0.02203504155945568,0.035576280279520756,0.46516299341657863,1.560882682218224,1
0.4744455128607372,0.8958922218643752,-1.4236848559472017,1.4457827440852968,-1.820557769489132,-0.9186056380176626,0
1.010866558230565,-1.517766334385239,0.4959939421159296,1.464142700183026,0.4901879618491267,1.291040972129328,0
-1.3655795788277052,1.6098132291433669,-0.9054383285569134,-1.9603572180353854,-0.7643291086249357,0.07329569215929377,0
1.5234830367957137,-1.7342246225769005,-0.04866272582395004,1.1121852259327967,-0.5250993781166162,-0.15277407375192542,0
1.487374110980928,0.1358698901910551,-1.6709107028917525,-0.15706559903330453,1.0789256731875208,-0.7422635767543784,0
-1.8830108678617634,-1.4314515048261693,-0.16166377114550778,1.9553621652146522,1.2437407706904424,0.3238743465263698,0
1.3032670022590507,-1.9531735570763837,-0.7741461278287187,-0.06707169649825939,-0.39857349264067743,0.9195564708143911,1
-1.4845205301062192,-0.311862959489444,1.2895248447414174,1.94758378155319,1.788611744025419,-0.356268380148967,0
-0.6595245829634324,-0.819837169383375,-1.7720850920105269,1.0182774448229464,-0.3741491281917111,0.5168767720331684,1
0.9740330251664311,-0.05599802480958793,-0.32557090032668023,-1.0055804615467747,1.0873441409204396,0.797251684621215,0
-1.3569604158067672,0.3087995469382032,-0.166274303474248,0.1535799171478307,-0.06449094174296377,0.8444872680611435,1
1.2718680964762488,-1.8250437107642106,0.9000243051964749,1.968542557914331,1.5901293060883361,-1.792135607475279,0
1.3285367118309677,-1.5079868195050175,0.297150300360844,1.4301224310076948,1.6310449746007145,1.4389912227402677,1
0.029870935043344815,0.2345695858017014,0.6688493487767242,-1.6105324248351156,-1.6503327685156646,-0.16698674093980825,1
-1.9744565131326657,-0.6273305873093671,1.1081971426070245,0.8254879872399843,1.7459733252409029,-0.9503356732151422,1
-0.8518474673003489,0.916693950197792,1.448811894632755,-0.6176816565167478,1.3021393660816627,-1.0329419700812736,1
0.4677076735029688,0.6091665943677587,-0.744498013110118,-1.9720709524786075,1.1652428572506675,-0.06794354862419816,0
1.924744712109694,1.3824174519596273,0.1520908214556118,-0.38607612389200163,-1.1963546412579102,1.5473261578758368,1
0.5272541080666735,0.7699713066769012,1.3604323137567995,-1.0609823131001148,1.2204768350186597,-0.4866096732694123,1
-0.9607856757433608,-0.2802756904394075,1.9578045238602257,1.2754770820818861,1.4005309387401472,0.9989029871341732,0
0.5360228123984454,0.6918664895777296,1.5580772441750526,-0.650677564616938,-0.8433986621833962,-1.6127250760511256,1
0.1599415188634219,-0.8984753029783259,-0.5141309495024928,1.3100947758152683,1.809040313449295,-0.09577319139575291,1
1.1193815806045744,-0.7747460048871493,-1.2193339311253983,-1.9976082446608188,-1.800559414403343,1.9667445615709425,1
-1.5720774446921664,1.1559406396831733,-0.042429850373645106,-0.7687233998955234,-1.4003629870114414,1.081751211169348,0
1.044111610008112,-0.2143219343936713,0.966565807344169,-1.0353391427689522,0.15032455220605723,-1.157886046237548,0
0.1650663147044411,1.19352136207341,-0.029723716986809645,-1.065730555725556,0.30316988448923876,0.0057658947916428005,0
1.8519680154359786,1.2896894946731137,-0.06727654674532602,-1.7272535209381492,0.5806003332036136,-1.0655009454057338,0
-0.6325113358452557,1.430249350645135,1.3529216843272023,-1.251502918357993,-1.9321234827381342,-0.361756290949963,1
0.5304875725357925,1.6665409433648293,-0.5543848837312546,0.2221982795424795,1.841467098488521,1.120336094939859,1
1.7281124220400699,-0.27605911794681504,1.4391786992465825,-0.8345557086490221,-1.821647629063424,1.0848992611616146,1
-1.589961088037283,-0.7245327267154447,-0.3727807961931058,-0.3304208706834082,-1.4277521891063905,-1.0875984883904595,0
1.7489139489458045,0.32879498637645543,-0.6870675772866424,-0.49253247861124594,-1.943941929895772,1.6888932726194406,1
0.7515428892032534,-0.5153103062494897,-0.184040355201204,1.5036196999995783,0.26743373317637875,0.37027273105930725,1
-1.7286517635793124,0.4042966672009318,1.0497878346994738,1.6211959960420619,1.729067535683889,-0.4803028361519419,1
-0.796145732212735,0.8223434505752985,-1.4959918885440229,-0.028172113376559782,0.6637886643218569,0.007742323123442585,0
0.8326883545811263,0.7536200739685475,-1.2143231365119305,-0.6793761987375824,1.2906298739217092,0.4202850137509748,0
-1.7305975941249132,-0.5017884519195146,1.8057793026523679,-1.5727971839905455,-1.9468751861656797,0.23956212738314164,1
0.3286818407050931,-1.3325591932049887,-1.2980334904745705,1.81361151752838,0.16806119391890428,-0.054379857855287206,1
-0.6164677721881731,-0.27788264615116987,0.2709092717242183,-1.7590922203988102,-0.16174808997791246,0.019731216357600445,0
0.48366207106990844,-1.429623423672365,0.31725786664775146,-0.8093988897268782,-0.004128223116827812,-1.2943523582884553,0
-1.8170318647499486,1.5603881407352334,-0.04150215179902084,-0.8077351953199834,-1.7111472586592482,1.2509316172187175,0
1.486147224609505,-0.6164901570485704,0.5789809943072743,-0.7183948554391404,0.7377414442772299,0.16704127976406147,0
1.8939558767095876,-1.3821610111067049,-1.0806930968095263,-1.342852626910363,0.012881659434537784,-1.4756805531811876,1
1.875511421142766,-1.8982089603769965,0.21064907110699282,1.1326457236947887,1.0605953994450559,1.0646284063311118,1
0.9986073269716988,0.583289545145937,-0.5113069790124114,-1.5100085521360431,-0.058837463753138586,1.7297759135094033,0
-1.4796550394774721,0.547609269818973,0.6466690385167562,0.5396266366126512,-1.4024734550942717,1.7892275969478484,1
