x1,x2,x3,x4,x5,x6,y
0.17361976716386174,-1.8274901548980211,-1.117731772742998,-0.3519689252791016,-1.1878672059226605,0.11927978871170275,1
-0.8865224596248154,1.7073955494557156,-0.6755940473132989,1.9460001297551512,-1.0860797135819538,1.2563647398154902,0
-0.30192963700346764,-0.28129336491886603,-0.71849316204468,0.2813663399557198,0.3272281912564403,-0.6486792542186368,0
1.3791045292796147,0.5239444734508636,-0.40152861168918097,-1.1633277571004803,0.6168167705792276,-0.23511838257657924,0
-1.9811245752361097,-1.6171048737893652,-0.5305469596242225,-1.7684318266134507,1.7297718690109147,0.16396244966870688,1
-1.5137235168675431,-0.7711097771018718,1.7918450485952264,0.784745408921367,-0.47447189869978157,-1.7004251398620571,0
0.6829963389071145,-1.409900948384037,-0.9693960898827143,0.07648090759325221,0.7349933164987639,1.8495369535946398,1
1.3034110204201905,-0.5467267266099625,1.1833838335782114,0.90331406780779,0.3430612259104455,-1.5829839805500625,1
-1.453173641260188,-0.5476671219914153,1.0901342064091075,0.7333563422756288,-0.9909057958718557,0.6894753276332608,1
0.300373317709,-0.9074057414532959,-0.756377428441831,0.9785045846490772,-0.7418936944217673,0.820370530522899,1
1.565287817249056,-0.38266192653132913,-1.6760101747386034,1.3043708877432194,1.7147393428973414,-0.22246058996545282,1
-1.1631915115312417,-0.7022361013723755,0.4867246615882137,1.7493806094027207,-1.5198882812869665,0.6438961909326144,0
-1.2586871217996998,0.9783765402999633,1.6190500494567002,-0.22983711421004172,1.2348620940153991,-0.30318544656163215,1
-1.5664924381429794,0.3488004856262785,-0.8552877573397413,-0.2108039001373796,1.5025315404732305,1.2347661037112316,0
-1.1212100295000313,1.9472363036451328,-1.1578181652255801,1.0443323000890605,1.118103717139049,-0.2889869350450711,0
1.9144951388294786,-1.2407097460336152,-0.08074144330374633,-1.2278060554549985,-0.9091792264675731,-1.7828987467402317,0
1.246732596357293,-0.6871187544526327,-0.39414141375008604,-0.3298223586190163,-1.8108934365059333,0.10165938077494108,1
-1.3122359490696232,0.6730178743025736,-1.9451287539412556,0.5986509735736845,-0.9552396662240294,-1.0916847125285538,0
1.2648989949033598,0.01904571212991435,0.1456835229529796,-1.5735838147931354,-1.5293107601812617,-0.26507846090576326,1
-0.9037050118332033,-0.7176087036193848,-1.4447426112982655,1.0798794385015533,1.0349198745005612,-1.4873843269663767,1
-0.27318326534751325,0.3635970001319335,0.038308197642625164,0.8660109784459631,-1.8822432897441503,-1.9207814924779067,1
1.7601192784894986,-1.8199454257825818,-0.8857524690406553,-1.014843307936201,0.3844326997375882,1.7946291092355793,1
1.2705975151069095,1.226137483444385,-0.4167378072560983,1.01603950067615,0.8063439226848645,1.762831686204636,1
-0.6555521995164053,0.8333774762171546,-0.633052514276919,0.21754849635402795,-0.28498375866750125,1.32588779405939,0
-1.2983581850306534,-0.3843744602382895,-1.2226961493123878,1.59331493309102,-1.816895054284613,1.722675749218884,1
-0.5086718148403073,0.7536745086236567,1.5044721410534567,0.016489093244523634,-0.1648666023693126,1.6616463531374461,0
-1.9772459705897063,1.8664051178726164,-0.913485497194586,1.185463287955384,-1.8333839721324177,1.3825310735004557,1
-0.9902945862206383,-0.24197759881136616,-1.4432571561022907,-1.2591090447149895,1.395857050812575,-0.5729182087489191,0
1.1826500338931494,-1.107730564735645,-1.4302597597360012,0.0007080227316360599,1.5579506370196174,1.505705744416515,1
-1.938980115014644,0.728197748513201,-1.3140748231375636,-1.5255870177447042,0.08122159631387982,0.579964890144153,0
0.3953735077139715,-1.191217359878404,1.8181439030825968,-0.8207133979411405,-0.3892231566415587,-0.29105837637008536,0
0.41521815617141433,1.428522841305028,-0.821920037783757,0.6595025753430077,0.752158627817848,-0.7111636109330965,0
-1.5794092583517747,1.8772856002448703,-0.7231856523774924,-1.244009146478922,-0.6305115340625638,1.2486407982615213,0
-0.4722262202275598,-1.550282407572407,0.2953620246962583,0.0663432669741697,0.5484535163765552,-1.1315165387889143,0
-1.8540957736297243,-1.6952012304924677,-0.6197357670031942,1.2193702347691766,-1.4556691115573774,-1.6140303445783544,1
1.561646253768303,-1.6077272094342336,-1.4848670476762793,-1.0858514058261783,-1.7895080685085336,-0.7264176910083471,1
1.9236834280492459,0.1128557723917627,0.03411405931499045,0.015718682378146998,-0.25133560586304826,0.5766052428258277,1
-1.760232044727851,1.353223522778376,0.8391100636362792,1.848942773085359,-1.5608076884494952,-0.16220173831845708,1
1.5621837789140165,1.7706379292957561,-1.6955711051022098,1.1876152582288637,-1.2562503393747244,0.17771943053464545,0
0.3076059976001315,-1.9886566127614413,-1.678247414391659,0.15182053428265085,1.8541288321455776,-1.3916755078194538,1
0.9699187563919094,1.8591717456582209,-0.7887938553481706,-1.694359518360797,-0.3223502198924524,-0.06616568949548984,0
0.5207357459015043,-1.3407653308509908,1.7732922053481008,-1.5910916584301353,-1.7836561323157198,-0.17047431601851004,0
0.3273687695951115,-0.1718612389551084,-0.40383444122195655,1.0489490415585832,0.1907048617145466,1.4526103360621088,1
-1.9182434718923074,-0.5384351580824798,-1.6418299112887964,1.1387387490395393,-1.3262019481221259,-0.32890011468741953,1
-1.1598936893085576,0.7042636376621312,-1.529958095947833,-0.9461520658744198,-1.779712435711967,0.7817387425939275,0
0.1787395127145901,-0.7041419068832284,0.5759689090293243,-1.383313462732628,0.42475575575438995,-1.5359456672768044,0
1.0764606844226066,-0.7498026380569631,1.9896965327212053,0.3934729046671164,-1.9978977764173216,-1.0796335163234683,1
-0.9972190834464163,-1.075749184376464,1.5707135563133452,1.2316748890188145,-0.17488279489763192,-1.6203980297872218,0
-0.8564172383725412,-0.7548832885419294,0.3263911042430232,0.4454558970119038,-0.12764200569326523,-0.4229073862227839,0
1.4095803513652254,-1.34882096597312,0.08812103551363526,1.9973555302093682,-1.7574201656112467,1.048633657070856,1
1.9000259744263501,-1.488328926549312,-1.6434949369638057,1.2649589737614315,1.5287103114879068,-1.642558417627415,1
1.5394131739644221,-1.3724188068505319,-0.0716473365329735,1.9438915808537454,-0.19737942782680928,0.9746402500015732,0
-0.5619686242523909,-0.9056676470886025,1.8467701205390692,0.8991990049588643,-0.611789528809382,-0.22934687089242356,0
0.3954357835029887,1.5828856941562983,1.6883515834894731,0.18856910987840303,1.5314873355824568,-0.4451932828166325,1
-0.5808175533708009,-1.6782924024395798,1.3431721080378471,-0.6509247798839399,1.775144421550781,-1.0185476762954444,0
-0.639239138517417,1.8960344341995348,-0.1429652438275495,-1.4214665334840153,-1.559219368208514,1.3786691020495958,1
-1.2876760419767805,1.2043226669228986,-1.3570379571707076,-0.3776031632311496,-1.5492581847573308,-0.2340127829179246,0
-1.0492231655037982,0.3224909590766818,-0.03185070382861399,-1.040912254799491,-0.4497077228172661,-1.0418679723493018,0
-1.8205508701568989,1.942620082738884,1.0976088542276736,-0.24034469479797904,0.09456150329197355,-0.5088836348174808,1
0.02172571854315697,-0.80469447800726,0.7118241522737789,-0.13030112119770987,-0.012526895558106155,0.011797630682088833,0
-0.4949901828105481,1.1456454873572253,-1.93815065671784,-1.7725573457003367,0.2444407507805808,1.4778130834023053,0
0.3712216039035465,1.587050870750216,-1.6714245190531898,-0.5615657881853915,-0.08827522422309597,0.46402579229092256,0
0.5197675023499895,-0.017946145918744882,0.15284947336660304,-1.2117657055897024,-0.7450867191436541,-1.4246466708634657,0
-1.429598742214866,1.4640878006164617,-0.5837125751583296,-0.5547388988026722,1.301526725963182,1.4332657850039556,0
1.7353651978656761,-0.6366174404424072,-1.4367085130400086,-0.03228799919905523,1.4805600454657815,-1.3169518363607207,1
1.7855195232364052,0.7227819939261328,0.5684538191905539,0.3053327693855534,1.8039808050113182,1.1690132396407518,1
0.4091866309234624,-1.0539096904288785,1.4747387900374442,0.011126861822442269,-1.4984169202650937,1.0462114872253574,0
-0.44893487869347704,0.7278543595334588,1.661686493085457,0.29523025728494634,-0.45049011524269034,0.11538335428808377,1
-0.5472479835626007,1.091995762715566,0.8185668215985715,0.9136879395402544,-1.5986968279740652,-0.22966439858992294,1
-1.182618892525423,-0.2205705573172505,0.31852585128282174,1.095438684177548,-1.612079446986709,-1.4947751865875167,1
-0.8929397544146593,-1.52661765784663,1.7260366561272185,1.2778103658610789,-1.909731098684722,-1.3994353866073883,0
-1.0138564751858015,-1.717053994561299,0.7377658089139478,1.730982198274337,-1.6137921925020495,0.12946718878653618,0
-1.3055679930391797,0.8018132108619942,1.2823227568466087,0.4360989160388504,-0.08175883115565652,-0.3199933935919095,1
1.8664387779492944,0.0615624725910906,1.5030743045009358,1.7721470649876245,0.37543213257065045,-0.5545294733602608,1
1.8280504014111925,-1.540496534906549,-0.21671184686077982,-0.49498130934842965,0.13857143900725077,-1.6899057048140267,0
0.3918947373156829,-1.032040387178291,-0.29693507024167287,-0.08820678071288368,-1.826894971103994,1.5888385053012177,1
0.9252030122396904,-0.13539915575065553,0.07238089821801408,0.8764935743764926,-0.48945174975319805,-1.1369057042157746,1
-0.6384591086502556,-0.37528038611769343,1.8566628143777697,1.721275908334564,-0.07331109817125281,1.4191130161567558,0
-1.6317775864910455,-1.1512158547994122,-1.269403635024589,0.9811151221667576,-1.1085634565072526,0.1649315767112034,1
-0.14600792425140918,-0.48724898448757425,1.5791635906635961,-1.175120349359081,-0.30249270449050103,1.733607675394813,0
0.0347955729527758,0.6667941266225732,1.2929079608168577,-1.0036914859564683,-1.0456397371792354,-0.9130406966162798,1
-1.646159307988437,-1.2670492908530346,-0.4304582716753873,-1.8725928339481408,-1.0719207840382285,-1.5816991378225587,1
0.11214089327218968,0.09858348682322138,-1.7345338758229714,1.707786219842903,-1.309552458013079,-0.8951949113069277,1
1.968632146042113,0.9447026565746102,-0.8545075220835696,1.9765712097734087,-0.5904616377724219,-0.38233759038079107,0
-0.4198562729670816,1.0767226172151263,1.167404931894509,-1.9772851612189992,-0.3183211245326514,0.7467971136010525,1
-0.6576142331257269,-1.5027973976097333,-0.982771809991962,-1.297077733482014,1.4218063905025442,1.3428026649684197,1
1.221802149317119,-1.7998622177068189,0.21774169894864404,0.11090792594011756,0.9652819288747332,0.37549475677901256,0
1.0173959783294144,1.553106158476775,-0.27290644564213995,-1.932541249958219,1.0963429930594648,1.9695845085556658,1
-0.7477342336459611,-1.1411839040909388,1.1360265392660742,1.0450264711208463,0.8736330412545192,-1.608997016445469,0
0.5361467318491004,1.054551839781697,-1.8271137988459416,-0.942792351345505,-1.7376225352221515,1.8577169604663522,0
0.16161830120286558,0.595360551602163,0.05622281819707897,-0.9922738587787285,1.2466866165571902,1.892391590823502,0
-0.8128249964799412,0.8518342976177715,1.7087402383816523,0.4481716739996231,-1.8862417396435505,-0.9555824557753025,1
-1.556848395270217,1.2560517521258907,1.8341967703099962,-1.0840839760628125,1.8704813582257698,1.4838292171505354,1
-0.7494388084970276,0.20149681835339095,0.5489008240271471,0.4951673469499913,-0.5046183074331259,1.796899533637625,1
-0.1720834798029367,-1.6839961373051722,1.2417011204666326,-1.530235271568098,1.3083163478188555,1.3316393879248483,0
0.6357602809047878,-0.5245853948907331,-1.1996413461203308,0.6936552885474372,1.3741102802502407,1.690349252480329,1
-0.9829699287291276,-1.7372104713773004,1.676330563275946,-1.7706472303214444,0.5816669015458973,1.8264667363421059,0
0.5644050348028067,-1.1056090162475778,-0.08679194311186,-0.4148348398475501,-0.058247119800898695,0.46796433486219025,0
-1.1995055711263873,-0.9959484344837697,0.5436477254908292,1.1436990989818256,-0.3205480169626833,-1.2283624772598754,0
0.6304992221159349,1.7669934726025152,-0.3257051194248981,1.2379752027718323,0.6168189575182126,-0.49595534405493247,0
1.113156861799394,-1.5271809125768017,-1.001894244538239,0.47389902356731284,1.7214535598244352,-1.003428230802578,1
1.1183935944429986,1.2562890537692488,-0.9309250134672848,0.11846507488394442,-0.47508719598801274,1.2878415154428855,0
0.4413126128375753,-0.6377681674853029,0.4841977354698166,0.3466272031192754,0.09776318239553428,1.0704831894843245,0
-0.7639986059023913,1.1974096878555298,-1.3995831492344433,-1.1656215896677975,-0.4183309900375738,1.6671235577880403,0
0.7909396300518239,1.7949112919194006,-0.4359441773524053,-0.650804035933858,0.583577986998483,0.5792312976954319,0
1.4384731829162605,1.5775466558268016,0.6255827455791643,1.425070042706838,-1.0958132903167508,1.1969836883420037,1
0.5012950310272304,-0.7953359156110658,1.7824335319717273,0.7965311957919288,0.9583350545552012,-1.188110269738774,0
1.9296313184381986,1.043824380453085,-0.015067203350352276,-0.515417873206236,-0.043731096335233755,1.1440354195029863,0
1.9060005080634213,0.3513392118625247,1.3300482705201464,0.3722364022138227,-1.7321108833393266,-0.1909502982300033,1
-1.3332234752045675,0.3216868468544605,1.8842732543032046,-0.13108070289579876,1.026951474375359,1.826866224463544,1
-1.9072874540863856,-1.7715634956226514,-1.06831495475009,0.907943028735068,1.3217623233692524,0.05617881371801969,1
-1.3570218059716734,0.06820540527136965,0.7038786651338738,0.7411208082091791,0.018613436535393824,1.4847283960514668,1
1.6939873010363495,-1.1487257048509116,-1.4401115650558824,-0.7773772172937026,-1.8735869122472844,1.684884090101781,1
1.8141993995181358,1.8521686641978699,-0.7482874377952617,1.886012757764386,-1.7260304175571193,-1.6243887055912394,0
-1.1560863251262146,-0.2731070728799865,1.0970165031995505,1.68893732966507,0.7920420449522312,0.9709049657513855,0
-0.5578989967415673,0.44205329826835893,1.7042459022598053,1.3609435239571783,-1.2086186532036889,0.4436234049733918,1
0.19750104651068856,0.2685258904145478,-1.7712973217761698,0.9616426916218099,-1.5257490860293794,1.5630123067483228,1
-0.9126766032921116,-0.12023272033902321,1.0595007916765002,-0.37676583914165285,-1.4752223154346304,-0.011611028737214646,0
-0.15759351570059943,0.5521922790712734,1.2759339495184618,1.1021551980344548,0.22719975606592557,-1.3195565314378657,0
0.7846462592935413,-1.6280159812042134,1.1704733970870183,1.9191961641028499,-0.3802228957537599,0.6347698735744238,0
0.0014235866994600777,-1.4173366963692589,-0.03280319751302008,0.8738005719199853,-1.2622787690564778,0.10357870983123796,1
0.8642839622573444,-1.0923817868933279,1.3633784833501013,0.22288808672799698,-1.551376193923708,-0.33693392514163945,0
0.10382374491911595,-1.6628355308515927,1.1911518233700646,0.9446442841899545,-0.9752389807074002,-1.9880109322526338,0
-1.9944039075238247,1.343342906225431,0.7950356963026053,-1.7503586316740742,0.030113973285050832,0.6350724499248099,0
-0.4211988532406581,1.379299344609029,-1.95914410036147,-1.9109771310685284,0.519279874354786,0.9632194013105746,0
-0.03133212039540023,1.9448452384321264,0.16004511254860754,1.766011743908261,1.6093668699347052,-0.7834642849066245,1
-0.38847867448343143,0.18713185798609588,-0.9490338482271388,-0.1674638601155487,-1.4517119125497109,-0.9366299960976336,1
-0.5828067995747177,1.756989070039538,-0.8081001112770347,-1.651616240778425,0.920259250757288,-0.5016573507443822,0
0.002457277771812816,-1.6827248230769123,-1.7623830462003363,0.6005576067114147,-0.19399097384097352,0.7143833844346776,1
-0.21929348467544685,-0.19059374387882455,-1.6183103000545742,0.3428340033485253,1.1074289644928346,1.2706483966858224,1
-1.6382688472142566,-0.23137702316119668,1.114656204451073,-0.35173110417447395,1.8008333747213046,1.3497476841604605,1
-0.9057483198902374,0.5853727111589078,0.9171623307815175,-1.8686833967237724,0.6317467415172793,-0.5734626485039498,1
1.7739083909709077,0.1283813658025088,-1.6516600949492388,-0.8613044942061086,-0.26811539316388666,1.7677264977244787,0
-1.8938214346642321,1.3233120157077907,-0.600593461772938,1.3157588508161817,0.7335154671046586,1.8020320614880858,0
-1.8400052414373969,-1.6008431088824686,-0.5369907294128606,1.0215803695449832,-0.676810785494451,1.7351564125830103,1
-0.8674385611207218,-1.630730890993393,0.4163507534857436,-1.7354740131053914,-1.247607106815876,1.4879359291388,0
0.3293766808670755,-1.9222474212878868,-1.7008791009669273,-0.3491848676126783,1.8913538484827401,-1.176378549438435,1
1.9635712116993083,1.177890301672663,0.2507076215467512,1.9247367711869368,0.34832597915237207,-1.925148165392017,0
1.9705689496118723,-1.3954397952525706,0.8557810347354731,-0.84255642041698,0.5083912968300806,1.6080785374093582,0
1.9724694899241793,-1.6777292270446647,-0.7165703062182449,-0.6204472062479249,1.1600149079227018,1.145027831310463,1
-1.5598066761337481,0.7975480561662529,0.7330124490096983,1.5188908067330709,-1.6835584563509585,1.3132489676567394,1
0.6579257838557604,-1.820522086638149,-1.1851423600870845,1.1146534311019254,-1.9121683056478815,-0.7748021607197821,1
0.09594733795325139,-0.9385963907621226,-1.5824843419728838,-0.8780534552163957,-0.96563449727766,0.44021257136838576,1
-1.307400360765076,0.01675666029335332,-0.09671158406655866,1.0070806584137757,1.6191300019986543,0.9096723367576915,1
1.771840979660103,-1.8509852095741093,-1.2569009677664682,-0.9584450843209336,-0.3196300732923527,1.8464956290528471,1
-1.0325596560949908,0.32603713183089145,-1.9424318521626782,-1.3317765902855694,0.7240052777395594,0.8563865844259824,0
1.9957290753728478,0.07064288580707556,0.901915986844279,-0.8184118189195004,0.16143867790100952,-0.022014947382132277,0
0.33077526059959483,-0.2931968746827982,0.6321059380809566,1.5337301652382775,1.0390998944568,1.6567078269046314,1
-1.2668839974776969,1.661063928512584,-0.16890714478043956,0.8126713813521627,-0.41712542828477117,-0.39838761610928897,0
-0.452618312328839,-0.2968410669039385,0.1517442164148597,-0.23355481976406756,0.4863987553884712,-0.583606179846663,0
-1.2413058843514015,1.236762979473669,-1.8544418488785102,1.5591860345596746,1.3218916268767318,-1.3460148954565536,0
-0.35691730789876,-1.760527943714112,-0.2030573349203859,-0.0502991887887565,-1.0438954614055773,-1.7537113297346716,1
0.37872027560682175,-1.6465298157464408,-0.7709839613489096,0.7504143041203175,0.3943956791760752,1.1485694447020989,1
0.8663443725133595,-0.5788617123674382,0.15886661630608057,-1.9579581290722734,-1.7219673840861565,1.0508764979375558,1
-0.052434070523506016,-1.409248050493813,-0.5409935049040708,0.9639188291285041,1.0158200873385304,1.8810898824947224,1
-0.7616407289331817,0.768923570167805,-0.6304131402847077,0.14747750110638957,0.8887529453985819,0.001180017154442492,0
0.3097654913113894,1.1411686127707363,0.5453518613846406,-0.8159656870333447,-0.7330888290510975,1.421122839230272,0
-0.23316872172502823,-0.3314480607715353,1.3409051057164336,-0.9358455273769577,-1.7972904827641534,-0.7645924171739509,1
-0.5612875895978551,-0.7066088809271118,-1.3528697270092702,0.2838357743317723,0.344414494244897,1.011889029484684,1
-0.7146722719647456,1.664428188515898,-0.7573034961683982,1.3053145182154373,1.3640016275356848,1.6993769636411065,0
-1.1671710392159094,1.3496509028252128,0.8030632713667627,0.6993344700276785,0.7175976903673744,-0.446401748679202,1
-0.19496550375266253,0.38784071127613773,1.6022049760078714,1.5532967610549515,0.9071461072926117,-0.8303045064161414,1
-0.03262835894378435,0.9852307897950974,-1.4583854552449833,1.2447693939013424,0.9222918876687456,-1.1651805921059113,0
1.5963052591748448,0.5221085545634607,1.9044235003913421,0.3852242248352642,1.3356834929706727,-1.2772394742592073,1
0.9174418441177647,-1.9417414052653017,1.6802739469395527,1.9132244871854818,-0.021622396951614498,1.5586358325826035,0
1.080359091678782,-1.348164092349668,-0.9849436652560297,-1.7383469407003762,-1.0492233701654436,-0.28038510403091,1
-0.49824300975204716,0.3592050282597219,0.410732696914645,1.577153816187412,-1.5844095616865284,1.6974694671482657,1
-0.6250418590584625,-1.9517276376030206,0.8567922227947822,0.48973046177349744,-1.4215302850202698,1.6385337379451403,0
0.6201408239972896,0.8596258049633247,-1.6841968317407625,-0.10469480249373309,0.750049488051209,1.3741844470552578,0
0.8441519728419902,-0.5216218694367449,-1.0154539702911323,-0.3055132913583831,-0.5062360115120295,-1.2949154792010482,0
-1.545849699125295,-1.4939773965002883,1.2629628751636663,0.510731837949125,1.161814436256769,1.8397859726217107,0
-1.4678852425056998,-0.31830892655748144,1.3253780459801758,-1.1305887872228015,-0.38683279306978635,-0.40595714718136033,0
-0.17584376957550418,1.0352498548341362,-0.5175653227236587,-1.0663971845701399,1.9339876699538352,0.9189816647739542,1
-1.3610550793659595,-0.6121711118340931,0.6025113329875369,1.5802380808999281,0.7535712146773963,-0.26142587645771,0
1.846567615098583,-1.8513935101829118,0.49469276737117873,0.40066367381746604,-1.5360166979666818,0.4637939597212428,1
1.3504629794472391,-1.037796854732087,1.0860886237603542,-1.568806018742817,1.9172027577353994,1.975483046471493,1
0.08064274815169314,-0.6267546050001016,0.026468562442005794,-1.9204054168074283,-0.12309301466889089,0.034836935196606245,0
-1.1269109690873824,-1.1733871039640191,-0.8510386040467264,1.1024921490412858,-1.225382477685098,1.9959471897174295,1
-1.4603251098704049,-1.4601025929531386,-1.4521135113909356,0.5858818946287885,0.0025513231756049137,0.7102262105186026,1
1.9162813819354754,0.37901092158966376,-0.8105722710403804,-0.7102768302175382,-1.2489270155508545,-1.0331228810214745,0
0.8281739827565726,-1.515656548029269,-1.5100041833641629,-1.9668988662652245,-0.8131510258274455,-1.2602539264079593,1
1.4399022277826523,1.3552636366644144,-0.9795556224032875,1.9031414790517447,-0.12745921688918527,0.916687495685033,0
-0.45130948868544385,0.05044970309889418,0.05743112420524854,-0.914454169899503,0.5675732792263402,1.6928517725754917,0
-0.9966639206731007,1.0345005482379634,-0.010737361812436674,-0.543970474277665,1.020930169505788,-1.1582935131830272,0
-0.8022479242211911,-0.462112849420111,-1.6492652015985017,-1.362363805328266,-0.3981135830252982,1.8882016276698699,0
1.4275821136200628,-1.7749143700201584,0.6449407960082536,-1.4109382538444346,-1.960236334818132,0.4010136158298714,1
-0.10806403772711581,-1.6099580078454796,-0.7458391795706292,0.9140508440401649,-1.218352741448705,1.970407381073365,1
0.6531081880645129,-0.272849169349358,1.6420695273001118,1.3327628431390601,1.8149547192615052,-0.4172472765363442,1
1.2229144297471408,1.1755410511124502,1.7389656988729807,-1.3157880538521929,0.6173717976761104,-0.11437950758699911,1
-0.9880779814011036,-1.6234637694984357,-0.1883142193483125,1.238625453848074,-1.4234566353807008,-0.6168722054135154,1
-1.6817062441187005,-1.3562796735647233,-0.4839494009552885,-1.2999057533562315,0.5803267369659464,-1.8956596376976127,0
0.9310424200628606,1.8287909303632048,0.39686978661191885,-1.2731013366416901,-1.1176615061276185,-1.449708039149114,1
1.845589910014422,1.355555939616833,1.0078973513298926,-0.616559397260418,-1.929804674458759,-0.4296506426543898,1
1.815218936670651,1.3592438022817985,1.6375363990232823,1.5022463472712904,-1.378935434039838,0.5971882541430271,1
-0.03800379246440144,-1.5881649589108817,0.4834979922653071,0.3163703690063433,1.9098624447870316,1.8516511712790296,1
0.5287682577310204,0.7425638635944898,-0.7842216635117802,-0.4387395137094461,-1.051630431986975,1.198280620763747,0
0.9319800793519692,-1.6085878967830975,1.3019468573097037,-1.651227936414216,1.0746959450771607,-0.6973664613527966,0
1.6096380129918648,-0.22271462309472545,-1.6652333720753885,-1.2456335549104347,0.6032119965478495,-1.6418650202630714,1
-1.3510123250071997,1.856367536061882,-0.7408959385996217,0.6531764541325131,1.4463189216620513,-0.7106532014946252,1
-0.376474710529755,0.3024547441468557,0.9932666489319595,-1.5926049767371326,-1.5646438950401826,0.3752332182576912,1
-0.33163705766535667,-0.17660650020155533,1.9351775692921396,0.44672091546801074,-0.2436738550004658,-1.9184512691659137,0
0.7823641131682955,-0.27883878349167635,-0.9440624573744518,0.5532084598180775,0.8536219786208981,-0.8332403024313102,1
-0.30061104830067364,-0.3773275381668686,0.9506676399559155,-1.0762416102069081,1.1428370095771965,1.5825994170614126,0
1.432456904205719,1.7854419313257992,-1.154526872211644,-1.5989418720255104,1.123256869619035,0.13485940223486503,0
1.387729918437676,-1.3103108225573719,0.24061521217760617,0.2306523130015954,0.06441321890315654,-1.6711826649191317,0
-1.7192035443652447,-0.8091484371899029,0.35537101663503634,1.9929585778732917,-1.9148702809179743,1.8057365063773556,1
-0.792990346063406,-1.6932893687458557,-1.597929715810447,0.39801682630201585,1.914375762006756,-0.425573135599115,1
1.9184947241206807,0.5454852005506368,-0.9340782184682408,0.37853787626214785,0.6098668388320996,-0.46161362745544565,1
-1.8574920137878608,-1.0585455231986294,1.0448606575650254,-1.9691613013911562,0.5040734497110737,-0.5547235902133378,0
-0.03042941200567162,0.7637266485731025,-1.6569054620947794,-1.9744453499393333,0.14556429912615654,1.3081932536555616,0
1.8095074120541854,0.8061343914842851,-0.1363419912493069,-0.007125170376647283,-1.5653887243784572,-0.1541282981782519,1
1.2422950341178844,-0.09839188158593615,0.10597483378249084,1.917740617321078,-0.6878002542067434,-1.1535916022781216,0
-0.8226782348145152,0.7573642739330486,-1.7421359393435,-1.4183097536213167,-1.2739905335132633,-1.8091100466865293,0
0.38493407407336466,-1.6609938387753242,0.5407411716737625,1.0992546036916653,-1.2579080579422057,0.036946390999719636,1
-0.27528859080108026,-1.470151113551986,0.3063768332354426,-0.4843426295163278,1.7069584537315352,1.5757935606294766,0
0.3695900119559452,-1.7127103041398684,-1.6124725313447237,-1.309298270065892,-0.16117799030120228,0.12899137256077653,1
1.5750084188808242,1.5824120673771187,0.07333639575054951,0.2686284539045318,-0.7352158974173477,0.9721785376523124,1
0.2160847590868249,1.027568878643109,1.9903810827627821,1.8576410978468814,1.4689502916325523,-1.7617361715008584,1
-0.028533970618904725,-0.03965983726166433,-1.5659011747537912,0.28868274394657956,1.8900948224913852,-0.014210391883541895,1
-0.7229181712419952,-1.050778894933841,-0.23693690692654412,-0.4054018349611952,1.4829385546226956,0.49460080736875467,1
-0.946536867797104,-1.1418809514774364,-0.430647201692429,0.5365087843119785,-0.9914331686950839,1.3437475261783236,1
0.16912245414318328,-1.7499707626818157,0.37711141172735285,0.6808660357043541,0.05734609968560278,1.4179375525691897,1
-1.670941904271904,0.3711118159494289,1.4772794476794666,0.5683768184656293,1.2122371662101092,-0.4563464099209589,1
0.5425468393015942,-1.72140647981997,-1.4922717109639048,1.6793168447281746,-0.4221355288494033,-1.0814247123793095,1
1.1856209007448313,1.6895368720653892,0.5827890536889684,-1.403695282139196,0.5477873385267826,-0.5721794416319859,1
1.8189900217232355,-1.0498743703933275,1.6262602408455695,1.9643851406016828,-0.03040015602485635,-0.8847653562205813,0
0.7384970867708516,-0.38081774229853016,-0.9196987631530331,1.2283461669920799,-1.0313457982730094,-0.44565450476089197,1
-0.04682733277960294,-1.4854313005591209,1.3683120413635215,0.31126230353821605,-0.6764504181673816,0.26041662003827026,0
-0.05834275926253074,0.3350122733789349,1.3463935867484782,-1.6494946491685911,-1.5833943118335614,1.2884415528033735,1
1.866771682331871,1.041130647914891,1.4483916883063062,0.08711439128279208,1.5246897543652702,-0.09701536449981818,1
-1.1546084500115135,1.479145017850049,0.6340955501821495,-1.143770844712106,0.38994384329002507,0.9416062989883538,0
-0.35340744728866813,-0.2607422729493716,-0.1732407537113967,-0.04270246919531484,-1.194843306967626,-0.16153547902149423,1
1.9586623071171334,0.9530380783339121,-1.1088060283049614,-1.8279167204768005,-1.2154200680031946,1.9440521043505408,1
-1.886352573146993,-0.567823005284779,0.6358556152213946,0.02613233340985266,-0.11823566770744787,1.7926992607278884,0
0.8053060563740644,-0.8431871573148584,-1.3949536721222775,0.4672906922631954,0.5785474985466901,0.7964161730064205,1
-1.8993137444607524,-0.07869416524969175,-0.27671968691724835,-0.0106440030975965,-0.07364975821251019,1.1994216625648781,0
-0.7164730956538552,-0.033401633717922596,-1.8681346799046246,1.5559854393661818,-0.13031301098230408,-0.036179445664897614,0
-1.7058917525377035,-1.7534755109799613,-0.45274336831521644,0.9761611094980491,1.7121762932862126,-1.9504618707715835,1
-1.756461742613458,-1.2067291014292145,1.03605726451294,1.9605093615102924,0.019829896139647474,0.9491576529323296,0
-1.5543747331837872,0.6533555923636256,-1.0230864585640087,0.7290716720386206,-0.30002849167688606,-0.4723549815010286,0
-1.3229243674182762,0.519012023708743,1.2787039400033207,-0.3199238218281968,-1.2482282843156076,-0.43083166679326634,0
0.5107451180042162,1.659092275619273,1.5155475360370607,-1.131098964014924,-1.7206512476447737,1.4869255173454339,1
-0.2464276214406267,0.37100248915631484,-1.24575265105275,0.915633200123803,0.5249553290125872,-1.9957704442804984,0
1.323615058415899,-1.5669329443909041,-0.8131643696822457,0.948603286010933,1.8803286978085452,-0.8460726525870506,1
-1.040831241742111,-0.2794166169707224,0.9898828536200699,0.6955825501192914,0.2162589361112306,-1.212453358094264,0
-1.2397891683210518,-0.17615284606265913,-1.9393136040583232,0.11128352698073041,0.7560874908794908,-1.458736713866077,1
0.8475986343316628,0.33783563509448467,1.4834403716164601,0.5978004018063992,0.9118235269228037,-1.825840700178261,1
1.4331797013071101,0.8194087163842441,-0.3076998274040954,-1.132486489039815,-0.047776342998993915,0.19248262715853182,0
0.23622354238407794,-0.32284908451631633,-0.7118381246372869,0.7848048723414611,0.741614325719337,-0.7809910610283444,1
0.8176816331554284,1.0610651621749834,1.1171446614996783,-0.9931220408096788,0.8491245196926567,1.3612243249004985,1
0.4204481420727162,-1.658558314539198,-1.9133651095689324,-0.08776661699244848,-0.35102238397952457,-1.8007471390156353,1
0.2368691330721604,-1.8338419283628609,-1.8043009859004306,-0.2566828977210891,-0.19658390246399504,0.005489099604980119,1
1.441576763630347,0.869689245255366,-1.2899437128817062,0.3387153652443198,-1.6563552704791276,1.6470324095285158,1
1.6790214366002791,0.995544021969502,1.7806788637555275,1.7811953762400123,-0.9626117757670913,1.2937172693535386,1
1.3984293030359254,-1.2014577832729474,-1.7191029068931951,-0.5288756802783579,1.682468734292315,-1.5287382216982235,1
-0.9821338580221819,1.1030879503607842,0.23446013885593553,1.3907608280748458,-1.7976176339550163,-0.02383365802358517,1
1.5102221691470836,-1.6491422652613243,-0.2897192734071443,-1.8824605928190863,1.7680517614624733,-0.35954226160505964,1
-0.259479239631097,1.7377043747614564,0.7404606568469401,1.3183025491734042,1.0704936728426384,0.6175168990407935,1
0.9179773758580319,-1.2458182553423196,0.8183922552987628,1.052162083593188,-1.1348031579550661,1.4001051459764593,1
-0.3494369298448228,-1.1783129011489626,0.7105783147205833,0.21287254914235998,-1.2162170873277565,0.6077224366589653,0
-1.23665581675511,-0.03762985330314583,1.1764369169215008,-0.8847461738212536,-1.0435509481070442,0.011021929107954964,0
0.8240780798246488,-1.1473755849521337,-1.0861257242032885,0.13292812369182094,-1.082169875559401,0.031140230288339232,1
-1.0374687162805882,1.1164357213212917,0.9305315531422291,-1.1827731069362852,-0.2404764648869837,-1.6820837277444758,0
1.4052977073319814,0.47052756202804824,-0.4777226357694375,-1.8821749242839076,1.7526483053457151,-0.8448131127590006,1
1.296409157034347,1.3294420918669054,-1.9971127651613045,-1.5485190711199976,-1.3711632445071293,-0.4085095785699844,0
0.100847146455882,0.8229129013579706,0.0777155626571937,-0.9842400706587751,0.47449906756925486,1.624632948356572,1
-0.45463682277532635,1.0836949728170433,0.2542727211464597,0.25166547516860316,-1.4639613103787927,-0.13589496578334037,1
0.3635231629396989,0.03859026249439834,-1.0825922703442838,-1.7243890470317567,-0.2590589221541366,0.46895124792038256,0
-1.4499055403686971,-1.2089814001079158,-1.024467012518051,1.968125209685263,1.0266532085015698,-0.004110641260728354,1
1.2330816315664332,1.9290871935051292,-1.927872337958509,0.9929132854868934,0.4507870607783522,0.556682880034757,0
1.8633032609779399,-1.1827956118310472,0.4060315753108701,0.754100771328583,1.4595643925931405,1.0493139868265042,1
1.1191832169317393,-1.0708525364611092,-1.0304650478894115,-0.44174508714317273,0.2650859149750975,-1.0384023242590859,0
-1.042659671616721,0.4738100403003025,1.7598463755183755,1.7446619400178798,-1.3367933549646436,0.11467260790570988,1
1.4690416524337224,-0.24192979648308288,0.36525820445976853,0.2479355211825709,-0.6977092954268116,-0.26010959093484853,1
1.2324600515748014,-1.4896510813861519,1.2113997834541488,-1.4232694415359384,1.7527790793056575,-1.448112445311735,0
-1.7452755031181262,-1.4966274563882003,1.6075189803116952,0.9795726450776763,-0.40054658815973543,1.75299243073098,0
-1.075086783804788,-0.9591769645081407,-1.6799349077453019,-0.960204176071537,-1.9396502233422828,0.5490100324512892,1
0.3587417948141072,1.6407497594512273,-1.0833835621625996,0.11619586545781413,0.37931087276490194,-0.5594065640295343,0
-1.4500522080889033,1.5829079681415013,0.40734534740123163,0.9375012778781588,-0.9251268373356676,-0.0494675068674999,1
0.7137628174859434,1.250469979966189,0.6686146937904724,1.6579686157727611,0.8408663788036304,1.338465841856229,1
1.9687627580609885,0.5270240046078607,-0.0074520371576571875,0.32268287350586755,-0.3103849904863676,0.48030136223116493,0
-0.8569920607377131,0.39574532403141927,-0.9065084119410494,0.47907285867445193,0.6747623110676586,-0.04735025964580952,1
1.0436510382354003,0.3971474980184895,0.5249447117224779,-0.9238545665722211,-1.845789329326942,1.1656444051265926,1
-1.8138913293354455,-0.06858264336791198,1.6843202309578786,-1.0913158014195763,1.2319722582710426,-0.16725421217985526,0
-0.6698563739111734,-1.650920771194989,0.12152097215365476,-0.48135429127757634,0.2707505402280912,-0.4828074355527847,0
1.7782111641082294,1.4647329975775616,-0.8157607124865383,0.6987888399277673,-1.6828917365032616,0.28463715149450275,1
0.5460681650191144,0.7064713024718685,1.215166174906941,1.6276518731992131,0.7466273734555093,-1.0959825035343878,1
0.40739442452757,0.22572812977884515,1.5741650725571152,-1.1081619497406052,-0.09077058029873664,-1.8754528963207564,0
1.7127387258545856,-1.298229118668563,-1.7417404028834444,-0.38579973832410275,1.5670985155974293,0.6185210726312786,1
-1.2732823568135463,-1.354271049211897,1.6401629661675448,0.6171536960152393,0.1778765724363236,-0.24696435658726124,0
-1.9287072638939158,-0.8837533055258349,-0.6473918252897022,-0.3293251603833691,-0.8238170825688043,1.9908087923590694,0
-1.23971129546331,0.6115321310186883,1.2899852728587593,-1.6383718132875993,-0.6024098968033229,1.876960127573779,1
0.0874871912983588,-0.4680063650226107,1.9784534300009935,-1.3020751278784668,-0.7045640523599057,-0.9202643485995932,0
-0.016712056385318252,-0.16033103121025372,1.9736164362813944,-0.23150050201717987,0.01953742073773146,1.8262411283893547,0
1.2019648222766102,-1.5316945466629122,1.9568495857548558,1.750191479557449,1.0708546485221047,0.5497244800768701,0
1.4377452457796442,1.281992749387761,1.900591044120704,0.6708173778479414,1.6933454652497368,-1.230934816101127,1
-1.14817587103862,-1.8937830606178405,-1.9282418081023276,1.9543607263356462,-0.8264172320409058,-1.4345638192268213,1
-0.2509246342093454,0.9508254559869669,-0.23258076414404982,-1.6185922048832024,-1.5381046871359465,-1.1040347769529166,1
-0.3135299637496418,1.4332603092138552,0.3058630309403769,-1.9100063354786743,1.354739409211994,0.16172416288717306,1
-1.7811304916722328,0.9778254669300281,0.0659396348996042,-0.02784121245402682,-0.7881607266545227,-1.4319493584862442,0
-1.9602652253160682,-1.5739595371732311,-0.4559796340670754,-1.6966022850148712,-0.8897888581777096,-0.8773350029335747,0
1.1590627173440264,-0.3564013794383514,-1.0525922819710152,1.0285636147688626,-0.36025207166163753,0.5273294384502782,1
-0.8987471248204066,-0.6518564470906676,-1.0513795617538158,-0.6801406831497152,-0.36883884622680174,0.8468166123630962,0
0.8709600181733457,-1.6006517585076203,-0.3616755064682211,1.1683787030794601,1.9210280613373083,0.008038942334811061,1
-0.31457631297377686,1.6923663090660432,-0.7514239412499286,1.0262701821429738,-1.2639238147791199,-1.112558001036891,0
-1.4266565113240017,1.320727782938004,1.1095165620755383,-0.25698193219351984,0.6430330420801131,1.2628149812141318,1
-1.2299132789920826,0.21513733065611085,0.5888608354611269,-0.5700818301333035,-0.8763358833077186,0.535676298193787,0
-0.7447390667294589,1.917925819476927,0.3798126491164475,1.4482579794195352,-1.8598428527355,1.7353329449756107,1
1.2206806694691887,1.2928605893726526,0.2443890424823052,1.994151470040658,-0.6950194824589033,-1.785342249360633,0
-1.94949667857008,-0.08848078971881757,0.9423139117526813,-0.7838269138642935,1.4130733725765063,-0.1245865288608976,0
-1.8035761092097764,-1.5361733984493076,0.18046259677877696,-0.38368605120302046,0.47645076279076726,-1.3314725697457495,0
0.2640015399403741,-0.3284894406589429,0.15343836714196213,-0.9297300729488365,-0.13969639220117402,-0.9502033212317844,0
0.7472427846175842,-0.592287486835446,-1.6372357672789413,0.9242920978959126,0.29125414716802833,1.0497453898545706,1
0.907243620206827,-1.486869690933299,1.4052328655919268,-1.148334528099662,-0.6147654580783044,-0.9204014632107094,0
-0.08122495479329217,1.1466854845877417,0.9580003649151458,-0.034130033653566816,-1.532739319244949,1.5705635388602923,1
-0.5293731128858861,1.1138280351281997,-0.8229592224587816,-1.2247285482536001,-1.0223181210878876,0.6113539696417858,0
1.3598803968070055,-1.2146254644629133,-1.2337035476543172,0.06363003895620079,1.766725077592262,1.3792212211475836,1
-0.18334579019597852,-1.407334057068208,-1.9291095455926097,1.7760353297789897,1.492287248650125,0.5464196455097179,1
-0.7145366448712052,-1.0268275390458754,-1.0632055755330305,-0.0539884886006905,0.07837951436008428,0.7075643555528894,0
-1.629120531315834,-1.9243689695234139,1.3817807909148137,1.8158168688139025,0.021836467791199077,-0.6883823107629632,0
-1.7582482714576577,1.1548942787945298,-0.37324357041553125,-1.38374398292346,-1.912699272132933,1.9067667840407543,1
-1.6361953311965007,0.36760294152783457,1.849036951021934,-1.1439310902151396,1.598506759854867,0.389317106743829,1
0.7308258257132283,1.0879776867439412,-1.138654390928635,1.8007123693346259,1.3177665866744301,-0.8395189928093707,0
0.7229430689225507,-1.6141438172253046,1.517369032908789,0.7594092888962112,0.8068596183863721,-1.9230932698924401,0
-1.0273033364502986,-1.070478527822039,0.9778211186688268,1.334121418832055,0.8988763186467965,-1.1982203435545693,0
0.5618457686241194,0.4362602524082577,0.5246816038354618,-1.8413809620901178,1.046407263864797,-0.4192542281382532,1
-1.7234432675537943,1.4926685164894047,0.3172930276707766,1.620175620604202,0.933294759817461,-0.6644649671246672,0
1.4916798469850607,-1.0913431790613282,-0.7895388756571111,0.3343688103453566,1.2308472367441516,0.4979257704829232,1
-1.561572200669949,-0.8565067748974005,-1.04840669987105,-1.6890333441328926,0.1431715356828982,0.4589420149387884,1
-1.3237769395222618,-1.6144226736871037,-1.2015347453303091,-0.8692212202038294,0.1567327309171156,0.24709103648776187,1
-0.13048803421860988,-1.1382690940898876,-1.930864458435233,1.1907819935820676,-0.15282097425391417,-1.3490516999010502,1
1.1037968776134903,-0.6488264031073481,-0.3311224028686359,-0.7735284581643764,0.18041253110877786,-1.7909716917950895,0
1.4177780628202261,-1.9929977681874478,-1.8262359036474378,-1.7760106323172433,1.7963972111431583,-1.2715267129334382,1
-1.158454220931365,-0.785828659487743,0.06310472624778951,-1.6231762244867767,1.6260932890707394,0.348530367731013,1
-1.6934325229243878,0.20437742906043166,0.707092979038606,0.27637088014304334,-1.8783410848704745,0.9307703177063282,1
1.155659188412872,-1.4021999682595192,-0.8527623355149401,-0.13624288404080875,-0.17897860113145114,0.3621267327913249,1
0.19000000459720834,1.4697357203805321,-0.7553291644270135,-1.6143133844133932,-1.025166984654443,0.05003536910257811,0
1.1450194512616498,-0.07934309680166951,0.5904871064488977,1.5189444981320963,0.357337315806046,0.8879195974375311,0
1.6801881714348417,-1.064328657956259,1.1050191525590236,-0.1362961504833704,0.5963632810648032,-1.2279981500349044,0
-0.0761089362884757,-1.9206507508350192,1.9835090819733154,1.0468459038564073,-1.8060564601151254,0.09976913467907922,0
-0.16178531995926404,-0.8267151475471417,0.6904353598230295,1.3411666562443787,-1.6167102898371253,0.40832748368463445,1
0.3959166219238126,-1.52632851032631,-0.9090209243841749,-1.960071443547832,-0.2937868919976432,0.8084209455395981,1
0.39727512289713784,1.6115880481728633,-1.568181594246758,-1.2038232432983138,-0.4443061992695134,1.690791004965468,0
0.017493804935030166,-1.1720093085532,-0.17895498647834307,-1.6125818754961978,1.93847240944558,1.5045459664823406,1
-0.7724858810261974,0.30122617133096075,0.45792267394889485,-1.0387807179587036,0.4045427209308974,1.4064876089833929,0
0.16541192139645045,0.7448170530857539,0.6567327843835349,0.9258123698784133,-1.8715196975195747,0.4756509216141467,1
1.6997077736111663,0.9707137224054745,0.8858199479564135,1.1674366908951286,1.7039968419897615,-0.8077664773510103,1
1.8822032081208753,-0.1466590036346278,0.940272652838106,-1.705170467850099,0.4564777754765741,-0.6035352776542617,1
-0.41682156041201424,0.9737982534523129,1.733068336092515,1.7492304274439023,-0.17863353039552132,-0.20292106739487492,1
1.1949810902213565,-0.6965805539130225,-1.2665839703085577,-0.696934144112975,0.05771644010991661,-1.3377117592538488,1
0.5403525910037059,-1.2701802645366782,-0.7095979218453277,-0.1447896221782652,-0.9072419498685886,1.9071712538652803,1
-1.0801233390038676,-1.7979085004024316,-1.9833043128325833,-0.43946403879941975,1.2838865100033416,0.24720765040601433,1
-1.795171628548251,-0.9897390340125516,0.35609845044828914,-1.631090582375565,0.16985810273952584,-1.6162952196878764,0
-1.8861447753145928,1.716300533719957,0.6159717321831022,1.5687552727591396,1.5284133971335878,0.07719853109279962,1
-1.5086089923849224,0.7593934707377601,-1.9813442863646964,-0.9898236695001659,0.9984629945667236,-0.3278131079775859,0
-1.1191499286654456,-0.7236450557674128,-0.62566117693666,-0.33165246398067527,0.3584637719316377,1.8779861561274105,0
1.3160910148032912,-0.03304526253214979,0.41082282300803774,-1.9065559070560734,0.6447586728927717,-1.0578135539386269,1
-0.8580326891998422,-0.5904471337370514,0.6891331693137719,1.8068957116951467,1.062570787072414,1.2701859663723414,0
1.124256330524366,1.4158649909483625,1.4142380326055481,-0.19083853868275025,-0.673705733471039,1.762299780535887,1
0.018663250386716346,-0.9868654283333322,0.8501217778064172,1.0325006912209833,-1.178398566106163,-1.7697460593512968,0
-1.4462043048936613,-0.8649763960345278,1.2252326434126668,1.2129915333931653,-1.5265515695859322,1.932060707423652,0
1.1121462093359118,-1.23690879166768,0.46253180403716554,1.9251348613854664,-0.7210703815585795,-1.9132873300420705,0
1.6853271740833708,0.1996043783585053,-1.3579502161132613,0.06350980107964199,1.3788291113428244,0.563090779953713,1
1.7720745281447656,0.08784963384125533,0.5501016068623832,-0.11612867594725218,-0.7776454276994449,-0.4623115507571218,0
0.8177431890557734,-1.4042442536098187,-0.41760408231559953,0.31254894198626815,-1.0369981845535245,-0.9308500753695168,1
0.7756657819036352,0.7540180207291045,0.5755672214329599,0.2847494899820826,0.027008217565769765,-0.9437101115249957,0
0.18620725346998013,1.6419212965531376,1.5583826800057428,-1.6603734971129729,0.17484803205413035,-1.3031477073927151,1
-0.5231310810484677,-0.07456621919046524,-0.42756964013405563,-0.8479892047178832,-0.9097140441701956,1.3657519619007705,0
1.929870298907972,0.30096972877805594,0.09535734200190404,1.6456943526237557,1.9762868172203252,-0.8520660619938547,1
-1.7375630982899808,0.23564146946898168,-1.8322109018539483,1.3102292300980243,1.25813413168517,1.25801948060839,0
1.5907132429690622,1.4902030238917257,0.47528094038553004,1.3529766410323236,-1.3162676285874904,0.26715485918667303,1
-0.9442760436205173,-1.945141128394321,0.7743067605592802,-0.04846234222650825,1.5341143008707419,1.0156442749415575,0
0.2979033680933538,-1.9334426796160504,0.42200278410820635,-1.6659918544922117,-0.8234379708998985,1.6007177848406884,0
0.05146507237515063,1.4727736552886146,1.7739049622277667,0.4852838311277643,-0.4876819591809851,1.6117732378013274,1
0.217907232287736,0.36916006635306386,0.4815191671446568,1.0747014411862974,0.050704956323244676,1.4769953928968222,1
0.5886693273135966,0.30824233399421397,-0.7169485585730806,0.07927581322763855,1.6132289084684035,1.2818444720516609,1
-1.258103363782078,-1.8852631733170333,0.3072337417281701,-0.1856590753537506,0.39479467544830316,1.053055294124941,0
-0.9120871827639139,1.7775353666754379,-0.9541018488694628,0.1809271596078501,0.6585326373034861,0.16341294005775087,0
-1.4062453690288659,0.272538204475381,-0.5594057129396268,-0.07145875141216651,1.9766495014840908,-1.9719044110058013,0
-1.8787833176223798,1.5463024381818946,-0.09002609799524475,1.5217718318477864,0.2162088882085631,-1.0618279823286003,0
1.7570223366085571,1.0148040897413573,-1.1171540262970878,0.09901296709225571,-0.6760735684227179,1.6945291634555129,1
-0.6129834792951843,0.5519898187822205,-0.5260618264279282,-1.5619964356148914,0.6965402808838141,1.2774297024735302,0
-1.561741582777561,1.9414239368722916,0.2610290613729491,-0.3935709980869109,0.35833986118562144,1.851698581797423,0
-0.4866920173541196,-1.236268878026567,1.76373716364929,0.21506695954260913,1.9069226730050661,0.1557952363220818,1
-0.46368216383434335,-1.4904039060688952,-0.4313302635410339,1.4758733687052539,-0.12320833982701007,0.5895040234645026,1
0.6616947516778451,0.7139439196750592,0.730792557611958,1.3548442203278865,-0.6541511359783851,0.835413618660275,1
-1.0220362827753613,0.5217880967858148,0.4466990806774018,0.6283672347830853,-1.6996378855843077,-0.23209336282357773,1
0.6459238950947399,0.23819633310951627,-1.6693593514934566,-1.5198042237789968,1.8665955960419507,-1.8723676248343408,1
-1.6060284648325514,0.9368520946965182,0.4335828794038137,1.7591729568108803,0.8591624840141168,0.08254376162670374,0
0.3234509906674061,0.34891343750886117,1.09198788393183,1.3761831393232562,-0.06239455892599688,1.4574058969282029,1
-1.5725379813257971,-0.5796268919216652,-1.655444587528926,-1.7275652516451352,0.5119838452768137,0.49240263016414776,1
0.19301802985595007,1.9110687617336959,0.06781464633504264,-0.022642774473063287,-0.7201518893951802,-1.0575744281450912,0
0.07900683084482907,-0.5369710748871346,-0.04414032036444171,-1.4791753066999895,0.3505037833141942,-0.530218730913,0
-0.8150635285369696,1.6727976317253508,0.605423988030072,0.1521203320174327,1.6872909786798957,-0.6698102568608557,1
-0.17708379600760615,0.18169034931793826,0.29331667029613984,0.29827070989424653,0.40637387275929004,-0.19004992752377703,1
-1.8453339194817326,-0.5932601918273792,-1.311227755927236,-1.6867169305017158,1.605414722390322,0.7342208033899862,1
0.3960120995540035,1.4829192747410405,-1.0676764889109314,1.389204976062341,1.08581031971337,-0.007635270211237888,0
-1.9980529620989604,-1.4806781422959512,-0.8382734594000572,1.1731553106115933,1.2050969834678047,-0.3469203642397365,1
0.007254374742124536,-0.08585056654587309,0.6715745276697493,-0.6067237771648775,-1.937751548382693,-0.6943117561771932,1
0.006904486766457385,-0.47867490400741586,1.089806273435912,1.8646678879356906,0.8412454650097105,1.4564338068152227,0
-1.7573212163401712,1.5476235033904522,1.1150796018705207,1.0784798222509302,-0.049183985072287495,-1.8414499523104708,1
1.7993477565993796,-1.754674068708384,0.5240062099231331,-1.8256125924052649,1.8296698934119258,0.9596955387518427,1
0.4346361805592833,-0.5311154818641364,-1.3263538454685153,-1.2339443366160587,1.5153618787781227,1.7102837280515155,1
0.6880107351685743,1.3885980202175996,0.138552513589842,-1.5152548838425113,0.495806319857079,-0.4353155537836235,1
-0.14890590522173763,-0.015624130176411288,-0.10627841925927228,1.0433722050702223,1.1613779498535224,-0.8730879997737526,1
0.8170923809398691,-1.745790351607916,1.9732150360578817,0.49535111773558116,-1.2186038426853716,0.806632577720459,0
-1.275731435335571,-1.6285087884176774,-0.8773442491926797,-0.1485806305774049,0.673952007964524,-1.8243153784141248,1
0.5903287093293028,0.7693700836640489,-0.648223837085049,0.9125861701136566,-1.6151989314644397,-1.3857877288234883,1
0.2724349393819834,0.17616942609961272,-1.6221462267295985,1.759131040329784,-0.3824546983900583,-1.9840800068951867,0
1.8165532581379806,0.34840352771376404,1.7881709075198766,-0.9294946110254911,-0.34186097953301875,1.2671564843829595,1
1.1867609555254464,-0.21963499193599523,1.4302560578148338,-1.5768531529197416,-0.16015162456776633,1.8888509378904401,1
0.34124157084780027,1.278211179969401,1.4656109179270005,1.3285203164218071,-0.17657849938079018,1.5776468527964416,1
-0.1785801317071849,-0.705127692646216,-0.25948867813874354,-1.5243049337755457,-1.9346236818362312,-1.6076014184399523,1
0.9538061221259779,0.12146155263682079,1.9859420668571754,0.20020336936630123,1.9002686868189698,0.47616314490557166,1
1.2489451118511523,-1.2992328610993873,-0.42170007215255545,0.6028367849756204,0.21870544268994996,0.5992131795872817,1
1.7091646942086003,0.858486793478979,1.9717704131387368,0.21009961256489484,1.0399950826621294,0.23860404464703233,1
1.3055024268860485,0.21501672006899097,0.4571182744627884,1.8818960191699348,-1.1942027819487904,1.9983077043539543,0
-1.8801736093396548,-1.678729959179348,0.8688840110877112,1.284008964991588,0.4676090555281167,1.2146235884065666,0
1.0912112872356348,-1.5073332444927279,-0.9431495892541752,0.7648534781867657,-0.3645741330078436,1.1753658019838817,1
0.087109574465281,-0.46791556284601343,-0.912226466533117,1.8847563465282722,-1.817643849250243,0.6259749316719452,1
1.541549328964904,-1.3698327864314117,-0.13487076263800013,0.21126624995882093,-0.9682153762088732,0.14917346076996374,1
-0.16575333166538453,1.1055579876974395,1.871191634792717,-0.47914310321513875,-1.888907392384053,1.1676656489514574,1
0.16289030463848064,-1.8946773818545593,-0.09961101499134717,0.6920731357596441,0.7851293171750213,-0.2567196637926994,1
1.6310599930616543,-0.8965951380168615,1.6610379021208583,-0.7608926175776176,-1.3732748609215832,1.1713056539349247,0
0.225240161107493,-0.5372865649516241,1.4967490804039563,0.9037992346640435,1.9466556444539527,-0.7367335243578035,1
-1.2515411108374153,1.0253846499324935,-1.084458214112503,0.2454061302340973,1.824587310949533,-1.4635480234386957,1
0.7244454701678147,-0.20679514610922478,1.232646540791639,-0.17057983543102617,0.3022853893088544,0.4817829892445218,0
-1.9446132583276334,-1.4260790155540946,-1.8980648032916987,1.696599678030807,-1.06917491359077,0.3340075695198732,1
-0.47963336859626216,-0.6289117332822802,1.4970984817631638,1.9579377057528955,0.4973755599627232,1.8754051212447536,0
1.2347379605335673,1.2592390724016198,1.9017939381080757,-0.6561745981791685,0.6680030067221372,1.623698534886449,1
0.30450164964750126,-0.3516570846709013,-1.6377218147875348,0.129934177587403,-1.5240341209821002,-0.6779622058584955,1
-1.3928619818799866,-0.0570691568229309,1.7280682053779293,-1.262915843822423,1.3266905206643873,-0.4443369514130495,0
-0.6805809584819826,1.566718108985266,-1.7261609233997013,0.8570186189963538,-0.21142234865350362,-1.323726467445551,0
1.807092584593303,0.5563068424814612,-0.40821402283308794,1.3735713312134141,-0.20798470825819937,0.886744080647949,1
-1.8784611080031608,-1.8383310794478964,-1.271364408819517,-1.0911397233788929,0.8328895362783744,-0.7727158556799529,1
1.1126941086237938,0.6680524439587665,-1.7943729012221583,-0.6024006309785173,-0.745970202550684,0.7972499596050135,0
-1.2744645606449057,-0.7033404321680043,1.259987825129845,1.1891433113896297,-0.23046568048097793,-0.48398055159468356,0
-1.1453725261974794,-1.670856665216832,0.7136607961585479,-1.965656654479448,-0.3185258249152856,-0.21757464031754603,0
0.6103848916883621,0.18077940324739306,-1.2582259173328696,1.650198479224811,-0.7661008322839638,-1.3664620324634695,0
-1.4236322157566823,-1.1147347605126763,-1.3119378273522733,0.35327939733628133,0.29212762261392333,-0.12762443335407614,1
-0.47597091757178767,-0.5399158925512979,-1.1859209460353863,-0.4292098896510681,1.9196750904083992,-0.1344472177722551,1
-0.37706186970940436,-0.8070403177472611,-0.8227089160977585,1.1834703512874074,1.8214708953374692,-0.2946605374385416,1
0.6358617382904144,1.333666262816215,-1.6536469364409063,1.268465959392672,-0.8819035884943891,-0.06329188212379622,0
0.04729069485377435,-1.6846930858568143,-1.6545092223708937,-0.6646434220282202,-1.240819103885694,-1.7582234374258419,1
-0.06965958459903243,0.327879175172495,1.4346656461658265,1.6850524834388563,0.325669446880839,0.2918726546830368,1
0.09608719313595548,0.2494572914529729,0.5839580997517078,-0.4075217421936239,-0.10351195834910776,-0.7155337652880149,0
1.225143492970885,-0.9926676260403466,-0.27727379730046975,-1.2408599427636187,-1.5413702402463048,-1.4945177187266445,1
1.217564322677175,-1.3777711792282754,-0.20896805308076383,0.2007013739947503,1.3606273972110299,-1.1071189597759816,1
-1.4091982555899643,0.3531772196548051,-1.6470860029067307,1.296689484632135,-0.9930998332011418,0.2866134379105554,0
1.9738143083227895,0.4273738880190314,-1.4867803675792626,-0.2373086116590044,0.7612480237236436,-1.0586879346128506,0
-1.728929056995236,0.9194792246066323,0.3376745315173957,-0.5985460249641577,1.7854509956173934,-1.648733194011431,1
1.9832632278495788,-0.7755007845015691,-0.41656688122079855,0.5876357262080703,-0.08543063316208155,1.4918133330330932,1
-1.5062012293867646,1.0443120105025985,1.4850042879112326,-1.8969880802689887,-1.5215907775198776,-1.376898652023443,1
-1.7522832082663968,1.7427962211960835,0.6430146470119098,-1.769565817430173,-0.7382159236968273,1.1068406614866872,1
0.8161417671128777,-0.41114833831181263,1.2336034036992953,1.9229227317768558,-1.0339198535700933,-1.2360757815630952,0
1.8439186119115334,1.3857946510244763,-0.7411671967423366,1.377624193247509,-1.4037664246865322,0.9097172009582195,0
0.8486037916093561,0.5982528940678127,-1.8380840292668044,1.5585577939129567,-1.349561460657025,1.800562579498029,0
0.6523252892829388,0.2520585557982504,-1.9565952673421725,-1.0628581183649652,0.2418417199331393,1.5224945417849414,0
-1.4653001511017427,1.1807182063581072,-1.0394658464370456,1.1168903473154477,-0.2003111866004752,-0.4932625439077789,0
-1.2786193230866076,-0.793489619039629,1.4214279399453948,0.9477850635750009,-1.5575003301675867,1.1756208754395359,1
-1.3731365243108669,-0.8963067121257335,0.18924983187755862,-0.26849132720187496,0.8954026004758346,-0.5537023218151895,0
-1.6381060748846772,0.22056565941320772,-0.46832648715627156,-0.01566218371199435,-1.9767858627631427,0.45413867912073824,0
1.8874645929801304,-1.74372294807306,-1.5095742136210566,0.9904708789373786,-0.5727012152711475,1.6933352432504947,1
0.0394445211396004,-0.013950010119052614,-1.3584693245037287,-0.8905772336975923,-1.2129544978057085,0.0588232273082383,1
-0.19649009479579282,-0.49132972868297786,0.7197353866539671,-0.38129641315268836,1.4659755302263417,-0.21250023719082645,0
-0.6811960860111483,1.0300105247808693,-1.6295288120995757,-1.6288998846617826,-1.0699034881711906,1.8421298880050578,0
-0.025951831802101477,-0.8034993885033805,1.875607756315464,-1.1924603422106776,-0.33867735238263785,0.023346022808168776,0
-1.4255960596776691,-1.8158294694495956,-1.9545290407321345,-0.6224007791521489,-0.4167568226979297,-1.998351264285433,1
-1.3963188366380908,-0.5598849700668449,1.6234125454154333,0.7371961102024609,-1.0971379808222932,-1.2263636327297798,0
1.2613543178395106,-0.11013803561513846,0.37631353126155975,-0.8352872266048283,-1.3948732803891777,-0.06281910619890363,0
-1.1548724648145532,0.2595522078697652,1.2292114429038996,0.48904129559620335,-0.12928781545443346,-1.989124385158838,1
-1.653830710570833,1.6098005052111257,0.8531060758746176,-1.7457967229049798,0.6487328389670663,-1.894313802668865,0
-0.4509703298751311,-0.43491058166983265,0.8887922561341806,0.44924092600432397,0.07672976955180966,1.520709603053763,0
1.5736136560884657,1.1829125123476771,1.850937855427298,1.4559125131484074,-0.8073710257428868,1.118859934664329,1
-0.28542680822855004,1.379154883220421,-1.2442599703305786,-0.332515159258,0.33569070809491164,-0.428602831858103,0
1.065216048720846,0.9783007911856485,1.2725649852619596,1.2778896012282703,-1.2261225351832805,-1.6840131076442022,1
1.9810616080696275,-0.6698692415033807,1.0639561412460763,-1.3151177351659942,-1.2805909027571536,-0.9244800325344218,0
-1.9197485964195535,-0.9481514372575908,1.5733740478353018,-0.8042481749895884,0.08940317341982418,-1.4285980337218493,0
-1.5672070853236315,0.9466637619413083,0.8368966061835645,-0.3842515880160229,0.26518596576568054,-0.8823178426971428,0
0.77897068597448,0.9082120129415245,-1.7681280601540408,-0.3471191815729564,-0.13843755343511166,1.4681719535995446,0
1.5626562018262051,-0.4336474753928732,-0.7010425097323427,1.1644973428397467,1.211820474804588,-0.8129524825103269,1
-0.03009470489366839,0.187528817001529,1.5897254666426965,0.6472302438396196,-0.3592362707340251,-0.6451454715219547,0
-1.7189280384180203,-0.12840751635423064,0.6790149496978093,-0.003976589549307796,-1.9634786132022413,1.4244996440950355,1
-1.6462505426004843,-0.47894363517141736,0.47861497572841527,-0.6144261598983962,0.9639017935940091,-0.44092550755869464,0
-1.5751673658780425,0.017225413870105566,0.8608294259087725,1.90321283894774,-1.3956327858398305,-0.5177594637591714,1
-1.1949644870128626,0.2752314207449893,1.469894538814331,1.931066815008855,-0.20767116338166014,0.7781259857210383,0
1.509456021322563,0.724877110078499,-0.9799503215282472,0.8385630419914012,0.33474742652688105,0.1990909104524725,1
1.7728900088077144,-0.2464074741204385,-1.4296797456669599,-1.0622576052973196,-0.5191866753777461,0.6269993933544731,1
-1.4574554480787225,-1.1904043913302553,1.13035992270781,0.3687857222604465,1.3991010502472223,-0.34418798129374206,0
1.4349078907353898,0.1341047006406506,-0.5509633924230455,-0.9614987958885068,0.5493447598396282,1.9820082000736963,0
1.0286331297422233,-0.7797276545223353,1.5241295573977807,-0.9887766022226914,0.43741097291039743,0.5083567030667764,0
0.7446864578226129,-0.15197811754934376,1.6728699976723087,1.8802118666767664,-1.8182400072890035,-1.8586915991907094,1
1.4255735606409101,0.7224837750282895,1.6322036863793135,-1.4084056977373551,-1.6752423564665788,-1.3881711439605193,1
-1.0764889883457531,0.30616392904063483,1.6678197911690065,1.043905943497455,1.3499226904133153,-1.8099755657837688,1
0.07735191684588827,0.6062591014919185,-1.7311475634508082,0.8337022760510404,-0.3547042735141255,0.49581750210811615,0
-0.6266662192942185,1.6659209660875747,-0.7442995110318646,-1.6128347172084379,-1.1789854444828953,1.310549511200528,0
0.635091717434729,-1.1764355091849086,-1.409551984805114,0.21493206086069971,0.11564001950534797,1.756902193147634,1
-0.8688389845335034,0.6170169253956446,1.626011137430544,1.8784455290305342,-1.5227216120342044,-1.0238643107705694,1
0.009865735026907796,1.286156547520243,0.30881153975661,-1.5369913882743544,-1.8119802458028573,-0.18995010597699213,1
-0.7868899217889798,-1.9021922354308565,-1.5057065680515502,1.6231871139099145,-0.42483487468982783,-0.45721331957072,1
0.21011769373729328,-0.8163312419857984,-1.8714848970195423,-0.09205649491393686,-0.9422619738280096,1.884285230709625,1
-1.3554916117828766,1.6626065599834488,-1.6641913681491531,0.4156842012258206,-0.6319078027604754,-1.8183895404110038,0
0.2741958584731319,-0.37252683790071295,0.5285828895504143,-1.4112747162368953,-0.6049208638429304,-0.26941126745915955,0
-0.05716052757289081,1.451605552152209,0.7802794310836294,0.7440020919818178,0.3712775410740794,-1.1508279328371573,1
-1.4899218259453253,-1.8365612818110222,-0.5670744663906842,1.9712440321518248,1.03602891287766,1.1252341900145968,1
0.17476867692014952,-1.6749727352507673,0.619592797609648,0.8081591522069886,1.686898188545182,-0.8706130394296663,1
-1.1980375650693689,-1.1217674220345395,-1.3026224174063388,-1.1725538183213113,-0.3417300990859,-1.4030630158551602,1
0.6806434399992103,-1.1312476546609798,0.5217332880611232,0.6365482407330618,1.8526986352094887,1.1257280069737972,1
0.23244886814474253,-0.10227184598813421,1.0703285909870428,0.7299669054741402,-1.9182955697455708,-0.8421547689741495,1
-1.0704867300335672,0.2404425880228973,0.7606088295537083,1.3423783041077795,-1.787377275730277,0.52701359944392,1
0.0623539424392936,-1.6798069753938738,1.205196481880301,1.6817219583234353,-1.9243103376423005,0.3635062348611928,0
-0.7400321063252804,1.6997601491925152,-1.3122277433264524,0.543150094703007,-0.4976636795888081,0.4497058832012528,0
1.3863701956856147,-0.767251970003024,0.014813490488021497,-1.8764967911713382,1.6399824503512153,-1.0457137012412416,1
-0.21049487889038776,1.2687473481657938,1.7959217445198403,1.0672714069592582,0.42918414095294555,-1.0476861077181479,1
-1.599659102421184,-1.3434310915127772,1.7758938841751157,0.2352843774088007,0.7372619302383754,-1.938437651929684,0
1.6063683415764411,-0.7835702009148471,-1.4691308866263997,-1.5890548424248414,-1.4399758959345799,-0.4147355899298897,1
1.4243529942066613,1.794330904832052,1.0659012387593108,-1.9301629252885375,-0.8942106381246457,0.052439919779879496,1
-0.8546805043527468,-1.5581812088071318,-0.7025450943579736,-1.0184462616341956,-0.8410875008493974,0.4967407824709622,1
-0.9639409181857346,-0.5354110032010264,0.7713581467604644,0.7036920526866108,-0.6025088193405193,-0.7521051647571539,0
-1.7345145057672053,0.8678115337449479,-0.7093022563919948,1.4639527759495534,-0.9146726123298885,0.7172594100700795,0
-0.7294733134884659,0.18162866350827844,-1.3962998142671386,0.5506922979992668,0.4340176892419523,1.3476039614948054,0
-1.7926280190267465,-1.9850330536772076,0.5120453529463811,-1.8726192187324862,1.2618357740047963,1.0641308724423792,0
1.7767532713276077,-0.7968751885782721,1.724926869390059,1.6001854637868074,0.2506196531737115,-0.8170890733828671,0
0.8688692081728835,-1.6591228841052525,-0.6943260144757986,-0.46673229465013266,-1.222925597956503,1.4064566618205907,1
0.2146368006458239,-1.9797151990195077,1.225053942644398,1.0962858523033345,-1.0993756264897425,0.583927654683221,0
-0.5610209204805758,-1.7758536177024697,-1.5736422179189322,0.2408306416055206,-1.0167553703795296,1.1290172297299557,1
-1.3632707956626837,-0.1127953488646325,0.9058887195365064,-0.8549808638309617,0.0627897109825879,-0.35594820896431933,0
-0.26816783534080013,0.523967148140609,0.005182551672938462,1.5185344798386526,0.11509418045718833,-1.649965933619606,0
-0.8825512923604353,-0.14416691571536955,1.8457350935717405,-0.49074765404989895,1.656319759662194,-1.4614618307100984,1
1.8441505286612578,-0.37058992205291963,0.6535908724488904,-1.6684452529831852,0.7216801883472419,0.6666516480327385,1
-1.6074713767664437,1.9656500812967819,0.8680518436430047,0.28962931480818366,1.4091245724977415,-0.41546017796242696,1
-0.3720177902994286,-1.1244046236561815,1.540521881826753,0.07236254157053779,1.8353519696144582,1.651441856525142,0
-1.9664942159927716,0.3557625517570524,1.4778499088192327,-0.8350583822602515,-0.45274955103626535,-0.1465970390159992,0
0.27223571838528526,0.9781104825304818,-1.5381116137071476,1.0730120640875103,1.1429560618472712,1.9991311438873187,0
0.3064390734689604,-1.1213086751668615,-0.1308740024179138,0.5798837883526788,0.4510467756018288,-0.6098756331748816,1
-1.4514229546906487,-0.7327394818471471,0.14072146446806633,1.6301575739990475,-1.631876714981058,-0.3311426122535832,1
0.6888742641656824,-0.13183840222272813,-1.4202709676071987,-0.6155275247543357,1.7194699367851198,0.7540839128161188,1
-1.4285050901678336,1.151949191164125,1.2709414400880479,-0.23837121748798085,-0.12492605387001232,0.03483383447110855,0
0.03692598901474575,-0.45342482679786267,0.6700263717309825,-1.2374382727273878,1.0106444229366556,0.566048491419485,0
-0.5249521898794942,1.6513635678676493,0.7749063359231765,-1.9602251183206505,0.5593040838422496,0.5023808288979952,1
-1.0035704425658576,-1.9169326361224757,0.1510265768491843,1.823773543566395,1.2269239125216993,1.0065180073292552,0
-1.4548715118666342,-0.5040917942056029,0.09712184065425067,1.5358547281758494,-1.4436747574609923,1.3372246452750969,0
-1.5228354715069696,0.5549674439381569,1.3417333206551834,0.7608915150350692,-1.6007786503587753,-0.4882491762146284,1
-1.790447494172302,1.0398344359277334,-1.2741750656682607,-1.1567350172472834,-1.8204030987647233,-1.0460381891985362,0
-0.2604027412278045,1.3008467875333922,-0.6438257586136689,0.7166360698272736,0.902942453454032,-1.1077910230759196,0
1.0828215223471451,-1.8385297119263369,-0.6240193006616499,0.03665754417059608,0.27742599990328465,-0.04632115847861629,1
1.4036567292273108,1.1381551467176059,-1.9217248718905124,0.1362837771250347,-0.8982408411957326,0.7052603783828144,0
0.4851306697183637,1.3889023267891298,0.8739459736135977,-0.9774180862123378,-1.9837931203116166,-0.0994934259414495,1
-0.4804492464075807,-0.7869650030439899,-1.2395337106272835,1.029632196048793,-1.21572910022588,1.8976624197365322,1
0.7196441456689584,1.8255161643040752,0.15295901257226907,-1.7831699576581377,-0.8830178057097724,0.6857058786858494,1
-0.7449379829611256,1.5792098916079116,1.0580503239921053,0.2605870191775561,1.8149279380306282,1.2835279910020572,1
0.9065519319972681,-0.7520464961322784,1.4720675305596003,0.6206238622986247,1.9498473497124666,1.6260276249264858,1
1.6579327643495305,-0.43487510030720733,-1.3168754230122914,-1.2138381351924137,0.8359501029013128,0.732567147716952,1
-1.620418077041776,-1.3707361446092041,1.6390981321104938,-1.71991193831018,0.6306070165743538,-1.5604682431892032,0
0.6599078073290077,-0.26431752196949043,0.7927430582678521,1.9175908326830866,0.9403793586823999,0.6515516878433396,0
-0.5725088237952369,1.2045896444588,-0.6017303113397272,0.999298240825329,0.529592073088506,0.34026205073788907,1
1.0491636810493437,1.8541593101163172,0.9916567105187175,-1.6472008945551102,-1.1801871093650185,0.31585238672309934,1
1.7800227646040923,-0.3001659191598196,-0.594146092885687,0.07098674278845962,0.8328461556253455,-0.6720995547530606,1
-1.1050311885944026,-0.5635716031509155,0.20920508262503468,0.7517521300213015,0.6313200124783931,-1.883973447657357,0
-1.7709871229831595,0.8333293498489933,-0.777633327908791,-1.8199201220821948,1.847163492823011,-0.6610046840599804,1
0.5712074009325514,0.28167671299254327,-0.7394525210959051,1.0661934461500517,-1.2483209840698644,0.5595575079657258,1
-1.6448915657885892,-1.4710615373950402,1.6139533217476036,-0.22851633015715045,1.8292311214341583,1.6641662870645484,0
0.671753659994617,-0.05782033654788199,-1.6679653095472262,-0.12086343687378465,-1.0418840320201483,-0.8740676831496859,0
0.4288855405245098,-1.7815674941422048,1.819352968707939,-0.6724960754216789,0.9955860788419488,-0.13646528785069956,0
-1.9216007209086259,-0.2959239496757413,-0.40519335985235605,-0.8383043951672731,1.326095262544901,-0.7970654698049433,0
-0.4248266225690456,-0.5492185787767889,-0.19476618698580328,-1.1135008585467987,-0.6963666130237436,-0.25730770968207173,0
-0.16197078925552955,-1.7076634294021105,1.3049834261908426,-0.429933887498378,0.9381813352601882,-0.021137061160474868,0
-1.9154559537569784,0.6972946496967816,-1.041714776270163,-1.2857788554631036,1.5077454525478822,-0.28819121545416326,0
-0.5052363946199305,1.2506522786183272,1.9931507320332593,1.5776615740590056,0.21439237298629843,1.4957716305186226,1
0.26226854790439935,-1.1989442450718015,-1.8108486211632515,-1.9964456540252922,1.5947094139232902,0.07199065850506825,1
-1.9644992920737514,-1.6833307521468641,-0.41048430064575614,-1.5139839746850923,-1.5844538176932366,-1.7844584786345705,1
-1.3486186144466545,-1.2007576414734147,1.7148314241284526,-0.9041744296842675,-1.4585934458352172,-1.9347337780830118,0
1.5925269478916038,-0.5271186835947601,0.43436652237688467,1.6568056288522688,-1.4871315495774478,-0.9989285870437072,1
-0.5782667256752854,0.02714840049090217,-0.353257017550876,-0.2626433190099351,1.4319064786456206,0.8603198904976987,1
-0.7609859393301064,-1.4376590085412135,0.06560061631501801,1.3227488957353923,-0.3877418170692737,-1.058634832794827,0
0.3286267130524192,-1.7968798157186594,1.8208393689843532,0.239596067788987,1.1851378317926855,-1.4117609362330947,0
0.08865848771326146,-1.0145596761074245,1.500509498267951,0.09429519171346401,-1.915645042020551,0.9191933566424635,1
1.5298230774069004,0.5686814974651355,0.07092887484872445,-0.5526691236309644,1.5100289420242121,0.18016236620714077,1
-0.9106221406399673,0.40032402594676464,-1.420144980269681,-1.8881029581965825,0.21326461072799363,-1.1095069100544261,0
-0.8007197728684572,1.1207893354509557,-1.6208579773100218,0.6113177980212892,-1.7466778743160805,-1.2801131118206595,0
-0.76645317282077,0.7930289356206073,-1.9622689258739396,1.9631517731087285,-1.2591584064439325,-0.46033869918385717,0
-1.5959829131751762,-1.927145064704507,1.5432165531557982,1.2440530539874022,1.7137194570827656,0.5998530130190738,0
-0.8199132056842582,1.221933119381554,-0.9482346977431555,-0.9425021975333188,0.08846731770798089,-0.08104778815097369,0
0.9156191681665033,-0.2310274837978139,-0.31890830469047815,-0.9149873938606419,0.9919284895343456,-1.0354183081479147,0
-0.6324844291390241,0.1863558203545459,0.3940161532284052,0.26437698626946204,-1.2984558532893526,1.2290109134107263,1
-0.8557273779264136,0.5801124006926726,-0.2284777721332425,0.2621235059336353,-1.0881170323876912,-1.389757970335121,0
1.8253904244287846,0.29167416379459743,-1.2475355563154995,0.5624029264286667,1.7046529570564335,-0.7280672509971677,1
1.9979166045291747,-1.5039840414503276,-0.3706036621285129,-1.200272691263054,1.7948139800709875,-1.6223627516054107,1
-0.6505923144268544,-1.0729488106299034,-1.7099501434645092,-0.29957783238413294,-1.0068590176446222,-0.3425766540200259,1
-0.09951377280025486,0.14574707742206217,-1.5980078591065774,-0.04963754696571909,-0.7720605484032341,1.5793868319405244,1
1.3185986399624516,0.5249002193146444,-1.0264865927656643,0.6011977240742539,-0.7778090359171652,-1.0045189071469647,0
-1.602379414872761,-1.29421257512817,1.7402777919116725,-1.454067399285881,-1.2162064411708853,0.01668308349702441,0
0.03245856679771997,0.15873639330949585,-0.16584215321711637,1.1458305578269234,-1.8388056358600746,0.4132949130880341,1
1.3353462654219563,0.21385465637837164,1.773938566498491,-1.5726800938910253,1.4465119585032977,0.9317486301414113,1
1.0804919736539706,-0.7957894893698483,-0.9887818819523488,-0.9050391086399738,-1.642683682153113,-1.8459323348812737,1
1.2640013990198997,1.3066682365897764,-1.1773134896455142,-0.8289554383583084,0.5928457676829595,-1.0349456082445534,0
-1.7938000943382,1.8256702359185484,-0.7996475538581675,1.841451611190677,1.0496742516006963,0.5997401021097195,0
0.7252951514899753,-0.9445394635956843,-0.5884517885687832,1.3456209218994895,0.8822746842170237,-1.656001374300339,1
1.8531745312311867,-1.3890092625206116,0.408794198553895,-0.8878200581211906,1.1677022991067116,1.881123842919727,0
0.8037898262889915,-1.210038500761073,-0.08716785764343982,0.411017559189518,1.6122329904419965,1.6125186181612539,1
-0.3606141127424185,-0.38414025943425223,-1.6930581797824944,-0.5997970825960017,1.8025204310103482,-1.5471674819005234,1
-1.1718376446596364,0.3604159582251856,0.27564996147126886,0.1356785830652898,0.8367011057359623,-1.8104242081279716,0
1.8240906676898767,-0.0036054688354507647,-0.3995273894048914,-0.6448055423060173,-0.2744625834465557,-0.4347173309918255,0
-0.37595529133457983,0.6393152028305562,-0.7644085105179492,-0.5304572063517918,1.2450457462361162,0.8416831645576117,0
0.867520523618444,1.6067601377598586,1.7136200637525238,1.9497147317638932,1.9710085645694466,0.9978908385642105,1
0.6893256337598981,-0.8315425882484564,-1.060089259238723,1.4262969712773992,0.5233085971092408,-1.5207502872408876,1
1.3685484102148986,0.5982830080521548,1.6074755611025342,-0.08389805767907887,1.068250782798268,-1.1111385997350252,1
1.7629615691895681,-1.9433247027862057,1.3756339241985511,-0.9995041782256759,-0.05670891155904423,-1.476102762926232,0
-0.12079557319616363,0.473514273868052,0.5118047957363459,1.8806974329090154,1.470687969544215,1.9546698286042101,1
-1.5691339044451533,1.664662663795513,1.4322957551478646,-0.7927904890615984,0.5613748443351665,-0.3847410826938331,1
0.26674159496534733,1.7912820020484967,-0.15359734153887805,-1.7015015394756001,-0.8850104943895825,-1.2789706994506704,0
1.9191081196097382,0.5163610952817859,0.7649115236646087,1.971385755899317,-0.12481025521605593,0.3146364535429167,1
-0.26434119387923793,0.40073093687127015,-1.9286611735457493,-1.5117872728780397,0.9131291778285817,0.9926578584857824,0
1.2721377459319139,0.3661093085943299,1.064645288944012,1.2787312339770351,-0.6010161107874423,-1.5677653132412774,0
-0.25100161310349334,-1.2452428851483526,0.10446070073016989,1.1270613322761664,0.10355055566638427,-1.675778398252433,0
1.242137197100801,1.6977581172635845,-1.8816894915935718,-0.615385421091184,1.122085602612061,1.8452139414037858,0
-1.081566136765662,-0.2228967043141652,-0.7937554029194449,1.7731061601622287,0.5541088845768423,0.8915802800899919,0
-0.3560874193248349,-1.3841383902283169,1.749219705124705,1.5621222612936774,0.8939500544498351,-1.2518308598450139,0
0.923804559272507,-1.9342786490383581,-1.7082563389420655,-0.04669340414769385,0.9331323013058181,0.17890901210966792,1
0.5492576249522876,0.1986275672817297,1.7195287526051604,-1.937588337136651,-0.5531583897954833,1.6982029250873918,1
1.0765707232854838,1.4166733114018748,-0.7019888769526261,0.08382781109816762,1.5301934009762945,1.7231605390455011,0
1.8248961689835888,-0.5564847226347225,1.6965983659206851,-0.06415032687919009,-1.4279030850253953,0.571575887163343,1
-0.49597335261550635,1.9831157157309445,-1.1015822174096508,-0.7505071532747221,-1.3187534620220878,0.7911638911049259,0
1.5828056871882552,-1.6107445639322506,1.6815860817961261,0.9568450122586061,0.7817863598193999,0.7247797762936674,0
-1.166078017369705,1.6753110604529593,-1.553422555141211,-1.7790980418288984,-1.7006366968054794,0.7926299368280536,0
-1.7472142400676742,1.685181933534548,0.4625858042632158,-0.9032859098550596,1.0699203222341844,-1.2616915619352453,0
-1.0423133083257792,1.535847958973788,1.5062702538448667,0.4466630464067909,1.6749619699061267,-1.3369306459663006,1
1.12079699530193,1.0379227407446336,1.2193615639059967,1.6869845363836813,1.1884134244113036,0.7808552340849784,1
-0.4956982339298741,-1.4894131215764403,1.9045994699090225,-0.43692513899643615,-1.7541994755070665,1.3333840820552267,0
0.3259349182098168,-0.6320346085388153,0.48998333223801804,0.9411853320906132,-1.3885185303226746,1.2908929192699885,1
-1.0331914573049232,-0.6002729960521895,-1.3034028694878605,-1.0648252748732752,1.24724877888743,0.5844803247842529,0
-0.24578165298730648,0.4707123132072839,-0.2473748612603286,-0.05566754105942273,1.4918797045280754,0.05837348194782788,1
-1.2781909073174473,0.7971872635895094,-0.05426280522000804,0.6902738176633756,0.9646379101744835,1.9996625395938072,1
-0.5075181286568222,1.5288647950850258,-0.4008565399548396,-0.26499406228537525,0.2912952031311251,1.6086637641058785,0
1.4557335629533208,-1.4493987962759372,-1.0395762485876276,-0.8635243171390159,0.3911527040100049,-0.4924059051936105,1
1.4239747012224968,-1.3563065165243993,1.5122145064672625,-0.24124456732813648,-0.3557626879252491,0.7828550493137687,0
1.760318198265964,0.9804299827077934,0.13564191427701688,0.06767554818621546,0.7031473829045094,0.09336902748309672,1
-0.37704004135156444,-0.2140877832496879,1.7010864716376148,0.30908037002882827,-0.5239712905055143,-0.7564213005819616,0
1.9292408540230772,-1.2615891537175696,-1.2951518083280482,-0.5850686011524333,0.688100161319321,-1.8023240460472936,1
-0.06958422486769678,0.5485095541205376,0.9425941849291855,-0.5505629697482881,1.18327595832335,-0.010470359323881073,0
1.5084831298779666,-0.24702220209659265,-1.7433869767709744,-0.20765587285331355,-1.913087760130825,-0.7148749223832254,1
-0.3644831190120663,-1.2917875342457927,1.6732699378481937,-0.16892667296879882,-1.449170972547416,0.734065468387016,0
-0.7209070949024654,1.2430448070285482,-0.7691576783211795,-0.8503570071966968,-1.7780158064098512,1.356335366548778,0
0.5698743926616512,-1.1167155565803006,-0.6610464424810738,1.0722384030848509,-0.2511312631077147,0.2346758208708506,1
0.8374617832639899,1.6560825517633977,-1.8337828334254405,-0.6090163000780477,-0.08901535260888949,0.9538553159465497,0
0.9693872669203816,-0.2574724209351644,-1.2057544929424573,-0.46566692273643273,1.539455687511246,-1.6719502219073417,1
0.4180585085987478,0.6566692823338283,-0.6447425414088532,-1.0626876500736682,0.4058047375364171,1.3468627767212684,0
1.433766189566502,-1.3608878649137996,1.425656449978875,-1.4960487718165454,0.8111886437383995,0.07070978979242559,0
0.5996273531520147,-0.3624658600666124,1.5131889020114797,1.4983275417965154,0.06310829947183638,1.341571056979637,0
-0.918056443210336,0.7879115459235488,1.8499963065577258,-0.8647668211701554,-0.036389371381164715,0.21989672948123662,1
1.4338994625242218,-1.6577493849559235,-1.384418149887769,1.9485355950595284,0.14201826718709443,1.1913113170332261,1
-1.276700127972842,0.25532878368177725,-0.4254322624413982,-1.7680632312919684,0.786377327976493,1.0866985924937893,0
0.1508204605922896,1.5939490806335694,-1.8064882179966397,-1.681601674465378,-1.85773533452064,-1.1286369121725852,0
-0.4522803298660758,-1.3272821848025709,1.6554525256639296,0.6915921783208527,-1.9641307795454361,-0.6413296481731816,1
0.47834083709534614,1.3495533330431915,-0.7679475154239026,-1.3528600620709272,-0.7574076134417957,1.5177858103367599,0
0.19434522389240216,-0.982244647677895,0.9940000613818518,1.3739044359209234,-0.9757345732444245,-1.753418717858826,0
-0.14442395192474144,-0.47504097256344036,0.7184098627827309,-0.8677622010626251,0.8302591547461562,0.9499623269536288,0
1.3057793529254216,0.7028021206171,-1.359459901534164,1.7891267527221366,0.8351607368051952,-1.7666510692247015,0
-0.3960086902993045,0.6056515581220894,1.3722260936175683,-0.6346949795104435,0.3691768487735585,-0.2917938995607914,0
0.478013119073597,-1.1790966605358468,0.5843705146094722,1.6763618284843624,1.2183000928383816,0.3653202485620839,0
0.0028364733351784466,0.6842966717917269,0.3442849468107365,1.892705029193328,-0.13302233584169265,-0.17145815618796156,0
0.003558016614703341,-1.5714345283999078,-1.862619503679225,0.5343079215631019,-0.5175767975826941,0.7482778172844036,1
0.4356124152669625,1.2694064411298949,-1.0694677042110747,0.9564494452600822,0.9649908679749548,-1.7923456311545727,0
1.9814609639835945,0.7949627134591823,-0.758325500152262,-0.685230741740174,-1.294419496299129,1.8452709113316996,0
-1.008201923133445,-0.6478684797934515,0.9685820188056793,-1.9871011037147723,-0.22822952022548781,-1.5008115548634344,0
0.9537336235680551,-0.093622283482786,1.455576594148126,1.323027939952254,1.6712300089294692,-0.17006753448766654,1
1.7201756727222866,1.9262262370107774,0.7906851698157142,1.90452091425104,1.5685164992250837,-0.693190539906372,1
0.3376483027817141,-1.6941541412954328,0.02853228342539671,0.5769892251501303,-1.8536813243851475,0.33198739165761015,1
1.5225886083157603,-1.4170392778212606,1.8139309975184204,1.2867435188253955,-1.7015768062461611,0.5114532369550115,0
0.7682364792226704,-0.5482800223747444,0.9767046545356499,1.731566729730552,-1.7124370556744015,0.8545806904960638,1
-0.5943268823832901,1.255216624264722,-0.47808839846462803,0.10107405792922197,1.6717212260119907,-1.518398414479381,0
1.2827978034069973,-0.5662724138921424,1.987697741852131,-0.961973461884754,-0.7177968408517303,-1.4149663289873216,0
-1.0516601552347828,-1.7987917197962426,0.3258353772998168,0.697478834570938,-0.18592767653108355,0.11320013149286412,0
1.6867746739297709,1.5907310945830306,0.2270786275639658,-0.015390284352664096,-1.3811545844395772,-1.7846954369388888,1
1.675395618216338,-1.3066536957289188,1.903223607810546,-0.4885239006183806,1.9842564030941898,1.3978696494578102,0
0.5181228473429846,-1.5622771422924222,1.413456061060141,-1.7525727866585403,0.018676596189565853,-1.1062830761965192,0
0.04889246813644288,-0.8098277532226477,-1.4620421790466347,-1.6770466322487212,-1.4894956674052189,-1.2947520013762768,1
-0.800593914800487,-1.5313336685905776,-0.5232600592526917,-0.46867932580141414,1.6109114676516585,-1.8146123664059388,0
-0.1957516036460265,0.10462869020845034,-1.8125908215838096,-1.8897392302940852,-1.5546441429313078,1.0828415413770776,1
0.8685743333888967,0.05842434749194725,-0.32683417083450683,0.06657740308290361,0.4486432819960049,-1.9340803608798716,0
-0.8411569211302821,0.813850296237963,-1.4644459975302975,1.662229339841835,-1.0348423333326595,-1.0711961660568052,0
-1.164623381081341,1.0094377304165811,-1.220321999085674,-1.9200824521803241,-0.8999896523692916,-0.3807107201928219,0
-0.7338523250022466,0.6931399359482282,-0.6063492480673878,0.5496051337252825,1.7902337503535617,-1.1714189818128746,1
0.2929384674073523,-0.7564251955643568,-1.2400154775877419,1.2646882826266514,0.42630335718414614,-0.9688503073674362,1
-0.14989509079241703,-1.2890164664621149,-1.883911663148032,-0.6102182083917111,-0.6628960923022498,-1.5052446136662958,1
0.010474256650862213,0.4552061705969397,0.21045082693488482,-0.3557845206539141,-0.2579932839614636,1.564158362290109,0
-0.05103382503123921,-1.1181639112933865,1.7377754653896664,-1.6626742117859274,1.9277048288516454,-1.6403472832040378,0
1.116909078590572,-1.022460296277456,1.605179023553513,0.20785720380162065,-1.0329657734054156,0.7569042060563489,0
-0.43945643852122185,0.9811964368837791,-0.04479516509733816,-0.8094614226621237,-0.5549099412887717,-0.7780660557279302,0
1.0741407114967059,-1.331867224403033,-0.16834048417637515,0.9453198106501097,0.9024575797034315,1.4256020517147778,1
1.4458730510457949,-1.424779341626632,-0.8262918828508425,-1.8996998369894569,0.5788140968919508,-1.0165728665378087,1
-1.3861982329165174,-1.0513600852667149,0.9961363542515009,1.2048524338947328,-0.7198732356666353,-0.4808360104675864,0
0.46141799657271143,-0.9812913943807873,-0.06393914102418297,0.5664865255015403,-1.4325069159833839,-0.034262131430863985,1
0.05292620966685169,-1.991786387733348,1.8248983598423925,-0.578621091555167,-0.5373761871900795,0.47651506064062543,0
1.9570625556870755,1.8625609620058015,1.6240344189386198,1.5691911742464484,1.1407684577963684,0.10070190172491778,1
-1.6686988480659872,1.956777119699229,-1.6195258208314711,-1.2831395412291982,0.4217100157771192,-0.8037714872771824,0
0.8458797048646347,0.8879632856448851,0.6759839349078947,1.1538204601790802,-0.9142656827321689,1.1756359681197028,1
-0.9073823317593286,0.17465193029443604,1.2067087061287207,-1.687224712169869,0.10301967539986379,-1.9143760311875977,0
1.9797657055782447,-1.1821286654439214,0.535923482409487,-1.924700998748134,0.3275651157372099,0.34863865980638487,0
-0.5810883442221635,1.2888418923396623,1.5325051157432172,-0.9001649246008552,-1.1570342098979345,1.0021786970490294,1
-1.6454983434640216,0.8527133436096648,0.4622930613280207,1.9777023574256711,-1.7270427694905925,-0.0995083123457845,0
1.9330015076662153,1.6632692028812284,-1.8226255434897451,-0.5932831388932991,0.5977904084829091,1.1767071298466698,0
-0.08302807251265198,1.221303498532519,0.9834675781381752,-0.07722598012375581,-1.4024000620533714,-1.3228626495570874,1
-0.07133191805115802,-1.1032923473269025,1.5716752032372328,1.6089688985762396,-0.9394065452084877,1.4242773997131675,0
0.10618166417444064,1.401606002665924,-0.6991223655817289,-1.765555376960176,-1.9154015428427114,-1.0288936221663731,1
1.7722973072964634,0.11193778765082829,0.714736213860149,1.7983107936542173,1.9992848913650119,0.9568734838414832,1
-0.03718459313200917,-1.7343405330301844,1.5435165037588532,-0.7994178953063775,1.4366669049982987,1.0135153097165404,0
-1.879478415357724,-1.4260099606365553,1.5647335884369888,1.201983832540415,-0.4197293132952242,-0.829166010271615,0
1.7418813712828252,1.9947135440762853,0.2131549514311808,0.4819663580507183,-1.4668626314513982,-1.5031652816007868,1
0.9891200035305623,1.2491952901790055,-0.70655670317805,-1.3760949758211312,-1.0380812647654047,0.15512169601716286,0
0.9216459684512426,-1.6337891156041624,-1.1927992596537558,1.2215014772483435,-1.3447023461459535,-1.8298753595656478,1
-1.5788753821683619,-0.4661121744729617,0.2731740956421218,0.08386317836419188,1.1368529677622177,1.3093505875903246,0
1.0624102521039838,1.9108945548746932,-0.1944530109018352,0.21644765007747635,-1.282413536760178,0.02067494855453811,0
0.8315161784343772,0.29700937274024897,-1.938923112996981,-0.5410589345741341,-1.5864653406284974,1.5561279416295681,1
1.6901525748645452,-1.242156566289664,-1.9277960023312648,1.827559470026543,1.870476650275287,-0.20722205022522022,1
0.03628544980220427,-1.9597947284242854,1.9943851790555054,0.45081882235358073,-1.7720276641539825,-1.8246737687906713,0
0.8484398735318148,0.27033935482666216,-0.18235586124259706,-1.0794571138054088,1.7434061313982334,-1.5539847339360446,0
1.48419328612309,1.8884441591092656,1.6005763831748756,1.7848607711279554,-0.16599245935217688,-1.6303580233313717,1
-0.2773527401712341,0.06512729821239693,1.259248320671734,-1.2347631112685176,-0.3894845164730292,-1.016015084942036,0
-0.05148523528148985,-0.22192484782656186,-1.5719258696558827,-1.2424746445873414,-0.6308709989068748,1.7764846177706999,0
-1.5110727992596402,-0.8054259746673136,1.6881114459874018,0.847097655621639,-0.8851932104370439,0.2037347627825996,0
-1.239935665451342,1.3250883898372665,-0.3251192080118721,1.1186473544716091,1.8148013072145788,-0.748342599920528,1
0.39896212165754985,-0.8592021411512905,0.24755849803621466,0.011674429673165232,-1.4163572003205638,-1.3181376289649966,0
-0.8076894853833947,1.593342857463984,-0.80781029541685,0.8408490315285526,-1.5446555739877672,1.456841693650028,1
-1.2692665288943918,0.9149626296126905,-1.5764745972582856,1.7217881472010088,-1.1969939222057877,1.2162232306249505,0
0.012110761214294996,-1.1746741938985563,0.2880627521114403,1.9379022714087388,0.48100629417566987,-0.8194310890794494,0
1.802678548633407,-0.8171235499587293,1.3230236785184224,-0.5148164550125429,-0.6034028150215698,-0.20078912588732667,0
-1.0696796321653208,1.1894520451039106,-0.024579957874266256,1.049260632916857,-0.9893502516730597,0.5408892967285408,0
0.9563281770820979,-1.1991764616043437,0.729888627177655,0.31485091482064886,-1.9341108497922463,0.2578829385103667,1
1.0466852570846212,-1.8951661561165851,0.13612519681103308,1.1220895986221868,-1.9140046189414859,-1.2454084579128133,1
1.064225918727487,0.1726275622814013,-0.3387677823387474,0.28403586469618425,-0.2711024148511192,0.8701482397552356,1
1.697983206413027,0.31081608174219344,-0.9882660816966,-1.980574336253985,-1.89996479679631,1.5631726856236163,1
-0.7087650956438143,-1.3919677389506777,-0.8606908290677682,-1.9000813257978155,0.3345846928376446,-0.10618707466080757,1
0.7157715350915446,-0.9098288997037924,-1.3404920353896803,1.8267643574017258,-1.4871852404940786,1.687793402394381,1
-1.3127200416948668,-1.8535077922181507,-1.2557124580032477,-1.4911833131304855,1.0916075752409582,-0.7050955892456279,1
0.8382957751737883,-1.7946544252192669,-1.0934630949643478,-1.0162730580371502,0.2900616168196919,0.5428787492502742,1
-0.042706460935972856,-1.7715001253829077,-1.8593774368204201,-0.7731546767947486,-0.8129013712331252,-1.4769452026714633,1
-0.23231492300290402,-0.510720147450431,-0.9299520903518399,0.5001007359707854,-0.8679369372577419,-1.6255435307606798,1
0.5863031911941077,-0.9806769705845175,-1.169009217535483,-0.7502635560229893,0.4397193678213349,-1.1505242024157818,1
-0.0862656729041511,-1.3414823844379722,0.6048211592327752,1.9812854008335874,-1.1575854776981953,-1.0542428405804203,0
1.1239342614928352,-0.6404855520337871,-1.6168239069157107,-1.5937007678710704,-1.0797821848423053,1.977474563037489,1
0.2551378381891296,1.4862689820352322,1.3638664878468867,-1.9924372651092237,1.6486249148211067,-0.9606022686041173,1
1.396641489187202,-1.4411724857161272,0.3663770570244269,-0.20028755260252362,1.2759307779240658,1.964509313159203,1
-0.6700500294768541,0.13251251463963554,-1.6364341488850034,-0.10002333602132918,0.8652217240402247,1.1185866473560169,0
0.7505533829192927,0.7397691716216088,0.025728706152800207,-0.0393704927535552,-0.8795440481120598,-0.3945148776291112,0
-0.7586965695206822,0.4895627362259405,0.7845368497783847,-1.8616973243196524,1.437494578582693,-0.6612658239865685,1
0.6431818460551884,-1.923687515796233,-1.7718522316088197,-1.0625250598419926,-1.1512996081008748,-0.4073959602185928,1
-0.5821012889899522,1.5493952747164288,-0.38235466393138395,-1.061807742984891,1.464082744160164,-0.23632702086551038,0
-1.7547500554313298,1.4311095661323416,-1.8130703761188873,1.2504703670621078,-0.8831367889693649,-1.4167663989820993,0
-0.22436605920505936,-1.1657066555581883,1.4557299084729522,1.5699731370460799,-0.08977914225932215,1.584272598728063,0
0.8333033990643899,0.7161396768024768,-0.4515585127010886,0.656130349866614,-1.2754378400174207,-0.24072415855187312,1
-0.97032536874613,1.2743969465679013,-0.727042126889152,1.0772045245902602,-0.5575303466681474,0.9387269546209098,0
0.47345211152252764,1.5894513992319372,1.7130683865506349,0.2765938333884499,1.6434349092783411,0.23503235548473134,1
-1.5134988859401846,0.9659138533517915,-0.8916858835453341,-1.7586092462307574,1.5811319511635307,0.8440923525508341,1
0.5492972324189216,0.2885046075587181,1.1218317365408463,-1.850448066650829,-0.35838478197304013,-1.1718206591149776,0
-1.7668330123264742,-0.7088546371458571,0.8714665951032412,1.507623662318165,-1.491969123241812,-1.9292618129634636,0
-1.8095035950903329,-1.8706924940074603,1.0627974035866639,-0.9710544271707122,1.4317757753052263,1.823176755766851,0
0.047778236815728015,-0.7309741026171244,1.1906487646225448,1.2877466481150477,1.292180279774127,1.1223657915948198,1
-0.8027400364610022,1.9533211010060234,0.019036560570472094,1.7818741389706898,-1.6615126691266058,-1.6000499743198509,1
-0.6142554586377207,1.1674160907076212,-1.0029280991633867,1.8765813405219802,0.09748161491039653,-0.7431805360909514,0
0.5968697384147847,-1.619744759617387,0.2786320669669693,-0.6900989079855093,0.3933299031687949,-1.604050964007417,0
1.7955530804344626,1.2808880097824633,0.9502966440804252,-0.7170246571522192,-1.883783778065054,1.7669833386829832,1
0.06496751671150092,-1.35097999904528,0.9163300365443399,-0.4999657627909553,-1.322388478236677,-1.5952119607101864,0
0.854173763040893,0.3970969832105107,-1.7778805710792125,-1.3292786234911365,-1.3973066337907998,0.4194433211311699,1
0.3446449951552575,-0.7545258011662108,0.24761404448501612,-1.5405056327118984,0.7921614433627036,-1.262732444320056,0
-0.4202566474584266,0.13168306419991715,0.4144305691639518,0.45676388931314893,-0.7335488875395706,0.4571049730240251,0
0.6872661011603962,-0.13305739640042225,-1.196383978254814,-0.12111636931311898,1.6649243598115127,-1.009079390294592,1
-1.0513176948931058,1.5952470546796294,0.7603952216243481,-0.6860990238726794,-1.8716243014491516,0.829110750306604,1
1.39283658494019,-1.1288599133258064,1.0266393982069855,-0.1229325476045311,-1.5731781207203475,0.9311416835555155,0
-0.8301073319579504,-1.0749681166735758,1.0828410484945064,-0.5526872216308996,0.1863208660753708,0.6052675434398114,0
-1.5173746958014247,0.9734915922721368,1.2290808965780577,0.45032395216090837,1.5706487942530583,-1.4250749277884531,1
-0.2752632216174189,0.652964828724754,0.7842593226686438,0.14298614912808594,-0.10191008772275367,1.8706141541621877,1
-0.9121937570787528,0.2325792958551376,-1.9527544508568537,0.06692881358670189,0.7358605153876527,0.12523847657798104,1
-0.9050948956721068,-0.9797409818886531,0.3719429712678419,1.7771229273034255,-0.27737264774020076,-0.8661962569186707,0
0.5688102774445043,-1.76336494352552,0.9903852886994682,-0.006099555089801534,0.12274403431978076,1.375476614954494,0
-0.2003506860079578,-1.288766365544367,-1.1197969398077325,-0.5733669168154827,1.3064967102273002,-1.2774362034913795,1
1.633939091476623,0.5819665088638497,-1.9162834195827156,-1.616230708284681,0.24221861881729723,0.005367339137504423,0
1.1015886722428223,1.5217130964825767,-1.5234123559640746,-0.5036795906035394,0.07845148403239222,-0.9657733289359896,0
-0.6435499201379651,0.2518378805269883,1.4856921703385861,-1.5228899714760096,1.249085689513659,-1.9151154193884397,1
0.8149626014450098,1.9679885244948014,0.052365048766439326,1.798022843134829,-1.2697864765450508,1.774659881590814,1
-1.0435255141922295,0.714099941748787,0.16495828888854014,-0.6001166092543402,1.2380078917660429,1.6332112841439859,0
-1.179355696800811,1.0613953615540606,-1.184763960659108,0.814822833136148,-1.511079492874312,0.2701388403192735,1
0.7358744033518132,-0.9474206811150157,0.3287918282437863,0.25590549711062494,-1.516324192209983,0.7633794898315505,1
-0.3332188441337518,1.1219559531014003,-1.9669084660590372,-0.7236801985676986,1.0630167305021745,0.11203989703330164,0
-1.2191542101396178,-1.2175884448358234,-0.725145935712129,0.7753677157888954,-0.6799585386574094,-1.831327683449668,1
-0.4386816988870397,0.9041656590112757,1.7857348335286738,0.518965327039207,-1.3711986781929073,1.8851453979235173,1
-1.6059063073715891,0.3090986982669488,1.4416788528375477,0.22339903406642714,0.02279854097824341,1.7604110669712734,0
-0.7098224804536462,1.9678203286084104,-1.4263938607266962,0.6944654900490947,-1.515934251289789,0.6998074150123541,0
1.5579125427038898,1.1655264200526205,0.1814257897684799,-1.632957776488583,1.4757928014509467,-1.2492189429251668,1
1.7690876598516394,0.2772125374867942,-1.32896049897256,-1.449181775336533,-1.6405120285329486,-1.4248636541953297,1
0.6298830297764226,0.5235640563014492,-0.08074196533542732,-0.8254911915684469,-0.1646438511209567,-0.7691622296033622,0
-1.2174850047924908,-0.08418063821853261,0.18373079856900265,-0.21578426716563248,-0.7760361976836028,0.522381370499736,0
0.10271504296414768,-1.4368180464836864,1.4749996885539023,-1.4537222377376562,-1.4972471881405958,1.8943881457734206,0
-0.7567635836297608,-0.6835593186628723,-1.107731109986783,-1.5084836070859806,1.4886155032666197,-1.9543175798704087,1
0.22139357732551446,1.102465046127175,-0.8633478317253918,0.5248521687114254,0.502040777740643,-0.4561623539922879,0
0.1421192294706466,0.5321240109816703,1.7652746413901483,-0.41944560087128435,1.5426657857514106,0.7150794291323121,1
-0.13954828440643396,-1.5790101105752772,-0.5304171696372224,-1.6657540108173654,-1.7592224013298559,0.4249755585105355,1
1.0714583773332595,1.9235912733623026,-1.8019475359924537,0.6019010865648884,1.0666408432085146,-0.14136806384970857,0
1.547787886746193,-0.5408076335417533,-0.5106569485454577,-1.5606593154163764,-0.790580571070115,-0.2693135541478915,1
1.3192374736725787,1.1142587870968583,1.6391042653994012,-0.4264584640734643,-1.890222246851089,-1.3665021194114013,1
1.8353723158256168,-0.9622258694825692,-0.15911321884671015,0.041909172551860774,0.22835120605264203,-0.11902285998118023,1
1.6442559843874216,-1.9079872791632542,1.655481206026098,-1.8412891550570492,1.8944521619300625,-0.49703895665212583,0
-1.5213008646233548,0.6176296810479167,-1.7498389159666208,-0.8994856021905928,0.2802879561641358,-1.3390120733864257,0
-1.54212562016196,1.8768653398148247,1.9895358881832248,0.19724872483735112,1.733609869790877,-0.2411762667625088,1
1.9878600253130783,0.7958061688385207,-0.6755948205132798,1.0496004466454405,-0.9787064601638513,0.44262966774210355,1
-1.8399666961675698,-1.8717825789742553,0.8173856059048199,-1.195302611292091,-0.36156613311972885,-1.5209398208025062,0
1.4382549780747178,-1.9868191580450558,-1.1775762765273705,1.2386609779430064,1.2407352562076182,-1.2213275753440085,1
-0.13797986510522975,-1.5107582401490443,1.2239739113612358,0.767990484252882,0.1422027962276049,1.0166123553503663,0
-0.844006690443234,0.919569181370703,-1.2113623909901774,-1.9735452371725914,-0.5331176664308233,-1.931331230563663,0
0.9330558312020418,0.9745883358955143,-1.5989181115341835,1.8409619826137291,-1.2227484170445488,0.6126665431324927,0
-0.11123020146489981,-1.2499898856960638,0.3194459043801223,1.1648114968112226,-1.736624623256751,-1.8669236698063867,1
-0.5358648719016466,1.9726903131469449,1.011386616356853,1.6070164291699256,-1.450453298482806,-0.4679114281828296,1
-1.7050276564944284,1.8168514131020586,-1.403214219659592,1.4860572021012999,-0.9883352484012513,-1.436860686443303,0
1.284821209333995,0.3831735075149494,1.6311929644417975,-0.9739058715313953,1.5466654145490621,-0.903356427435162,1
-0.047932340842717025,1.6331016974783075,0.6681469947463081,1.3970566413403445,-0.6697366858442577,-0.801130111926069,1
1.0282482594624516,0.8497855714751474,-1.746220472490302,0.23983822756396433,-0.8490739345553489,-1.8221530649843376,0
-0.5156877095627714,1.126378436928492,0.7764009075574427,-0.7056259265922287,0.4789941237380093,1.5494939996161916,0
-0.9219807009494403,-0.5917264048713409,-0.2849783308804321,-0.1993146126478389,0.9051703254369889,-0.8603559898589324,0
0.9383785417068058,-1.0399751504887536,0.3495452051874266,-0.6656514489758898,0.07972964090779966,0.7538597990447613,0
1.3862581051949747,1.2980815155663432,-1.6828109005191845,-1.9859016264375295,-1.066425647467958,-0.5553840289504759,0
1.092638850785805,-0.8655601302489493,0.8089462208414546,0.32543785171799877,-0.9748976605663855,1.5948926591423414,1
-1.610947520116686,-0.548069541058708,1.2073191301651658,1.6421577025469754,-0.2904748097654095,-1.7641378474914484,0
-0.7484607783831172,-0.9234602886900625,-1.935895167829503,-1.935054273905516,0.9442056266185554,1.831568032380582,1
-1.7828105150078102,-1.8956619791444536,-1.0870414501189258,-1.0871034482665287,-0.019026033389794694,1.765943507792748,1
1.9856714579882864,0.07212208885689853,1.4706652013838224,-1.7492749164142265,-0.3038397267441981,-0.24362116435718306,0
-1.289205062590848,-0.3222776573043489,-0.5004129513464024,1.2804054577439326,-0.5046665061172306,1.2122355802531963,1
-0.5150759807125858,1.0035055168116025,-1.3784177357849794,-1.932037005722154,0.421418556681326,1.2750032147603743,0
-0.5642696316142497,-1.1959970066240437,0.23599253584238156,-0.9392565993820137,-1.7033795731139505,1.730457943726984,1
-1.0432762324052938,0.20956271550521155,1.9761935614401969,1.2567182061100017,-0.9621679132290772,1.3483395085744578,1
-1.2235022144057082,0.4162367630242163,-1.793773373885239,1.4439223389713702,1.756365980529969,-1.120277847866026,0
0.8886274791578943,-0.05707499961377005,0.7601200968259216,-1.4556239023708173,-1.857987767429464,-1.9119570982300576,1
1.9853994495999556,-1.0683966054578131,-0.736777925459895,-0.31393077745087483,-1.4839158294230956,-0.506724292396775,1
0.6315242462349149,-1.688507487702691,-0.4222435644016289,-1.4593263645591223,1.7812056423172096,1.8182498433506264,1
-1.2414373273391281,1.6972755374416981,-0.676021741128185,0.92137240688306,1.5387169848948758,0.041569833239766485,0
1.18420005351489,-1.6373027578119665,0.7592239724050569,0.7267415899553455,-1.7145244749514856,0.9690616618329981,1
0.5325953361762163,-0.20066186258009022,1.978394948469075,1.5304132062819487,0.6529347328079629,-0.10169416106619122,0
-1.7601013622542396,-0.4243230556454227,0.25035686558779124,0.3466954568626539,1.7666213032892073,0.56886715115599,1
-0.1950521434354422,1.6981257557461427,0.9252418735177916,-0.4602985309975596,-1.7049966292894139,1.439407941375535,1
-0.40737768058933765,0.2520231797338637,-0.8135142040884293,0.793150294189636,-0.14424107044795687,-0.3343223612240913,0
-0.1700491551242056,-0.8719999772062152,1.5620942361034955,-1.3700593101109217,1.9170521329449381,1.7220383689415244,1
-1.3068183656518682,0.17136810317458462,-1.9829678079797608,-0.21452769567659224,1.7926555301855496,-1.9731733420222954,0
0.2206408986768249,-0.40496048455864253,-0.7581886915578817,0.242414251756923,1.4012471462473597,1.0015357786345218,1
0.702302811267872,0.19127051297711972,-0.1385703637923954,-0.5953235519800502,1.589331517692579,1.358583723500447,1
1.3057113625215448,1.541854692790098,0.8934921772557054,-1.7004289827787273,1.0014955137969475,-1.7251176864886957,1
1.0159013856379082,0.6650774049919086,-0.9151513521016441,0.5985731151422189,1.093765413940841,-1.2940599750118431,1
-1.847734940468861,-1.600625114336633,0.7858066798416043,0.9042405195523129,-1.0004850272480947,1.5525179337083204,1
1.180454607606412,0.8406255035398922,-0.2793532169085986,-1.575027791006141,-1.6687632174570868,-0.5594108922845189,1
0.6157272283233834,-0.5063222610865137,-0.05945913498840971,0.7262278334051562,-0.5331170682420883,1.8098940303401152,1
0.4199732094394615,-1.3577914822604935,-0.5604029708719978,-1.0478126231500262,-1.086754608601105,-1.7753863254312194,0
-1.996803494046131,0.7952203540807234,1.274351569564324,0.5357553394736714,-0.24648831821426276,1.7345704280285554,1
-1.9475408741454565,-1.9893093386770184,0.6115765511993465,-0.2586545791718682,1.816550499888836,1.7324604823206342,0
-1.4115806026495457,-1.334393579657029,1.1676702058710458,1.282487451356399,-1.8244331439433812,-0.8534107294142892,0
-0.9375043252807727,0.1520628514151503,0.6214030898097436,1.064417044130705,0.9952983869771024,-0.052971903477431415,1
-1.7580219668859272,-0.01249861215328707,0.42580991401903434,0.49314566342036814,-0.21815054520676025,1.626484615772998,0
-0.9685374766013108,-1.9297023003460514,1.7023552715477983,0.07556315991499796,0.23551980809327855,0.45080663957845957,0
-1.0837546679265446,-0.005401174337414716,1.1320116224372496,0.6283756065141435,-1.180000687352099,1.7420957379199384,1
1.2963350843879247,-0.7439223781363937,1.6585235717371067,0.9252583288886207,0.8774748928019762,-1.4465949396913618,0
-1.1925820537925094,1.18736641923199,1.333387545585691,1.935399216912213,-0.5597886062285502,0.9399043987994018,1
1.524369302514808,1.260594373443841,0.09952862928609019,-0.6234983655642043,1.3494079265715575,0.29469055578515624,1
-1.1425419772569607,-0.949902651002215,0.9101920525119103,1.3072454815660848,-0.9765777755125336,1.5056740565727407,0
-1.635009997708511,0.16285374172407474,-0.5887589649826794,-1.7937124477938724,1.3469246182579213,-0.3912616897517087,1
0.983223174092422,-1.9999415257234983,0.18916477533131681,0.05382015783818872,0.8710220669032913,0.9366849710786336,1
0.017360140210538333,1.2372602724014166,-1.3702046586913492,1.1901565327804962,0.16861087119090756,0.09002191407496607,0
0.34480817313347023,-1.8179678408262552,0.6289979443397082,0.5513939432122728,-1.7089132806720744,0.8245602326488641,1
-0.5433755472204882,-0.9748003333952391,1.7385699196078486,0.994896621028381,-1.2441116410503956,1.291917495770298,0
0.21301583816446445,-0.5775821193314585,0.7389183315988195,1.3904678745686003,-1.0966789412077973,1.481249537568667,1
1.2513787964250782,1.8122930816874563,1.2839802618968892,-1.6338411748989126,0.007235371652693168,-1.9491684313855338,1
-1.4397069703424301,1.2820080017324273,-0.1818927706698279,0.7696070309065779,-1.2400246223699418,0.014422850782393137,1
-0.9294995915212039,1.2035544228771782,0.8251517390167602,-1.1165138324392228,-1.488526363646574,-1.7827123539806902,1
0.9581942010313127,-1.9396434470409192,0.6997410805720632,1.9630554547199743,0.7055886859515432,-0.7912107083034443,0
-0.9048156875529161,1.082248576349976,0.7932066506840689,0.7321983900501055,1.7737632075136385,-0.7391837292411751,1
0.38744585762763384,1.0601876293552697,1.2808789782338654,-1.9312293206779643,-0.679190799230545,0.2907520406562183,1
-0.6455101277985817,-0.14875111318631795,1.746327960076128,-0.36899330055243595,1.534725108616374,-1.8447375716381487,0
-1.7135848215399592,-0.42389560204050136,-1.0423572982566385,-0.9208719335140594,0.14288849026954775,-1.0506502942241642,0
-0.005612497212581058,1.550526536068002,0.7933306998741751,-0.11100429386232014,0.4889137353796582,-0.807079443199803,1
0.8579652384428296,-1.1341904944492263,-0.45227932708953134,1.9260338062749427,0.73007009617774,0.5690417576076494,1
1.9625370510926476,0.12038365904693427,-1.4687729219767385,-0.9407516255656572,-0.9845280616069543,0.8536233048885662,0
-0.7753431432222331,1.4928769441766088,-1.5627041089322948,0.7341453339032373,0.24120943962739272,-0.5528078816714479,0
-0.27272402522428374,-1.492576625867303,0.1753915858500168,0.025951254790393286,0.020548984370620804,-0.45747512197175233,0
0.19273423946352253,0.17381494883778714,0.9000461079694477,-0.2028735831518662,-1.1372849467442347,0.3747745688937414,0
0.3691156486200926,1.0060456476144104,-1.2033599048485049,0.06802546609200766,-1.4113456595583531,0.8347196452922963,1
-1.568262471066733,-0.934736273808968,-0.2094062511616266,-1.2039767891846376,1.892217239392008,1.859448923065412,1
0.8872120951341107,0.6669863162070784,1.011348142041773,-0.9034372266945954,0.1045043575573974,-0.9374515966639749,0
-0.8487402646961755,-1.1579810669921913,1.6654217941443328,-0.25990273789087537,1.1390339228770308,1.2515902373797676,0
0.8407819637193712,-0.8701569532170588,0.8870158198693852,0.4055018326532269,-0.5433463917843144,-0.6923242318960035,0
-0.940330640046501,-0.6138314556868245,0.27636587902995036,0.8888457185943506,-0.24484822738832257,-0.13634748489747528,1
-0.6828328911789803,1.3349057309888877,-1.4244040186078033,-0.3946596676010752,1.1544165707479022,1.4078704389622119,0
-1.3842428672685614,-0.5445834553653293,-1.7782785605101266,-1.625446116819513,-1.4541826009265026,-0.5740420301985334,1
-0.7770548899245187,-1.6852017505254966,-0.6621342829279819,-1.27731620209192,1.979182055542751,-0.9901822025358591,1
1.0703742737448358,1.4241583234331077,-1.1072207073379556,-1.604307101203513,0.5653653679402089,1.7520798379787519,0
0.29539217600029577,0.0768830753880847,0.949829807732959,0.25840047006650924,1.1989414119836543,1.7869051804742058,1
1.8868409403778097,-0.6068403697343547,0.9068424958246379,0.7499572552159259,-0.4329459353186964,-1.2137430233005708,1
0.7673974722675427,1.4502981869365255,-0.09116069040487362,0.45762863871005566,-1.2221717072417513,1.430695657622847,1
-0.03455096815001735,0.2937048192692102,1.7058028711213313,1.5687826064799157,-0.1535281118875531,0.445255463999501,0
-0.32418474760919525,1.871189431685918,0.9588960383808072,0.3197172009458509,0.5691943845361065,-1.4622606799191598,1
1.8115136882282066,0.27816139003157936,-1.7527313130496855,0.12368531725255227,1.2472875737997615,1.4122010385871717,1
-1.4231099131865546,-0.4661443690307938,-0.2089868552877583,-0.11794549930173526,-1.4150651319290302,-0.3145720825727971,1
0.08484122341736366,-0.7698853625004514,-1.2604355363141058,-0.2895445196885329,1.554156939013089,-0.22155052507194517,1
1.5565978167771064,-0.47215707705230603,1.1087392465042862,0.8670132675808278,-0.5290480621461047,0.8400629210469677,1
0.8972646116508409,-0.13768394232871106,-1.5035315722084897,-0.9597440931210066,-0.5583999380498632,0.008228598897104256,0
0.6097092112319511,-0.6585302136060904,0.15990252219467793,-0.1394574358835068,1.355400603110179,-1.835285443864692,1
0.29284350877749343,1.059920948080284,0.5206490778671049,1.2579305191089776,0.515640173173681,0.8875611725513046,1
-1.259668973591212,-1.3572650189435729,0.5792681366195618,-1.07725113168711,0.4620256840548662,0.00043114419884204835,0
0.4555234754649695,1.7202210457979454,0.9672545087763309,-1.0196140958609434,-1.195745223383824,-0.45139789555935783,1
-1.6921991483073637,-1.0904944280429074,-1.8389113159857988,-1.5315132722310438,-0.07265497359083817,-1.3120453536435002,1
0.6723780680425615,0.8065856142810293,0.8757827927850381,-0.6082938685116019,-1.666593483515988,1.667508326347475,1
-1.0740809411302923,1.9939376946739902,-0.5891371502759748,0.7236169947468749,1.4662624937969198,-0.3981639347476298,0
-1.1050461126222348,-0.8868143755289841,-1.7491946745219096,-1.6288529484531336,1.945735197673656,0.9030937209451011,1
-1.6827374262676442,1.0112391970866361,-1.0081411899546748,1.1828357532984377,-1.7657695989413331,-0.9254181623371851,1
0.11621256264546176,-1.2407690050132296,0.44693947208038765,1.8240294661705496,-0.638339752105272,1.4122057781890964,0
-0.8311711002123281,-1.0781565926744086,-0.11436407478428334,1.1691189690502677,-0.2122424089373527,-1.8605057775881253,0
0.1389773210926255,0.41926664609036335,-0.9425578192434538,-0.6229609190639089,-0.8482506730614618,0.8983931097504425,0
-0.013442129868743269,-0.8366165235488241,0.807697448970742,1.139311189220686,1.1418698468313235,-1.842216032680156,1
-0.24514501243450137,1.803700051812759,-1.701167136648838,-0.9992544379645123,0.686705593224521,-0.13321918932469545,0
-0.3613314328652786,1.866542675117644,-1.156972427565902,0.3689867283574033,0.5326580869379489,-0.4096248783095131,0
-0.9575559406220568,-0.5261993178782318,1.634111194777394,0.5346435231359941,1.5490809241721126,-0.3127491987306783,1
-1.6425006488875749,-0.38206509006889977,0.5727806254384458,-0.1518169608794815,-0.6505340680633394,-0.3310559140796059,0
1.2267465282149526,0.8685873076410702,0.9010746317946579,-0.15638039089076372,-0.5394586702899158,-0.8065775101051136,1
-1.3736987370703093,0.2504217334968857,1.0415344214324347,-1.3911389975738806,-0.5404818717923745,0.5043358225112322,0
1.655704581031321,0.9925168161263471,1.3179596215077556,-0.4552330264676048,-1.4751782266309852,-1.1383412358647682,1
-0.21333852031309464,-1.1738673064350458,-1.692314602814204,1.528004818026929,1.4307973306908743,0.8452260833262586,1
-0.20239655612596508,-1.087757747074039,0.7311504523708408,1.4170010689857486,-0.5851776250123324,1.854814329508426,0
-1.6728225080379469,-1.1202235441224895,-0.03736990327892986,1.7972628654005365,-0.03576645425772851,-1.5882771790420978,0
0.7859736647421536,-1.342769431038799,0.29701278485943217,-1.3861597467413804,0.21325175771376914,-1.7061559320199184,0
-1.1737113849994425,-0.5512568046177542,0.5791731704711873,-1.8262051603590153,1.0610433321526482,0.7160399871222727,0
-1.617187599277011,-1.4493765825530263,1.7310670307984264,-0.3254202868433458,1.7503445392075538,0.9191038499413078,0
0.8880428891161634,0.3472205638396315,-1.8132791429415076,-0.9159049868461229,0.9176240500469945,-1.0375568376389066,0
-0.4253792548022699,1.7989748434161994,-1.0528260533265197,1.2663512536955488,-0.9214471315362265,-0.8882738559119807,0
0.36445230340737655,0.1928523326674978,0.4781739834194836,1.9196911571792832,-0.2841918102490064,0.8468823454861139,0
0.05105847273972053,1.0132402427543092,1.7902436545764204,1.8435471604214966,-0.02108652593517446,0.9575628548757176,1
-1.9008302366112333,-0.5923016716930758,0.46730907322860693,0.2944953862500417,-1.3924222076193002,-1.2478874051737758,1
1.0511784556373196,0.29105427274465434,-1.5919632906966772,1.1925069266987407,0.3580349652648338,1.3003553926682847,1
-0.936952775864857,0.7019012479438662,1.916219014508743,0.05585771316524779,1.3075813112312016,-0.35307378167552983,1
1.915307360706663,1.2704549595101917,1.4843004068290488,-1.2882726133868294,-0.9157153766901085,-0.2503021356428752,1
1.794744027391419,0.5433604627159303,0.3826708335694349,-0.7074034756443206,1.3726688459983438,-0.4575307901535348,1
0.9026798939579797,0.8668711202205475,-0.21705344796190218,0.6899206219971123,1.768945057967644,0.6432986649641284,1
0.9020200822058304,1.242345642056181,0.41899898638498234,0.6738755435212851,-1.9490997494106512,-0.3435842644987068,1
-1.7967008367353068,1.1796118707035985,1.1045817186962315,0.6599569971061241,1.444529108110137,-1.5686782043191054,1
0.37626445730113467,1.5614715853444348,-1.961078513579272,0.9101139194901875,1.5566700229250783,-0.5487514356984775,0
0.8685066255335214,-1.0653502675077005,0.5735598336960459,1.2185631269271187,-0.807207206987504,0.8178943999745427,1
-1.8325081965860197,-1.0349818250939236,1.5530136856520804,-0.07200702297595774,0.6611337776386201,-0.302946085698069,0
-0.05660666625439914,-0.5895367624415861,0.6730209382363332,-0.20841902420284075,-1.5893090534104366,1.836203478887727,1
1.9472970357755632,-0.1822397170780068,-1.297918979535682,0.6589190850103495,-0.08985989627086965,1.6886192697490894,1
-1.8086946603970273,0.8460713469093379,-0.7758393541669926,0.41903092680336007,1.682782413713309,-1.2816441080858936,0
0.3154078965490066,-1.4873325660643624,-0.19935242584713153,0.4976110681932764,1.114787887311739,-0.4014089540707291,1
-1.7137624083222582,-1.084641046066828,-0.16700787523453764,1.5453607316213929,-1.3415264304060854,0.805664053221506,1
-0.8794330228067682,0.3379014317424085,0.5122122886876253,0.9233217232179611,-1.0300002308066292,-0.11646514894300619,1
0.8072873040217865,-1.6182630419966983,0.20102964368170229,1.3744266932450575,-0.31888407332369484,-0.976450261448587,0
-1.3507122416078006,1.6364654766063222,0.740711456359207,1.9478482209706804,0.34417446156802,1.8718244385953131,0
-0.030854051193817345,0.5228319217730051,-0.14055393427414486,-0.19324847857628136,1.6927190110398493,-0.048709233633451365,1
1.8181828451899391,-0.7684694456385075,-1.4554704851881048,1.2095945166639743,-0.5034297754758068,0.5436702722226543,1
0.3574206494609702,0.09918933366682614,-1.7516855631496804,1.9428363011189655,1.2064941836180396,1.3283401921082794,1
0.42650728084296574,-0.841081969023854,0.7346266713051546,1.7850606761760393,-0.786297819972595,-1.1184699683038608,0
1.4719461761540265,0.4337283775827254,-0.3661225025745165,-0.6348507271617803,1.5196792257064469,0.11841756603236142,1
1.7461917473783397,-1.694358375738962,1.4483563346334067,1.128172904439238,1.0711194878283128,-0.6962028027943772,0
-1.423358160273517,1.3900696997875186,-1.9567774270741878,-1.147640300730001,-1.3242907317481993,-0.7431173230757078,0
-0.8919712391968675,-1.065571677293084,-0.6305028008636921,-0.6011135607109885,0.2789390208427558,0.08030986186826672,0
-1.4987122509788486,-1.922450404890629,-1.8258973470349678,1.6753478509302409,-0.8253931368521528,1.842116114113432,1
1.53888315263006,0.56373546198129,1.6133188829904919,-0.5785112494883764,1.5035986421139307,1.4995469596732072,1
1.3069510818578816,0.6618741237661308,1.4943931689175725,1.5490861551388808,0.5033503788631815,0.4861992980181311,1
1.9814355243711215,0.3772261243620565,0.4303581082029271,0.03471353208481798,1.3757275000895426,-1.0628763837221373,0
1.2554784631640414,-0.21865936799820496,-0.02695724445751635,-0.7509305156725574,-0.3601870068316475,0.7952448758627826,0
-1.523417197613639,-1.7012387187007643,1.8036183903091882,-0.7503742252574401,-1.467544173430293,1.377271742443868,0
1.7261471340571455,-0.395599887327704,-1.800621000696538,-1.3589312274741046,0.7297629183915721,1.6258287889415008,1
-1.9720532290755721,1.410130816429422,1.7051048105812971,0.2438008644134988,1.8430289833711075,-1.7581591031097714,1
0.1535849978098658,-0.9894824081254199,1.9410965537023372,-1.8432272509741523,1.1518629315236253,0.9991209151940437,0
1.1300061687897496,-0.7506707797506449,-0.41952490642732965,-0.841185146192748,0.5968511460877912,1.0492366113799099,0
1.5554770069116475,-0.14439373717501214,1.9832539116325845,1.552810884164038,-0.7443649026175678,-0.10652780011453933,1
-0.7784974897139039,-0.8609494141925134,-1.3690273850439723,-1.6925798609919886,-0.5563572735282301,-0.48402803548999884,1
0.578710015742327,-0.7788325524682511,1.2548515142762344,-1.9095183464376007,0.8533393227363,-1.0770529607614137,0
-1.500322613404562,-0.5499494528846971,0.5364441672714779,-1.5531619991280539,-1.4225747021811834,-0.28463831358717506,0
0.43433720145103205,-0.0036963438022086237,-0.424450630796386,1.9868197264561944,-0.2682636822186386,1.0402980554740715,0
-1.2420062423966125,-0.008280419087276947,1.9056295986399774,-0.11772494327235661,0.7793166184704052,1.8197987351466072,0
-0.24373672248083356,0.3828672370758821,-0.386547874968755,1.9611401678708655,-0.6625525210280205,0.870841178742161,0
1.8816504120855053,-1.1119612990711278,1.458241605217534,0.9447349532699243,0.08599055103197806,0.27438277013603907,0
-1.727628979061703,-1.0585955184954883,-0.4097160513702507,1.4780410844148784,-1.1764047030215021,0.5974864759682741,1
-1.179308550955386,0.34372053486961907,-0.6327766255804073,-0.7995584363406936,-0.6318365738722846,-0.9804452650212707,0
0.030287763764062614,-1.3547580572051672,-1.6901676682221534,-0.245417134894109,0.47161798577234126,-0.04561117868738496,1
-1.4379995295275605,-0.12832932847475487,-0.7386077648287137,0.5570916286513672,1.4307770558671518,-1.6243725678849783,1
1.734953422906595,-1.5417936549017508,-1.8888167249499168,-1.459564972060586,1.956816716554584,-0.8013598589572366,1
0.4261817268269925,-0.33453705282022295,0.3200907709181684,-1.6414065181243545,1.8532433786240006,-1.919503394472411,1
-0.15387388332452456,1.7695303306079802,-0.9644441074384567,0.7770979961952582,1.0061393186255647,-0.8203052043325347,0
1.2060086836381938,-1.899633183314224,1.5090354289681485,-1.5346609053334759,0.6688343264222518,-1.115252824479457,0
0.794829248305811,1.7428731649098457,-1.4450077701637145,-0.6253190339979176,0.7444825206243997,-1.488526766586141,0
0.9782293716759791,1.2528256260774175,-1.9953192867226202,-0.28123200356316147,-1.7772337582362314,-1.0524098190426678,0
-0.6993448856733591,-1.4616170042155066,1.2580863880480568,1.9855662549255517,-1.2495899758529663,-1.7020771816998903,0
-1.286196851362941,-0.3635635576108851,1.9029890724081304,1.9785265149284026,-1.0460494318269258,1.9145424912261175,0
-1.9425939894977553,0.8235336531094255,0.9620484013017063,-0.06035848473872729,0.10572069086751545,1.9550001632697347,0
-1.571801090876959,0.28321499891811497,1.9415417285376395,0.9943037518438596,-1.1942352456600527,0.650884435533666,1
-0.9077931962758443,1.4996478378539129,-1.0084903823641702,-0.7564486964537656,1.6690184586312915,-1.7262877703836992,0
0.46608710175857304,-0.9174836482118565,-1.7534470105548166,1.3313959904528367,-0.7987060054906769,1.371395255647672,1
1.7903168950563568,-1.6119176488899538,0.6886285519372599,0.30688311846529226,-0.039998374604848674,0.492979995168243,0
1.6258894753716988,0.6089639672210643,1.5969243153611847,-1.8071871848937144,0.41117333046753757,1.4654655691968212,1
1.860376112854368,-1.9791877040997092,0.8675743846607635,-0.14759850979157907,0.4072888751375512,1.2511774581621689,0
-0.649515705435205,-1.3965384353266894,-1.1564198258928502,-1.3556348364232518,0.2672802641004024,-0.7094077606581357,1
0.625612350676739,-0.30529638836633755,0.1933987424417567,0.9652670666213092,1.7793945802136868,-1.5031334824201092,1
-0.8341768760282959,-0.2167183905679324,1.6586241364835375,-1.7464786454214671,-0.05687172352338754,1.2400921294708005,0
-1.3965231058760899,-1.6781560132664035,0.7946022868479186,-0.4036245025434546,0.08289829342540012,0.5551439069703825,0
-1.8522717461439497,-1.794199194422383,-0.9070691519645315,-0.4375643796327755,-0.9808616121905778,0.16306195331648565,0
0.39185497004505754,-0.09864632005137253,-0.34417913395990674,-1.0107469305927483,-1.8580392557478573,1.0448254780750186,1
-1.8890708898969235,0.11661112307798227,-0.6658212349017072,-1.8136249912989806,-0.3704782825780506,0.7492114556042333,0
-0.47105094355810895,-0.029232818254073756,-1.8198243375808123,-1.0303175883517657,1.8765628759528274,0.7592163778001249,1
1.8130036481496479,-1.0105326577862148,0.5506630123911549,-0.952909392145644,-0.0429614130039635,-0.43820347355657363,0
-1.1112058910891074,-0.20409005569144822,-1.1865388029839816,1.6842078649317824,0.5283362967134644,-0.5903594046165948,1
-0.7794955193037949,-0.6684268910012805,-1.6920034653555809,-0.7864298982186222,1.670721629142459,1.9653443095229273,1
1.2772792076718464,-1.3581156511085481,0.8598783199458198,-0.7437867895097607,-1.7376298145198237,-1.1105534986212908,0
0.3138792636313221,-0.615049000223133,-1.5708847726408957,-1.8078740277641967,-0.6256355314199884,0.6685766623368368,1
-1.8895312619867224,-1.0839395767129059,-1.3558913317029377,-0.684659349222057,-0.5830278980061618,-0.6324350536972458,0
1.8175510870036309,-1.1334833263011665,-1.517388392890561,-0.1338589261997103,0.04855363399627377,-0.6641323370555514,1
-0.7514447015069599,-0.17547544344886523,-1.5572997604957588,-1.787100475190082,0.2695548672749508,-1.1728625252732443,1
-1.263708485289286,-0.19304043496418588,-1.948211917124496,1.094341604852389,1.9244834157740986,1.2050751174587129,1
-1.934121493333508,-1.6815905658605685,-1.4595329714865035,-1.9999311968148414,0.06137478531289364,0.7609383523558995,1
0.09624388062306721,1.2600480199955668,-0.084693949086172,-0.6747242944749736,-1.62745820694062,1.3830095074721922,1
-1.3321729337531072,1.5395551442765671,-1.5660631522157278,-1.8007729348640074,-1.282043955145821,-1.726343539266939,0
1.2517681873162205,0.5341939396564803,0.31969273523719144,-1.7553135919734335,1.810993344546156,-0.46414591681078887,1
-1.9886647897300325,-0.8943410640391316,-1.8261428342500015,0.9823427288695439,-0.23035328572588165,-0.10197497973308467,1
-1.6030495219535164,1.9269302142839595,0.13291914337289557,-1.4858050997524983,0.9767522793006695,0.25207878510871895,0
-0.30651678832372076,0.04730205028140322,0.8288741483032398,1.1604439142184204,-0.37779489296423474,1.155921968859042,1
-1.9767636025689685,-0.06277418067545248,0.06062556587671075,-0.34540340661024604,-0.697893308214947,-0.11712424100117058,0
0.5757137295087604,1.7142085490392285,-0.6966479495305262,1.4364004983395144,-1.1971950151144486,-1.8196927619595082,0
0.1035582858135613,-0.6524223000544942,-1.9463731765112096,-0.7894166029532723,-0.6429858287493562,1.3454934921665038,1
-1.0036444631680208,1.6980913428369728,1.3099878982786715,-1.8038900346552484,1.3304666452718785,0.6099107534208548,1
-0.9152197812541765,0.36626000342848464,0.7351075087791177,-1.3850923866362463,1.5844971904249885,0.7074599682435809,1
-1.7647746399160527,1.0088354677160623,-1.2447709219447232,-1.0667157408042485,-1.7392653964552434,0.17954791481338805,0
1.8407591276559874,-0.24998779608352129,1.9328479884530396,0.7283672293266559,-0.8708706024918422,1.6142334912550877,1
-1.3563522609364238,-0.6255355216113276,1.7058486854912198,-1.1765966714260556,0.5066489331245569,-1.6307020331154765,0
1.1782303600334396,-0.9813044610822605,0.47145633174484614,1.5289359949170915,0.3185090412477414,-0.8224935865302014,0
-0.338344121555453,-1.9496979703469224,1.3958026144929718,-0.134006874903426,-0.5123032356099264,1.1687845286543794,0
-1.4813803365028204,1.7720056710009988,-1.4870742676640893,1.5992004313051411,0.8534649804941634,-0.38780265870144026,0
-1.7734512771798214,-1.4057219766685671,1.7604345661240286,1.5756129905727527,-1.815395329096296,0.26511224111992426,0
-1.2121751264684506,0.8573362148542554,0.35831868209133555,-1.7655859990155292,-1.989398940582944,0.4815330422319528,1
-1.8128011119684602,0.7434031311074167,0.4758948296739196,-0.048804721597206946,-0.8656031082216034,-0.5476801370900559,0
1.608888832961076,0.5945465062979225,-0.34004708584577115,1.7011119813926858,-0.04997298287382579,-1.1796914605587197,0
1.3494865757111683,-0.8480189687223034,0.3634637922122774,-0.5089911513756977,-1.7622612483186835,0.6284695323678933,1
-0.08687172560611689,0.3646258744771198,-0.6196133290922452,-1.7677514958952814,0.09926638912236818,-1.0783806819820532,0
-1.4891025640049889,0.05901540501679037,0.2490440573184185,-0.5559801148505845,-0.6465984653517562,-1.6424494668958491,0
-0.6369470420510548,-0.19828117196895612,-1.9249172146245068,0.58731778209971,1.8168489165836559,-1.0252613891400468,1
-0.1563901022832166,1.27249318385853,1.3167247538094595,0.2362486864052986,0.802078358820594,-0.6139596016868776,1
-1.280483751989408,-1.4428877413341423,-0.13791476616605758,-0.45200283407890796,1.796977327072772,-1.7142207225189425,1
0.08404437540650722,1.407418933298172,0.8624743630333178,0.5658832467010892,-0.198662764793208,1.4635042729593515,1
1.0776996442828781,-0.1975285812006522,-1.0438883926997686,1.5223653949667644,1.5780222363923277,1.9233731791164703,1
0.9889091129366068,-1.8534909037527907,-0.01079683010511756,1.3147834473552713,1.0308251751696913,-1.0137874007079999,1
1.4587166771656133,1.7310486377511594,1.3354664228499402,-0.44820561889222876,1.2176529470924158,1.0238663417781488,1
1.0564873575256968,-0.780454410002112,0.8347350408529981,-0.11521184143220342,1.6408195510560457,-0.6237757075606396,1
1.4100937698304312,1.835224426624432,-0.8693648842996451,-0.6809483056395358,-1.3946395421440547,1.3749588415815999,0
-0.9284102586068492,1.8106143587951635,0.4190714153879118,0.5445947637715363,-0.39999375944333826,1.6533235647358042,1
0.9167613059931004,1.0442815228489977,-1.356576597650876,0.38644093841337535,1.331912020854353,1.1597748009199913,0
0.7505814476437527,1.7412927035149917,-0.44512752943553613,1.5547064300863327,0.5646021572426618,-1.2653144083369083,0
-0.5964769483133385,1.9455408328427697,-1.3287304992215887,-1.3637822071940287,1.0927051345422507,0.8589727955960353,0
0.5175966422423799,-1.4418046680957062,-0.540256625209786,-0.6862180606411727,0.9596505798952784,-1.4221841113174558,0
-0.43777526870742545,1.548128391916522,-0.12288258042785394,-0.8152037501986968,0.25871339920122427,-1.4483785529148494,0
0.057714376314037086,-1.5272373193127642,-0.8304844631926049,1.9825272338893503,-1.2034199306952371,1.1582229036303806,1
-0.7841458574284825,-0.8958407978516885,-1.4943021992013739,-1.9650107634111516,-0.8080298895351974,-0.6719954128507477,1
1.1879990421146678,-1.972166515246501,0.6060039815153244,0.370639730105069,-0.871175554576975,-1.5561645885190472,0
-1.5687076993207616,-1.338441901314153,-0.5702642038138674,0.08568234061629232,0.41457526153602453,-1.0481523510764439,1
0.99005872584382,-0.19499161183027436,-1.9959270338836403,-0.12698899047271262,1.8836146742509516,0.3280635182345404,1
1.8676342960327483,1.3961118355154514,0.73289962478131,-1.0247708268170976,0.9238805603959945,-0.820842295991032,1
-1.3713739702228387,0.5886986786224377,-1.7867860796162742,1.7353575872306393,-1.5291760888890598,-0.04899454973467776,0
1.4915834070484464,-1.8369663830570073,1.478744408273624,-0.515392371448947,-1.888121303546903,1.3688024071274327,0
0.8577673340569651,0.7637995055590019,1.7115143929563748,1.530606971774168,1.8457392230967442,-0.6283529840808,1
-0.6027043076831928,0.976672268724637,1.7643960357077684,-1.9980452302901566,0.4194715231629136,-1.8689648333935085,1
-1.2476881197715812,-0.6207364217691809,1.2938622386345862,-1.6913061969923455,-1.8779621774168604,-0.09451052170085061,0
1.5667120141313404,-0.7311792446671483,1.6072549528767195,0.49455605667504665,-0.6315120033239858,1.5519077945080473,1
-0.618708083775724,-0.9069116766081633,1.1666855707436352,-1.7202748835611805,1.4132318611025187,-1.894837279530806,0
-1.1782363496065362,-0.46546108740661074,1.6536166736179996,-0.07287257329077956,-0.7647552583193478,0.3045667348675396,0
-1.5624130488470134,-0.6282224913574543,-0.9477970895991095,-1.2244796638681672,1.9901958060655596,-0.34303657909654284,1
0.7597340071167005,-0.46865702886277916,0.9637257034649074,-1.1264976516007343,-0.2535685358339572,-0.5690142636629325,0
-1.8626572800621894,0.09979512163633686,1.7099214547568757,0.16832841728404357,1.5772381926490948,-1.8417353803529188,1
-0.0809156798763877,1.013172485411264,-0.32608064455082486,0.95672440790127,1.008185602658001,0.3019749645439189,1
0.07322669995730413,-1.1514135968788772,0.8701233843818463,1.1358931569324224,-1.2650939220541875,-1.5727626034064284,0
0.23673814351757416,-1.7463899588226837,-0.45865855863440386,0.28549390028815935,1.8121109140036973,-1.051158662349195,1
1.827386280120464,-1.198805161060049,-1.061389075585546,0.15345670174413906,0.7841547612013291,-0.9654862679053662,1
1.091746691193864,1.0421858987100139,-0.085637887038994,1.840829256626494,-1.5427693066661607,-1.3732858856822587,1
0.8932099940989797,-1.2057428105899657,-0.7639001822633715,0.029316887258799884,1.9003074701800675,-1.6950206803685393,1
1.5132596964645018,0.44890556425741757,0.2904226124472764,0.466945296500473,-1.8997095025670774,0.7648572371992675,1
1.8631945656599083,-0.32483365976903356,-1.536193487125054,-0.8073503215128679,1.2620472103212035,0.2027053124725371,1
-0.6411971908616851,1.5799940446063165,1.6529830350546746,0.02391609276227369,1.0897674236818657,-1.4517352059247712,1
0.9075408652334982,-1.9324159487287633,0.2236693903438165,0.13916192584841935,-0.8593463676821593,-1.5810033236049499,1
0.5049550012035002,-1.9175137302704557,-1.6971239644289327,1.3790260737239444,-0.3853429096045575,-0.381848845423046,1
1.23751215102215,1.6409983365491825,-0.936749833458661,-1.7042061408712974,-1.622971607683366,1.4534569069974923,0
1.3259160946124506,1.181591649388635,1.036767068310676,-1.4842217121463808,-1.0046831870094524,-0.4414196116935005,1
1.6918896009418116,0.6309889929497596,1.538783483549182,-0.001099305938060624,1.9575235714988382,0.9360725380170773,1
1.2564178929993357,-0.7353442800855534,1.1656233222960721,-0.9123642920843524,-1.0421145640794087,1.4000635805673456,0
-0.8597452593615098,1.2837837629688993,0.9202091849842677,0.4733265821080752,-1.1983224385547966,0.6553507157224678,1
0.4234629730245296,-1.2910596381323538,-1.726153443101751,0.4492414483781264,-1.3892885908151271,0.5093894270420263,1
-0.9560110611320813,0.7587110867321445,1.5995892210664628,1.2811470873860267,-0.8775943572103944,-0.25416680010758963,1
1.2585839774828793,-0.31112320112931524,1.6893893553328114,0.17358653675654612,0.5257524353044127,-1.0249049606961855,0
-0.14213022456697066,0.06526959352019857,-0.5305623268698376,-1.0344159709926477,-1.744778733334055,0.6770016299008024,1
-0.9068686567559596,1.7182572488348464,1.9228939760838104,-0.26164722401669227,0.21654758087045511,-1.5951803068455996,1
-1.4620274683412258,-1.7731809320624183,-0.6909947353788088,-0.5082393660587501,0.8673900275036366,1.5275607698126707,1
-1.4211446193386696,-1.8742092506612766,1.536695602276068,1.9404899622152563,-1.737222653020026,-1.113909232484355,0
-1.213184977135739,1.8683840578882265,0.9999551889680038,0.9918159288824744,1.4277872399325044,0.7214534740250014,1
-0.008789941442443272,-0.3937128115751145,-1.1821498147318925,-0.35007395593846846,-1.7307576126861535,0.43679609833343447,1
-1.1752397302841402,-0.03873669100050803,-0.628502859853755,-0.1096850266993834,-0.5044812576507565,1.3094619520883883,0
1.0694778917620034,1.7187840478044274,0.8620735302769611,-0.7198365546692802,-0.6473671355704287,-1.2435230354863793,1
-0.9734737946525569,0.6538599968718422,1.9889176863312508,-0.546279206896271,-0.17775212037810073,-1.9307186196357753,0
-0.9494851917190852,-1.2884293352365628,-0.352276688133621,1.690405986977229,0.08192691691468257,-1.5255689537966846,0
0.5706297468682315,1.7918132554099655,-1.4088987977136789,1.7367875313556138,1.8581071899794144,0.2205307282022435,0
1.9809240971962598,1.2663027096836963,1.9285949591543416,0.2995910192546525,1.9519060065220089,-0.32332860133462393,1
0.17003956376966434,1.1721042979899243,0.6252531535022774,0.220144578426956,0.506550828570246,0.32982833783762366,1
0.9304140169791473,-1.9125878253083362,-1.8501579304963847,0.5736413664802935,-1.99645384742816,1.977578127382153,1
-0.5348075198783215,-0.712576623905143,0.955833054055315,-0.7361594236623237,-0.37914725780017067,-0.11222775777959093,0
-1.702125020615529,-1.9852007334665047,-0.06149678210433862,-0.9762495690558355,-1.370564662787309,1.0411274636094667,0
-1.2191962446652185,-1.4209942804532867,-1.1704860914494577,1.7317559996071434,1.9655809587555746,1.462337266946407,1
1.8998174356132829,1.492466649390145,1.0498091736267172,-1.3684938821968968,0.8516367503084181,1.1694992932535908,1
0.016805112636502084,-0.08057722095816233,1.4496103244498024,-0.3103700169603112,1.414090839731839,0.2768139489448358,0
1.9425476493611633,-1.9318961323795518,-0.7761919260786319,0.71212650946811,1.480008158327962,-1.766504959498027,1
-0.66230967350478,1.1593193926670406,-1.3327766510810664,1.80340613862121,1.3624475172464168,-1.6695163761131169,0
1.46777451620168,-0.6386220104214373,-0.6225605700094112,0.7177777462077133,0.8355216899429725,-1.5310266916151636,1
-0.8718831933812585,-1.968198424257301,-0.5558127834468047,-1.2349517423854475,-0.7445696372215531,1.6989009153309649,1
-0.04582543514994075,0.9847662498430174,1.7787698854255023,1.6427630068789805,-0.9707381745312382,0.6581519448008719,1
0.22468831692722313,1.3577821713535423,-1.0248995317977667,-0.8767656997323501,-0.08267962631376102,-0.27805659214848166,0
1.2487223254415638,1.1677301402900255,-0.000455312596835622,0.09693720046258747,1.5411125438638305,0.09920889893938023,1
1.4114878015002867,-1.6135512508937748,1.0709197851105459,0.22669563023201533,1.9162672207276228,-1.5077153142405875,1
-0.02667875718033752,-0.9394084353512864,1.2485717505619718,0.5436117874289299,-1.5788853654863848,0.5994019328959506,1
1.8371678759562164,-0.21709030344188074,-0.07641447280886338,-1.9521624096580936,-1.4474218082087518,-0.7614130831109653,1
-1.364942126820638,1.1415196466448383,-0.12173937649985467,1.2456767421837274,1.0275553376150817,0.03783274420336413,1
-1.8561824867851064,0.32018043638549054,-1.053844528087788,-1.748320078388427,-1.3218743434407325,-0.7652057470140172,0
-0.3740790279062689,-1.7560375162447373,0.055980747490882,-0.5552275381404597,-1.2607953397601288,1.6123143576805012,0
-0.6287259188398631,0.7533513181979594,0.17127643436400586,1.8650580775702381,-1.909950399822434,-1.814348390058231,1
-0.8967267642138337,-1.5853430411787914,-1.6795939784237892,0.5774356436841019,1.0729828921202493,1.056278463002831,1
0.2907130701613947,-0.8902804722092221,0.34381969728666206,1.267303551546982,0.5315580484661551,1.5009809156494685,1
0.6777163838021636,-1.7742420211034342,0.39216767773334293,1.063641967970098,-0.5773736331034831,-1.9509949083277647,0
1.617268927897142,1.8714180581216504,-1.3101778239169466,0.13287949826442969,0.136250791583433,0.3690008883150315,0
1.455821159995137,0.4989051058146199,-0.7587771727758699,-1.0966502643631806,0.3988605256590332,-1.8708513253205439,0
0.9850353406988681,-0.08762748555324817,0.47951085997212006,0.6001477015000791,-1.270987987611305,-0.18040043622503266,1
1.796986913843155,-1.4141436492892718,1.0398444900582349,0.4153607152394989,-1.8435673586264802,-1.1529804899886211,1
-0.12501128418353602,-1.5468122362849681,0.781867551880735,0.37325850608945155,1.04876031619192,0.18847241947235638,0
0.28069926599168227,0.41414795869239107,1.8444122330262283,-1.9634454552061342,0.6605025352443405,-0.1469660773938588,1
-1.4096063619326755,-1.317048509407393,-0.966557254136029,-0.48817494436376796,-1.234563677949886,-0.10859943679577855,1
-1.6138749475937026,-1.1974592916822209,-1.0574467526885694,0.16292168609617397,1.423075743734005,-0.3338186673266579,1
1.9355550944290258,-1.4457366436639307,-1.7462743222342438,1.3910670407618007,0.28340154786438765,1.6204537423769314,1
1.7834301817813825,1.760962021128985,0.4507685566479096,-0.3803399643190395,0.4774326860442488,0.727479858039632,1
1.7155000521745056,0.8110757663935364,0.6979227242871731,1.1018185592453564,-0.44257613090686077,-0.9779195028716989,1
1.9478354463995537,0.13248547435566893,0.13940591048115225,-1.290378265344713,-0.8128202863474829,-1.6923332715869495,0
1.2378826278612074,0.21943612230498788,0.7340895012117628,1.2262923169664224,1.8888151440976606,0.744523961294667,1
-1.5436319883668488,0.4493780474120208,-0.21906790181993996,0.33395199552178845,0.6848276905552892,-0.6461784329400477,1
0.16295933323411305,1.0307184414251336,1.5332891759023148,1.9081522535173887,0.2843113688334542,0.4765883868557852,0
0.7277524101749431,-0.28356735584041415,1.4943924451524255,-1.0465989452895794,-1.4454745582988835,-0.9435272105769936,0
-0.06781653075231953,-1.2253414138732022,-0.06224048162170037,-0.7769128734666397,-0.15760134022325456,-0.4238144746732013,0
-1.9816192371654546,-0.8784577057673482,0.002265102897312854,-0.23719341405915317,-0.27555048350199307,-1.459184525193026,0
1.4291629480895693,-1.0522017813692814,-1.2395268595920355,-0.8476832981819684,-1.8471702850490255,-1.018277518935255,1
-1.0641927733940055,1.6798671924692008,1.0215102634373574,0.06965903950305963,1.948403978956316,-0.8792110571944121,1
0.44516953692158623,1.3012813961053986,0.4105935160927716,0.15473490586908056,1.6585181211850912,1.6258611985377014,1
0.7293796928007374,-0.8220956931558989,-0.22424238129179486,-1.7734315849474096,0.2159331367220223,-0.5270737881780292,1
-0.7922656320412624,-0.8719028902431631,1.6824787125673337,1.3206607031777868,-1.14261154495179,0.55668256555126,0
0.38917190422269554,-0.07373190210561464,-1.6242917874042901,1.986194474048121,-1.3249314239923646,-1.9173158896029663,0
-0.43603197348359446,1.666624000533055,0.5467819665889393,-1.4566425583945133,0.6786367805605078,-1.563246249863778,0
0.22183298829820597,1.8159356167466103,-0.35894098881609393,1.6658549869711203,0.9491016550068081,1.1923164485138007,0
-1.586703535120618,-0.7321667229164208,1.0192479853074663,-1.1196268132237885,1.8603389309377634,-1.6973579464215982,1
-1.881356641210974,-1.0876206487957245,0.049721693802680544,-0.5910623312652126,0.7907106392159502,-0.460757143689837,0
-0.6657568023353786,0.16483659700811693,0.7793287045456982,-0.968825299275708,1.0598718357810268,1.2745253661926434,0
0.22167247625683872,1.5044436531916228,-1.7027755279552537,1.8124799733888621,-0.5655040529200113,-1.2445730954268335,0
0.047453932745271654,-1.905596357756988,-0.5097074522618787,1.8737893817673026,-0.2851871184378285,-1.0915528117867512,0
0.3608274790267916,-0.438208111010169,-0.5703105553929042,0.40742986528542025,0.37734721606636557,-0.026578435377590193,1
0.5818508454223958,0.4000418841605131,0.9784021411958337,1.9235504020435186,0.3126218299683208,1.8422750428266954,0
-0.006364829891721158,0.7891624669928858,-0.9227253741569039,0.8534361273835591,-0.04798192718131533,-1.7878483446480655,0
-0.5874834293271642,0.42653415854036725,0.8634555630291465,0.32900344225890743,1.7323954370678334,-0.7178651405285961,1
-0.44796079909301767,-0.2957513207336535,-1.5667427359847799,0.306359926752346,-1.2989409106782182,0.5509758359089165,1
1.2149292224930095,-0.7762608156398842,-1.10609644641826,-0.4383838298216558,-1.891224799480244,1.7813407947534396,1
0.0717881329300738,1.8226944924075257,1.189180632681747,-1.415542399848452,0.5641821549348034,-1.6319498397503378,1
0.6335883430022378,-1.8528231960384507,-1.7115532513776421,-1.2237392819162793,-1.1759690181915734,0.8543818563233883,1
-1.6471926250379592,-1.029659629081217,-0.5866635556255018,-1.5502820000234174,0.3052395329522546,-1.0515818199356843,0
-0.11052383209607397,0.46580501595759216,0.45827901717609887,1.8477626530763982,1.3169369592555875,0.8274504008787575,1
1.6040777185208013,0.08639517574364719,0.6647124020452972,0.16491698951076383,-1.730973898670555,-1.5061338091324048,1
-0.21601069151592833,0.5343634148709686,-0.8911364069645229,1.4239993290898396,-0.5476448947459192,-1.4700692330937626,0
-1.4220765760840046,-0.5827687374066648,0.6444738623337476,0.29629470195363794,0.9431407893929138,1.0985584575388136,0
-1.7447752163487062,-0.5029587368346018,0.7939283139087698,-0.5529392964715449,0.12422949768368285,1.1504683386378,0
-1.2154916452948625,-1.0857699275301425,-0.17480497736690248,-0.13063162171589138,1.6782975682951768,1.8040932601492599,1
1.6741117572564552,1.9189279964408374,0.5911873986207414,-0.30792388682376126,-1.2524177159865095,0.6188911123086185,1
0.7795377859315722,-1.4858510712092894,-0.10864232914079341,1.0176434489113189,-1.2994879057120956,1.2848988146470086,1
-1.8777300120786808,-0.23774643336815426,-0.37632203472602166,0.8597270830097465,-1.6303358677404458,-1.3935019735884935,1
-1.7283425902004081,0.738667130889584,0.05158039222831334,1.8719491200025518,-0.28088260853010816,1.3233816862747751,0
-0.2553158114291225,0.170110100858186,-1.904271048821201,-1.9371166521916456,1.085215992895245,-0.1936492754077057,1
0.436382326921382,-0.2071097007724041,-1.6361476270055353,-0.40994691887048695,0.7211166043897519,0.6355315171677831,0
0.7050010871210359,1.5582468155318576,-1.4351091429395564,1.3205742076041567,-0.21746607968451093,1.125517854550775,0
1.3487565701566413,1.167280561166494,-1.1227983505822272,1.586585108763623,-0.9695705614195362,1.3703808951722625,0
-1.0454952703206897,1.135364356984867,-0.07429028762358936,1.7604557044476907,-1.8655787711508807,-0.3758071041243958,1
-1.003460138135217,-0.5426430082991427,0.6922779407904103,0.6251268027353789,-1.8645688745653377,0.31055604326189146,1
-1.7906112987135754,-0.29749363673956886,-0.721925953604007,-1.6818471671651531,-0.6600825370333783,1.2040194469073957,0
1.3889616174949255,-1.9367176260057635,0.09609243676172818,0.32778497158709774,0.6367633693723622,0.8913865156448022,1
-1.0339110177797792,-1.0222387048742938,0.750106152902426,1.0228152278649132,0.3039263616154737,-0.42072730186516294,0
-1.6983663219343392,-0.1164486018498958,0.47764629653402,0.2457553203716567,-1.3468540468259955,1.6314636853695648,1
1.6662677974568925,-0.5149319333264435,-1.1303879148217089,1.9337684908900816,1.1787316860667034,1.8507978408339554,1
-0.1064594827987837,1.0882204266331494,-1.2763442489523609,1.9552678609434362,-0.687113576903533,0.6371823833436228,0
-1.6632557112120758,-1.7624884103081593,1.9249177139030866,-1.9453723337594462,-0.9427101166856429,1.7900151617720566,0
-0.5453933343214783,1.3676779024309522,0.8652612664190857,0.40137250379658695,-0.6043101337835801,-1.6143948423360501,1
0.3222112929570091,-0.7396699098827044,-0.9855273037109167,-0.5013978092573064,-1.0935089540386809,-1.9680541741825488,0
-1.3028371410327106,1.5649978274839325,0.5751371513034305,-0.06797413781430883,-0.48952611151103786,0.8259200931036617,1
-1.293328606549066,0.3851295740396732,0.5040957644968707,-1.6583917170900544,-0.9080598592271723,-0.6502278378750446,0
-0.6234892328211674,1.1604664826287951,-1.334022801435979,-1.8975095967885798,0.9283013873587604,-0.36008122085255856,0
-0.7144018569871009,0.4584169815308612,-0.31848489008659353,0.9610872432315536,-1.1527776431777235,-1.1598394051528795,1
-0.2760197619007796,1.8873372152631953,1.8093645868788384,0.35537435546899454,-1.461604664743327,1.312565986034182,1
-0.7500238659610368,1.051157453626944,1.8374342615148183,-0.6681385490690368,0.27728435609821034,1.9765111856811144,1
-0.10889796457990597,0.2944680105134192,-1.129961127197884,0.3052680690859364,0.4485402760229622,1.3646142074244363,0
0.16951587948033708,-0.4558057886828282,-1.9711921706808022,-1.513549054781262,-1.57819497027399,-0.06716387020954029,1
1.8583816943689846,1.4774517439464216,0.26665952740470944,-0.7689748754123649,-0.3469116240833845,0.4828444827514393,0
0.02167316389024654,-1.8439346470820666,-0.30408956469787807,0.27361751075373997,1.7122142078655038,-0.6384614256518693,1
-1.8139764790519468,-1.5849868914953937,-1.7509678297655777,0.3507988348712767,1.1732140744519928,1.2421290563468572,1
-0.6326997530955834,0.2252633192426492,1.2151854147782641,0.8998227843444431,-0.7858155037808174,-0.6262517143389772,0
