x1,x2,x3,x4,x5,x6,x7,x8,x9,x10,y
-1.7497654730546974,-0.057433473373490536,-1.8769461514474393,1.7838057898925528,-1.354365213469762,-0.08748627857310422,0.21545405336212972,-0.32599854890049795,0.7118109239109661,-0.04505241048455737,0
0.34268040332750216,-0.5245170611148295,0.8892307520480537,0.6540230928121576,-1.1115208599630906,0.6433535414353928,-0.8698563459508981,-1.1783516211753546,1.3829633221401572,-0.11658165514864105,0
1.153035802563644,0.38976152676692705,-0.3179449821771378,-0.6740745805126533,0.7711635856406212,-1.0593035518901397,0.2606574388112016,-0.13978800468778788,0.4054321434017198,-0.16234748886667338,0
-0.25243603652138985,-1.8915231712948801,-0.4766879951427944,-0.8748578924807502,-0.7932352377480465,0.6516381922453502,0.7148540789005665,-0.8812299427739165,-1.0682762983112493,0.23241520134973792,1
0.9813207869512316,-1.422653305437163,0.9604741760190169,-1.0077126048399856,0.8154467560471256,0.6392852132183725,0.47914168376626626,-1.176152892662228,1.6557979543357602,2.0449569901091205,0
0.5142188413943821,-1.2208600182797968,3.4475126742848925,-0.9536235376659173,1.735221340777855,-0.4170368913623918,0.7931699662582428,0.877674013387822,-0.0716607072303485,0.8372960052089665,0
0.22117966922140045,1.0533466475472533,0.5304907477149375,0.966245933375576,-0.6429569717348637,-2.07280914698448,0.3560122025533276,1.2557083775879052,0.13278831512036302,-0.571653797672877,0
-1.0700433305682933,0.42840060230529514,0.8663997626708924,-0.42831071697739587,0.9704319025071317,0.04648277249491952,-0.11762784210608836,0.7762992922452439,2.1501592425419975,-0.4326891995058168,0
-0.18949583082317534,-0.49295571686581857,0.9246234205674352,-1.6214096518043328,-0.2276106083225682,-0.5858213459579354,1.8177389092704064,-0.24412595480216942,-0.7879271015060596,-0.10638015400790611,1
0.25500144427338167,-0.8806309088471742,0.7942625449144928,-2.5359176970179025,-2.5222339088333388,-0.028885801133909508,-0.5779148367840756,2.1643182317872913,-0.09945072688029122,-0.014057354866196449,1
-0.4580269855026243,0.5922088885647733,0.8100030867232416,1.3256028468225451,-1.4489402983150457,0.3017787310665252,0.8452332271196441,-2.127154916633391,-1.3041580566065576,0.10470311368531256,0
0.43516348812289213,0.29682919133623076,0.6141880273253673,0.5781733275161839,-0.04130758586254658,-1.3597746248703046,1.5090436237826148,-0.14051362375785842,0.06548914017490151,-0.8874979761141417,1
-0.5835950503226648,-0.16467980281744263,2.2115273174497565,0.39503746321277483,-1.0424983927869926,1.3390189309420757,0.6903603236090377,-1.1945718092811175,-0.24434245800341897,0.6979743909192974,0
0.816847071685779,0.2809370647501584,2.0201763881177,2.2316799000318026,0.44974755044690523,0.22026464162448037,0.31517599791623097,-0.6640208186620827,-1.6036621850041444,1.2931323181323817,0
0.672720805709661,1.555888799783944,2.2299768416162977,0.35921021514754803,-0.9116929224589377,-0.05733739032821029,-1.4808042590936463,1.363745330015737,-0.7814735602638287,0.58115274680072,1
-0.10441114339062771,0.7458685849761907,-1.8889332764473823,-0.6837830132335476,-0.07094159654536941,0.3687472812776921,0.07714159296096,-1.575690810027716,1.011168547430126,0.41518933142753844,1
-0.5312803768519098,-0.13393665804209826,-0.0457826600766222,-0.6663135768075374,-2.5051786140226127,-1.6903640759073768,0.6768168785702934,-0.3629427134227748,-0.672053191425066,1.0498700864026873,1
1.0297326851333461,-0.22214270831377508,-0.480478955880425,-0.09372242947511614,0.8013650578390469,-0.8491607216330618,-0.16401424440551543,1.2960045055456546,0.1942662456170012,-0.38815546134446127,0
-0.43813562270441736,0.43052180752145397,0.5145418501104667,-1.0822748575499412,-0.5920304235247963,0.5199870046145131,-0.1745780957878668,-1.466609995839262,-1.7285588995349388,0.6252130256790441,1
-1.1183182462554362,0.4102475225820112,-1.4761719350983622,2.2190234240066773,0.7272985686898272,0.2146485527107696,0.1608107535893585,1.1696274151399713,-1.4391232042626294,0.7972551424266736,1
1.6189816606752596,1.457891544806671,-0.42575171287638475,-0.47630382946817945,0.2775084367267199,0.9174949955720696,1.7033647702715284,0.23478386222952033,-0.335258037907818,0.3276472932397879,1
1.5416051745134067,-1.2523484066972168,0.14058402603523037,-0.39181545952786906,1.7193589899585644,-0.3496902518307178,0.7378089486094067,0.08114152731577588,1.524682083536616,0.417046855151872,0
-0.251879139213213,1.3078130817146612,-0.15851392021065866,0.5549887754565634,-1.0744851296060567,0.5359587113801827,-0.9926273964037651,-0.2938659206718362,-2.093311309281323,-0.9801359807471468,1
-0.8424357382512976,0.5956840523360536,-0.872302654977026,-0.7769734738793792,0.799637193772772,-0.11733268990611581,0.8939608263274266,-1.6240007351666261,-1.2147345132319531,-1.1905732404205756,0
0.18451869056394285,-1.8473075659892315,0.14648587809511712,1.4312786618565463,0.19991711057482608,0.7557160944454164,1.3715733494638591,-0.0847553199653131,1.2150824842679655,-0.652690342316644,0
0.9370822011089522,0.05745400435124221,-0.03357519221112542,-0.08633708909346176,-0.7913141460439347,-1.0601191313290463,0.8675941697295975,0.09206688710174818,0.27603057363741074,-0.5153742083245049,0
0.7310003438348087,-0.4187251839163349,-0.4080154539519419,-1.251981499503004,0.17239772600582345,0.91105194670277,-0.4041751689829729,0.6543785892496186,1.1238341006665227,-0.7928186983180027,1
1.361556125145331,-0.7501323680171557,0.08819553550108837,0.0666570584430671,-0.5503397276419505,0.18474662624115762,1.3901700185311179,-0.4596130664539856,-0.8545765786285958,1.5359898725873913,1
-0.32623805920230253,-0.35339746345380346,0.18335151677198827,1.1105198435287722,-0.7596014536234962,-0.7916818063892745,1.1607286184454606,0.07805069679884248,1.603758538719935,0.29506513647557236,0
0.055676014854776905,-0.5447691136683901,0.6844372767706286,0.7735003270929409,-3.068659654824797,1.0060268786639932,-0.05885379854825382,-1.5300587166209134,-0.9447221416322115,0.5274476366253292,0
0.22239960855530486,-0.6908757450709337,0.9458112722616882,0.73234414567467,2.4292769860115904,0.6255180576122521,1.2054765096448667,1.1478865412422605,0.21975309882583421,0.5354284866501082,1
-1.4432169952253369,3.6952997783501327,-2.927304704348112,-0.4877074394233113,-0.1995728022892966,0.06102414332030145,0.4584933131686575,-0.7882157143733222,-1.1543939264366114,1.9473148388988917,1
-0.7563523055944354,0.2540683382751721,0.8014166734215404,-0.3780061774568043,0.05569218919378835,-1.5615783974884028,1.0557946244134622,-0.45293199733959116,0.04637078049984503,-0.07982819846264336,0
0.8164540110192858,-0.6497124569242408,-0.5663108224809246,1.0227559867193146,1.158305503091577,-0.07731108638429846,0.25518171699027786,0.7239972901541557,1.1300135300553025,-0.689348168508097,1
0.7504447615341785,0.585573607109268,1.0189672270394743,-0.4004869925487385,-0.07187429024562479,1.2335962153499522,0.12952873843451088,1.6870123347850203,1.0716275395364263,1.0058341221824905,0
-0.4559469274680022,-0.26597152644485383,0.11324150930846172,0.5153459553966526,1.15923252659992,-0.8540229401368875,0.25684092852566487,0.6466402182539814,-0.5033596620833065,0.4032147003496351,0
1.1896222680291255,-0.0788291979323768,0.5381268052348954,0.48196935625066345,-1.477175478900009,-1.466520920770158,0.052850353027715034,-1.338953765469253,1.0772140774721937,-0.7087022210541746,0
-1.690616826383604,0.7279390358755751,1.4988954072433454,-1.275951962850246,0.6231045419197534,-1.547485342750849,-1.2236691363035272,0.8679676280542442,1.5622549790249594,-0.2561164039490509,0
-1.3563990488613127,1.366949742955891,1.1793068449570414,0.4213172421373329,0.02277106486052274,0.41447741970225216,-1.6810889378000977,0.2706576861046064,-1.8049742010827368,-0.43090072508747457,1
-1.2324345139149262,-1.6668805022599866,0.7155930932214164,0.5798484767980296,-0.21124065868172087,1.5803165986597802,-0.7405125643432122,0.4832434683830727,0.6073649890817104,0.06588766693832418,0
-0.5444391616724643,0.3378011936961394,-1.080939823647883,0.8880705034867753,1.234244958272104,-1.2643883691202273,0.16480673786144764,1.4391762991284605,-0.734547529286131,-0.05884420606679002,1
-0.6681717368134277,0.2079153346487379,-0.6179873072445213,0.36151564054381874,1.3934706565695216,-0.10945197087278236,-0.8625866817191272,0.009953531578210486,-0.24025972885165991,0.5241358241008407,1
0.007314563228903049,-1.4988550541024916,-0.3516117183571954,0.5555008268064853,0.7253357189723534,-0.46445927041890195,-0.05700159591363446,1.1713599885971138,0.35069974332622555,0.5219994344371511,0
-0.6129387354781626,0.9240925660100396,-0.7443842297097287,-1.550398463510654,-0.026291320454909683,0.455770668159167,-1.2877758913872206,1.71156148068566,-0.8131486227345365,-0.5056988518534831,1
1.299748074755309,1.10919976721021,-0.47508681280967346,0.588399672826942,0.33915816107424773,-1.0358148930234903,1.192013468389897,0.9517061087085814,-0.311242104267352,0.3678195533218592,1
-1.733095623653281,-0.8273725927527698,0.8423678769062792,0.10758407655917065,0.5633846215424619,0.8817935133678814,0.6345202261745004,-1.0477864401408559,-0.9406688762260244,1.987169461952313,0
-0.98331009912963,-0.8323621287038554,0.042190119056874774,-1.6578367310063638,1.0599217032107484,-0.07082351209831514,0.3023844546144829,1.7224415732133154,-0.4446322494104346,0.9467024894854088,0
0.3575077531673654,0.6853887592652913,-1.6199172256197443,-1.5755168444340246,1.9015668624744213,0.03213107395333669,-0.15529282152204427,1.5920771653798096,-0.036638795782634424,2.243382001480909,0
-1.6135785028221759,2.0545326852812407,-1.7230392999293536,-0.40011937071571574,1.2224536344122394,0.3178781144869884,0.21298447967283288,-1.878067338813318,0.9921410885924308,-1.9780530337504494,1
1.4707138666121289,1.3910864838548966,0.33117003378724386,0.6821168867230702,-0.7994337290928315,0.6444757879862817,-1.2177235708547791,-1.5670090193500186,-0.27470291960791393,-0.6223547543482282,1
-1.1880175973177194,-0.2809232061201644,-0.8749915057800132,0.7157348153048685,-0.792339434276765,-1.9024006940105693,1.4251579225443833,0.6034645087015837,1.7289321909000985,0.7451908515785934,1
-0.5497461935354897,-0.48057596253157536,-1.4773998022894945,0.8020249786866156,-0.18791009235703224,-0.6633339279494965,0.8291203069553812,0.33726557186125183,0.5146869833570639,-1.2577095749580494,0
-0.9400461615447682,-0.24394028298366904,0.9256439164624767,-0.7214035892944379,2.004848934038196,-0.657387311841271,-0.4842134015160155,1.5174562894404113,1.8298132305857688,1.331874603503328,0
-0.8279323643658708,0.15383110884472104,0.029093660613648917,-0.14855122280233912,-0.8695505829691458,1.6959578589560715,-0.09816230410731473,-0.1847851498684359,1.1269423979921889,-0.47596862485229174,1
0.1088634678336795,1.9209391740285784,1.678392470149881,-0.6007060401833519,0.33500698491636677,0.006530407250331926,0.4768973116507643,0.42213822573025583,0.29954905922267666,-0.2520114662700351,1
0.50780959049232,-2.471385542282654,1.00620739655509,0.7425052841475599,0.5983003629163522,1.0661586432632928,0.6518232769801103,-0.7066218183068147,0.956684944794547,-0.20947757549457988,0
-0.8622273465104797,0.1798731371545325,0.016557839903286888,0.5207691059739581,-0.930926865946603,-0.4593103747090388,-0.3856928559790673,-1.1085724219986064,-0.9112798590285016,-0.960558769960826,0
1.249469742726979,-0.5795073006729192,0.15137696817955865,-0.2613874015619357,0.7205171944324151,0.23580262633226556,0.511187435055676,-1.0443376478136916,-0.49897712264863103,-0.9500128014068397,1
-0.07961124591739943,-0.8735195279560218,1.22020141180993,-0.4672996749642331,-0.28868103633213,1.416376118104796,-2.0599534963108197,-0.26253583512121065,0.2340231195811581,-0.27572831010577903,1
-0.8897314812650339,0.16597253072044424,-1.1843477618121876,0.16415045951939455,-0.28450606115842936,-0.23745760438286748,1.3472413663436893,-1.3500805598535226,1.926404052508524,0.3107484660089161,1
-0.8817983894830175,0.12864079034853612,0.3421770737151188,0.39652665243358926,-1.1714643194965078,0.7806745734421335,-0.6961564723086231,0.011900192578847205,-0.2936930520053901,-1.1695209197088494,0
0.01863894948806016,0.004739821932777124,0.06430029220993591,0.37606413832639346,-0.14725439039293362,-0.177509073761037,0.0582118915736985,0.0447486934539933,-0.0044789437698941476,1.5834428560049336,0
0.2378446219236218,-0.14454495683807528,-2.061498022104379,-0.41568599706364867,0.4787937153788015,0.6982647523502804,-0.6130644680032544,-0.6694478912096556,0.5712276845182187,-1.616197329383962,1
0.013548548628612411,-0.9552885645951718,-0.38827991711771337,0.6394703540451787,0.07153122744181217,2.2803477132492316,-0.9641463267460264,0.03505576610606573,0.2670916803805558,-1.0490921562323061,1
-1.635529399380822,1.4737155224727905,-0.13295242646086372,-1.3349808738054065,0.12938721272814788,0.4848334184041735,1.7709609442199772,1.444790992439874,2.2902279186828256,-0.030914072012627993,1
-1.044209877709317,-1.6829282968038337,1.8307323417303063,-1.1435446529486986,1.5375078356133993,-0.4088712816217757,-0.6658776059552575,-1.1748885030718343,0.50700260014473,0.026298445601322315,0
0.6130388816875463,0.7205167404505212,-1.4732740619712523,1.453995570663435,-1.0144495934670166,-0.6191297698331282,0.26506728394063855,0.5990579172727081,-0.19393783377088608,0.31205523080485364,0
0.7362052133238238,0.25820545739708217,1.0474075406899583,0.4927807895336869,-0.1082471409701019,-0.2408816324673666,0.8650642359684834,0.32971424483596806,0.5335842722662072,-0.9443679335699895,0
1.0269214393997905,0.7295539837812798,0.7556180978803672,0.745025321364784,-0.3936801912470466,0.06745481945555587,-0.42601888921526326,1.4554254586263082,-0.24628248847942835,0.3752431726753598,0
-1.4321906110589266,-0.49036321851585124,0.15696581407372606,-0.2316642334315828,-1.7035865853850598,-1.4843325932176201,-1.4206258816612387,-1.1225169634471888,-0.532431548099572,-0.17618520040773805,1
-1.841188300186717,0.15571555789835304,0.8422578090621243,-0.7246668320456827,0.230048660220679,1.0515709179121018,0.15291490382056255,-1.1879996280466087,-1.6274774623061965,-1.5485059805423118,0
0.36609322616730366,0.1447498147110094,0.21319822408300687,0.45292246503709815,0.9099039162929768,1.1179194269618657,-0.7946412688681543,0.17738405395775073,0.1256295399198077,1.1034883737266907,1
-0.3317771350528086,-0.5560116328869547,0.6799541317450675,1.0013920827864096,0.39914219408063745,0.3304403679629999,-0.32565206191056734,0.3626521777655637,-0.9269324579804447,-0.32512434256670236,0
-0.6892179780897532,2.035112955294972,0.612648793673014,0.7824673995491914,-0.08499871799624514,0.222925280663308,-0.32231417814349894,-0.7188427045680671,0.11342021351249823,-1.4039555948441576,0
2.0346075615049335,0.6657168027518681,0.5952694519636597,1.0092554035244536,0.8738512702150072,0.5537097318773216,-0.5092291820518497,0.5360462147668751,-0.9203658492526633,0.6953163838910608,1
-0.5507144119145928,-1.1608780143872193,-0.016001642670510897,-2.4943210597718806,2.446635945581178,1.0528672074854188,0.8260931557276726,1.0802365728301577,2.178905052242284,-0.6266471880050914,0
0.7504533303268411,-0.2272470773680726,0.2960826612014467,-0.4810445085883322,0.8795867355771284,0.8774971301948696,1.5653275267662699,-0.04796144979153862,-0.6607916930889838,-0.7122090171345182,1
-1.3069923390808191,-1.1455605077655542,0.9049347694502661,1.1859551458852757,0.1778162655881648,-0.7368479838475587,-0.4566741297266315,-0.6517602944583493,0.963510282107855,-0.0005293322671730589,0
0.5805733357942744,-0.09382341620634098,-0.6010354787057175,0.9908563465308764,-1.3046063786435005,-0.770672433477922,-0.7366742952613899,-1.0872012072676813,0.9292673943210398,0.7656871645646712,0
-1.1045230926622938,-0.38713935944426353,0.5728107261751832,-0.3000408419867365,-0.013889940409365021,0.181228020852182,-0.146827171859376,0.26117061368037797,0.3709189237290382,-0.21472666944012314,0
0.6901214702247076,-0.7917222269620469,-0.6742405599653695,-0.03941108338753415,0.0119853470727816,-0.3786281941567947,1.1796347300120849,-1.4406514348483919,0.5222603682257796,0.31993422310400194,1
0.6868900661384048,0.801759770989161,0.28133115394510155,-0.8857394377640381,0.28464190094030795,1.1093526061454306,0.6389983519048215,0.6274580907883316,0.35164652310237265,1.537711258025748,0
-1.566687529578391,0.141568200123504,-1.5547614876731002,0.2824451489597069,0.9393027179369315,-0.09751245288180196,1.1711459908392754,0.9190747494930855,-0.2875288137737844,0.9736814581920233,1
0.9049741214666812,0.11944449842230251,-1.7393790793226862,0.3716977880108862,0.14529096572906133,-0.3496100362902154,0.21556321371090678,1.072766035929458,-0.14140876262851612,0.5968068191014106,0
0.7788223993230673,-0.5947131506390755,-2.1605733664984617,-0.4510767017889891,-0.5626765403499734,0.8190031462349224,-0.6035529609485297,0.14206858161522082,-0.5689354869300581,0.3680232001191903,1
0.4282328705967407,-0.9110894569987914,-1.9595779545979073,-1.6875714125986179,0.2348658891690288,-1.272591577105835,0.5716044585762923,-0.25940384471044614,-1.8897610511932215,-0.5388678142280457,0
0.10887198989791452,-0.21406430482932137,1.5562981706347543,-0.999849195650607,-0.5185543713890746,-2.912978495053424,1.3603146539536335,0.9165543925666525,0.15491753538689315,1.7948657823047938,1
0.028283634823073247,1.0320175821509128,0.32728124011410537,-0.6379958505166328,-0.7597400129360442,0.34628795032810505,-1.09660235979233,0.3401232422298211,-0.5451637813982336,1.8833339642735953,1
-0.5788258247909884,1.0826263769551498,0.486092600733593,-1.2692559991828745,-0.295539952210488,0.4754379120205315,0.2384098393522733,-0.7650443848795537,-2.1921733115968376,0.9898278955391296,0
-1.1994511991939312,-0.6898432731353442,-1.2414069599767943,1.410184716196677,-1.4838385074250564,0.32369733944830775,0.5327852033473661,0.29934606915522294,0.8051453555864793,1.279577101697721,0
-1.7059520057381703,0.10189135481818157,-0.5401858548179809,1.1910958424580727,-1.2669386913125347,0.04745109981369735,-0.6282141182616505,-0.33364752468431014,-1.5510281659066827,-1.4156108121704283,0
0.3691639571070058,-0.7470853046062996,-0.10834784260106886,-2.9394540262326774,-0.4355988662745873,-0.15432021366512821,0.4414952394717521,-0.05687909821065355,-1.6024255787716246,1.26019939522409,0
1.8765734269621657,1.7887899813212826,-0.8408623030902963,0.2970948316160183,-0.5928363446238742,-0.9893583736017828,0.008573338945475314,0.3757502887991931,-1.0553293206358654,0.706373123500268,0
-0.37690335016897475,-0.6998980011621436,0.48073817168724686,0.9302631060463277,-1.2144373065685181,1.1240867535721153,-0.2152367848575937,-0.6981227288316935,0.8842458643521909,0.8246386660813702,0
1.8319360818255361,1.0263267172366544,-1.475534963196491,0.03589098986827147,0.6084069235155612,-0.4583132618600069,-1.2891955542594118,1.5909606122634548,1.6033705619323733,-0.8086606156251008,1
0.003017434031214063,1.1820482266236412,0.4171746410423148,0.44203580046205054,-0.2783346126983349,-0.2373701259332471,-0.8267976832565511,2.1100320446202576,-2.2764328998240817,0.10265544818568989,1
-0.07602346572462335,-0.6398412692249618,1.5014811721094392,-1.2829820612136287,-0.2515861842648232,0.7550212509364737,-0.5284902670831485,0.5787706485492563,0.7555340807568283,0.6935563388158217,1
0.003957593987599105,0.6930439757683763,1.1179590978428897,0.22381525401751987,-0.9525531512776446,0.31450747707516613,0.2694712191113191,0.8000043191716834,-0.046120645181468314,0.8191188784070905,0
-0.18501411089711395,-0.7353984733490649,-1.9376868674497207,0.5239820595954834,-0.20648164548847253,0.03883792980190176,-2.3635260372238114,0.05887124500658498,1.1454531033804864,0.24933756543579713,1
-2.4871515352227695,1.4324451728810224,-1.9697136001108857,-0.8994211032418101,-0.9807229893756504,0.5933350236006358,0.4032794281821106,1.1383404393695453,-0.26478639784125074,1.9081067061612011,1
-1.7046512057609624,0.002039989312795594,-1.017518838507636,1.7909193509433217,-1.292527728587233,1.542582357900633,-0.5232855726955192,1.1958614009096546,-0.25726188339576284,1.1558564193789387,0
-1.1362610068273629,-0.05242307406751564,1.1360786136783447,-0.9800563007437002,0.7376494650753443,0.7624077800750766,0.5930515139290702,-0.7122525519201788,-0.573686455860837,1.5133460431824057,0
-2.9733154740508856,-1.4916482971486642,-2.0666179431033234,-0.5646924855845379,-1.4112948319571654,-0.709499391223047,0.47655120195130407,-0.19653229978086684,-0.48866176032172987,0.4085436429651792,0
0.03331727813886288,0.3503493253178818,-1.4952775357482488,-0.3129434453154856,0.36999773251961726,-0.1906699307238806,0.9890842639148373,-0.02186363431580261,-1.7891437167312905,1.3645035931099316,1
-0.24888866705810792,-1.4304583513209488,0.6728983149600875,0.10182098963901454,0.4959740481314567,-0.48605720368309857,0.610630636280953,-1.3702120761942027,-0.44364499046147043,1.3342962396355944,0
-0.45017643501165083,0.5636399400377983,-1.7646669442646186,-0.1998042379153171,-0.6997585685717279,-0.366628528297527,-1.4404896839296157,-0.06704471691161183,-0.3316330069654041,-0.30907628660058695,1
0.13242780114877378,0.13284630812697834,-0.8516531247897089,-1.3307178338355734,-2.6939739277188846,3.565636336391203,0.35769337006783164,-1.4303831433655725,2.066423935820221,0.512205506741534,1
0.022213928039390988,0.6400652771209987,-0.6053065628603461,-1.1808324122236908,-0.1182610649305163,1.6401431160252988,0.8057711923212504,-1.1651920018440203,1.7988083101000165,-0.6332461956783473,1
0.31736797594106797,-0.024541300619146538,-0.805287314139546,0.5273482465333433,1.3913496376314851,-0.48267619050870825,-0.4120030015844053,-1.503559583673425,-0.5026980390340695,-0.749805115845063,1
-0.7524141777250374,-0.038054654908441364,2.5335959087111886,0.9451374084219464,0.973605410040088,0.6960590431607457,0.01274459182414183,0.3766411959390616,-0.1254307894905799,0.31406777555477317,0
-1.2963918071501508,1.6540693588717,0.8332325727246073,1.0141896000617685,0.01607238501098876,-0.20228139232397715,0.7106560370070388,-0.14855961046970886,0.9248725503986732,1.4434883850320492,0
0.095139443565453,1.0077215829577184,-1.08700857434471,-1.0550643066422947,-0.9213798087211472,-0.27098165453534284,0.40157223173995304,0.586078367322095,-0.21447998093646006,-0.3515254248749021,1
-0.42371509994342044,-1.7790052198085884,-0.032037029893050815,-0.1905006865186818,-0.9148973206788631,0.19884552947409706,-1.1104193148642527,-1.0894455407393349,0.8499577276503466,1.8588429262801611,0
-1.185983564929173,-0.014624478743989654,0.6695554604008281,-1.5303567963567961,-0.1855579414365509,-0.3633538389256221,1.711705745438858,-0.34943091478728067,0.043566628837454706,1.5425169922923763,1
-0.365461992676627,0.6762497993725941,-0.3575058700104287,1.0774364857727503,1.0863329004667601,-1.8168585636025902,-2.4324703879986624,0.4670700292350343,0.12032851366449586,1.8319317148105103,1
-1.271023040846661,0.21076381406530026,-0.7368814695745995,0.5995321701030063,0.020014062490592847,-1.849325260554392,0.8625802354864718,0.3007044743099156,-0.3372624169412089,0.03716333668165492,0
1.5861709384232352,-1.8618023512041566,-0.5966825940094563,0.21743737779022188,-0.3616084388767292,1.1990017669512347,-0.6302794071174433,0.8956534766112237,0.4701613586087689,0.5255406921325769,1
0.6933906585165882,0.2773460749128965,-0.43947623292375165,1.4053267235007492,1.4287649211257754,-0.14758775472881663,-0.14399225906564592,-0.64579094888386,0.5344053897685169,-0.21974064217382505,1
-1.9580812342078666,0.11957236699383392,0.21677041583681572,0.36637247488254615,-1.3144334868031267,1.0008223208827625,0.44006791391442435,-0.19618341288583838,0.3466490068940096,-0.1935761586231395,0
-0.13480131198999493,0.09230308711426082,-1.2096548068912265,-0.5117472181250065,-0.7847709689467188,0.22095339118347695,0.02351773120693645,-1.78347618997072,0.05451200188885721,0.08072269932729638,1
-1.5406160245526137,1.0209239802272385,-0.9755548536722656,0.16248231239452327,0.8150863654129971,-0.47530259210481307,1.998875266559172,0.4930630649431416,-0.1829992676162338,0.6134400358850601,1
2.0467139684821385,-0.5123607632950907,-0.125466779395108,-0.8433681189649502,-0.21910520449953724,-1.4113404482189202,-0.761144154958525,1.709083549645615,-0.7302753199569251,-1.2872343832417072,1
-1.3969993449532836,-0.04100745586155637,-1.1430569955624306,0.41692176537744935,0.5473809632533632,0.5686364124658595,0.5372151101520022,-0.385987341860741,0.9966682442093088,-0.36503113494778017,1
-1.0971719846398227,-0.33997777557902475,-0.5396988359143291,0.12846095470876076,-1.8413264295602838,-0.585873626681147,0.6376265654877667,1.8188461798509976,1.2230995315334825,-0.6001949975000823,0
-0.23871286931467955,0.57406693541952,-0.3674542417040041,-0.3341555736804149,0.9092594297805295,0.7938411593390278,0.10660493732936686,0.3253602659988157,-0.042575165117091716,0.20855211717873554,0
-1.429066898448291,2.6628271918309028,0.5034836625654164,-1.0673711314317165,-1.3431983125313176,0.5643615978209283,-0.028864108946160948,0.2655997713181711,1.0747749318877244,0.5511497366487089,1
0.9490047765052598,-1.3683019563925773,-1.7797751671497195,-1.221188742936276,0.3700066743746352,-0.21971421135825414,0.27764929533227223,0.09623612517500411,-0.23458557180038758,-1.0204039185256142,0
-0.019397585962465276,-0.5927440624976305,-1.4463339497228298,0.9638747837473033,-0.7578201366095012,-0.6527172146693743,-1.044244589276552,0.270321905034206,-1.148706692577037,-0.489996708630776,0
0.8945977057600133,-0.4985029881803607,-0.5435201436060404,2.4218234907467986,-1.0898635033313053,-0.9823658093569423,1.1239141450488457,-1.186096137704256,1.0488722786070424,-1.46434210757898,0
0.7596931198502055,-1.4491328383391289,-0.4275059256463771,1.203877944343488,0.8494612091517397,-1.053755370908922,0.5219551541621218,-0.7629867724526466,-1.4459765605148556,-0.17900595643095535,1
-1.4977203810831696,1.0479255394356404,2.0631448749847663,0.9769189134788021,0.11616996929285851,-0.7896790517789027,-0.08153921092225787,-0.7237080857198568,-0.037944308475778676,-0.9549865597141352,0
-1.193885976791938,-0.7097112074705344,-0.4111700191985071,-1.7441583701335999,0.5750302398284982,0.6820212530437665,0.012926880373211392,1.3510727268157339,-0.07466843829371335,-0.37692001488255433,0
1.2962625863990573,1.1101865526683756,-1.891606682178762,-0.08863188512291398,0.214722957979932,0.812272239894796,-0.05259145343989341,-0.8740699750459276,0.4957002290574251,-0.4056281151396173,1
0.9522756260818906,1.7212311976518058,0.17977180277517338,0.8913763588996927,-0.29996616086755773,-0.43936341260601713,0.6867437430357546,0.7952195654208198,1.7691547541638974,1.6920774901510662,1
-1.2172541306410147,1.6427267909939458,-1.298540715115769,-0.1572049394963564,-1.5186983590180125,-0.397951604880724,-0.539008222189859,-0.8967581866733318,-1.0949044932015108,0.6619695199095922,1
-0.15726516737513793,0.42604107028869614,0.35551752752193405,-0.6324641486176688,0.2286359948452643,-0.04935578602265021,-0.6857558823198545,0.15853867964023366,-0.765027014608683,1.4587758088590652,0
-1.5075851602643862,1.8922403900043392,0.09274956037327829,1.4104783822122322,-1.063350097426442,1.915313499768343,-0.26588037230409906,0.6377342300086883,0.6988866034521881,0.9226417186124213,0
0.10788413080661359,2.2255099612336893,-1.3285237951341968,-0.913259665328333,-0.11060042340561436,0.5425356147300169,1.5742720882838575,-0.04950632436388818,-1.9436331746843674,0.4478483716855603,1
0.7470556550991475,-0.8836138953907986,-1.2757732144524097,-1.3920229964440944,-0.12839314647428973,-0.1938306822488953,1.9862460739804664,-1.6457295160811884,0.5468999442834095,0.19272320738010335,1
0.4296764358626096,1.0286079931145995,2.4438249851845635,0.42096790941055034,-1.683639629158327,0.1477354134305605,-0.3545403173176796,0.8307872269588396,1.8944356464034382,-1.714795823260744,0
-1.415042920852526,0.5872594680978843,-0.38507447926985844,0.02812798963252746,-0.01523421626086608,-1.1429021559542607,0.7909796911323257,-0.12311031645870449,-0.2597924486604738,0.4131181100047787,0
-0.6407599230105716,-0.45186439475168905,1.2989811339218187,-0.712926123562007,-0.17456844029291188,-1.7849251250166474,-0.8588029385139185,0.7494335475931322,-1.6848111352881001,-2.583719470931861,0
0.7796263036636958,0.4742240303458316,-0.17385947328690715,0.20308458426915257,0.0907058183799144,2.341211219238397,0.9333036864055392,-2.316226341371195,1.2506243530328305,0.5188827551286057,0
-0.43812091634884287,-0.09572608603916524,-1.1684047852234463,-1.4632195458691428,-0.06842148642047968,-0.6698009780588402,-0.8589235801048619,-0.13043344824381362,0.4968767630530742,1.07258475230699,1
2.0747931679465657,0.36767347630475355,-1.8219219743289388,1.6724458700131506,-0.4928966900640994,0.942403118471449,-0.12139858134986818,-0.977671724973839,-0.8058851482732079,-1.5831380749853665,1
-0.34329768218246975,-0.2759071848328467,1.1746905711623892,-0.05153201481060377,1.722196063704232,-0.41875923798312176,-0.16180096550411646,-1.011123121505216,-1.3657674613881636,0.2952804516711292,0
-0.6166293716831945,0.7257751086155199,0.3906535323200916,-0.7882035885221301,0.976464596024616,-1.7957302714589787,0.11190939652153462,0.7743699146838741,-1.2855672446220836,0.5585559036962283,0
0.7631836460599923,1.3525883572448814,0.9949376189760822,0.7837239677070365,0.13704916600554085,-1.5517349836289491,0.43284604535600457,1.2046112434347698,-0.4205412418935316,0.18555674878123346,1
0.19291719182330652,-1.7155404770963167,-0.5038829444383564,-0.5975181755235653,-0.5545459386928737,-0.5677955814057042,0.06996458057296374,-1.0478069448456342,-1.2535174462665022,0.12230147634141653,0
-0.3484589306523706,0.6894265106536129,0.12121828145689056,-2.000611717264961,0.8428990600156637,-0.3305129388202378,2.1159801943929994,-1.591392604999524,0.08747777094891664,1.1967548763098366,1
2.2986539407136757,-0.7172101122622849,-1.3340145897738582,-0.16809433605388022,-0.6747643923095773,-2.5613393844865118,1.460785358763407,0.5425825297491619,-1.3445797801637196,-0.01073818869910032,1
-0.16520955264073184,-0.6258061948132327,-0.40134564691807384,-0.6960905203588184,0.030968434406720712,0.048805648942849306,-0.008391676830141043,0.7191861223111867,-0.5446794889688054,1.3371838445600908,0
0.46629936835718944,-0.04862094515232531,-1.035809984241503,0.7922037922316316,-0.7656006677080414,1.5739866080699452,-0.166775787553989,0.4392063113827549,-0.25955773153867717,0.013919760264308441,0
0.26998723863108903,-0.2835219064516102,0.07866249867006612,-0.9114107163585227,-0.6387491463901703,-0.9965293598072517,1.089550482437084,-0.17071357052649358,1.5963327301651238,-0.18385444112274973,1
-0.3198310471180883,0.020754117929975585,-0.1224765509407554,0.8337235515669543,1.1695530002724912,-0.24149361547870044,0.9519662405672208,-0.5387548320332208,-0.6936605350100927,-0.024135944840020615,1
-1.1477415998765863,-0.6006192810888252,-0.5223796446578067,-1.6607892199919783,1.633275617664183,-0.3442955299444153,1.77589048434893,-0.4035356111972372,-1.176459366361782,-1.0245709261361051,0
1.703623988120705,-1.1833638011279208,-0.8387447289475078,0.18698715953815945,-0.7435426682048073,0.3549116581222488,-0.8546422836074509,0.015942007147632973,1.7924000750834739,-1.6028387263168546,1
-0.7221507700557533,0.9812209106546904,-1.2506844517244984,-0.15783564022998556,0.4367026499449014,-0.5978018739471913,0.46197765219146253,-0.6043234009638729,-0.5491438943288435,-0.09427627846904806,0
1.0936866496587212,1.0562356622512707,1.064831877984919,1.9309846455573332,0.9062252881753431,-0.7869422959520532,1.1832756784462732,0.2115005513336876,-0.20222355079822968,-0.04192700907789631,1
-0.2295177532399562,-1.3510974100758113,-1.734925892944343,0.23298754304613314,-1.2213248493462245,-0.8754306113024876,-0.1200167175052824,0.5523351743309721,0.031262186784496285,0.11702845433561161,0
-0.008898663292110321,-1.1927082123484898,0.17238422867530945,0.5937691752851542,-0.6877051319729444,-1.1558418433613464,0.5478736666797882,0.08644449107867318,-1.080124280226808,-0.5102544834890721,0
-0.5431980084071721,0.9059064556897761,0.10587185773538538,-0.8391298320387595,0.14613061725987778,0.3740881288725431,3.068664492258565,0.46435503053358457,1.7297365762500627,-1.391170819427685,1
0.7530621876919789,-0.11033751258126516,0.48087086224395265,-0.24449536039348996,-0.35366227552682095,-0.8533120417163079,-0.976033210389078,0.2174119120870782,-1.6386642803450173,1.2533746912368116,0
-1.6094388961729544,-0.9668870356169144,-0.08869658792811017,-1.1276710564304857,0.8036226593591739,-0.916482557825294,0.46493943894191625,-0.9264327014747201,0.2872922972495204,0.31152041741273845,0
1.943262263433996,1.5697333822572919,-0.039457009161627275,1.0422539207964714,1.0422376091367305,-1.0482454770457366,-2.434609337784472,0.16591322601209657,0.06808064058884049,0.3449230773596333,1
-1.4474361123195851,1.094534222872464,-0.1525679565060907,-0.021453207728637305,-0.023203688289590876,-0.32624698882079134,-0.6892661042294479,0.13374800789387606,0.21568602498894668,0.9465595410571161,0
0.13024845535270219,0.962437095583402,0.20589152720837792,0.6865226579512688,1.4565476429908302,-0.03032923487721773,-0.5718440602425455,0.6739734527312715,0.5092633052893725,-1.0387273167192457,1
0.9493608646609868,0.906700812097106,0.7867450333743096,-1.3378283643524256,-0.7003515144273369,-1.4578491546947505,-1.1842306454758262,-1.6975424375158885,0.39382702392910185,0.14259633336792923,1
-2.0151887171225265,1.7602727182818783,-0.8199048542848791,-1.8944250726183935,0.9418889279059758,1.0508332602788897,-1.3049466016177063,-0.161838097562243,-0.19220589696291868,0.009775659580367259,1
-0.07954058693411101,1.0176284959132584,0.41978802366657564,-0.8805260390521478,-1.5039360037769396,0.35848248315148284,-0.860312360768457,-1.7437207969862627,0.8935749830829919,-0.7967952862983669,1
0.30104946378806546,1.6418534367248823,-0.9573067670235533,0.9109405191834493,-0.591991918247146,-0.49588479214861464,0.04578314594675163,-0.19760014881285567,-0.8852361136310154,-0.10783881839721246,0
-1.6848999616851803,0.9787815967593494,-1.017770320158939,-1.6183651685960208,0.43706998235851363,1.1075968571384114,-1.3405770913196386,0.9540828715753348,-0.6029039994214607,0.1395125784105705,1
0.22239080944544862,0.45187539696617784,-1.296034917766649,0.6946638681652925,-1.221633808976792,1.6481902673239466,0.151040649683999,-1.0708260325335905,-0.6515834316778876,-0.05553447884741916,0
-0.6849217352472302,0.7517268573418665,-0.85371799439649,0.5935776933812218,0.45926723447903217,-0.8350334764759132,0.006314717104704346,0.8337916760656818,-0.6363609286251416,1.9404576730007939,0
-0.12620118371357705,0.4596208416025718,1.2030979299837534,-0.7653660119018684,-0.6640300542807765,1.1520346553176868,1.2903373548407786,-0.5172400997703266,0.4225020898469096,2.0660119371834518,1
1.9902736497540905,1.2175215926968426,0.4138143760547242,-0.3425847712581116,-1.008467464838797,-0.5754440544381068,-0.46186347638498043,-1.128192540421358,1.9571213221041646,0.04425347128494984,1
0.5229978045207515,0.41889930681094917,-1.3451154438408859,0.46655071850645147,-1.7177348756150825,-0.8265365891985291,0.7091151066727097,0.1293219963972741,0.9024035784527521,0.6269085555985197,0
-0.016345402757487165,-1.0340715190019967,0.27566056886642765,-0.3843449737116728,0.7538895335212024,-0.7453610847945685,-0.6630472493024261,1.3794551792074108,-0.47703342095268514,-0.49758822932150193,0
-0.41581633584065,1.6461506538132258,-0.730490758180352,-1.0419584407777072,2.2848903444460555,2.3041227675792753,0.7622893034444866,0.7349875457975169,-1.7551861803786324,-1.4334070150698581,0
-1.3585029367597998,-1.194368281479641,-0.7898495137721478,-0.4110881281806746,2.2502509276362734,-0.12169402718916354,1.5926755920050377,-0.7447791472978427,-0.924430332199706,-0.33521474945464846,1
-0.5144298913687853,-0.24434612500459743,2.898206192665544,-0.9776929901140474,0.3140675748833244,-0.12855017799062843,0.36873446840855306,0.5790636405203363,-0.29167351467706415,1.1245086445687986,0
-0.21606012000326133,0.8905795299551568,1.581118423907682,1.4188300580666091,-0.4388597280769225,-0.6819186090472752,-1.3266207100004772,-1.707798805689775,-0.8989039521764532,-0.535255237603818,0
0.4223802204219781,-0.5866455215458722,0.2546897614656763,-0.2781944221117003,0.44303140036437255,-0.37799524794994693,0.7845129619991407,-0.14260892879051087,0.6539489601483427,-1.8145794743165478,0
-1.094042931032235,0.030531942351904175,0.5845354927441562,-0.16190688032374848,-0.3162956343409664,-0.8127305654446239,-0.4311744652131799,0.7570176685358377,0.34827533957737594,-0.8250390266064623,0
1.2369078851902253,1.5141044751068355,1.2971464008101792,-1.1331764079801991,-0.2895246220550719,-1.8733158278487938,-1.7206681547395053,0.26035283368985435,0.6395098472423663,-0.1162211146693568,1
-0.23028467842710793,0.9293797179956591,-0.5138276703707552,1.3931222000348855,-0.005644637900944253,0.3620679823994578,-0.31802685302648787,0.06350044503165483,0.20939811132130856,-0.8916628374418681,1
-0.7044181997350232,0.5915653121373462,-0.7868486794299897,-1.074632809220136,-1.0946980217906341,-2.249246908913007,-0.4427204155892757,-0.720437316874283,-0.20883070915601995,1.447038493485569,1
-0.591375121085172,0.1407303175871868,0.21748307116911922,0.4766162783669306,-1.2662731778200549,0.5132205852561124,0.33694300089686086,-0.9752731596996799,-0.26521940741536526,-0.6179553422255746,0
0.7369951690182122,-1.5214526807706006,-0.05584787328109693,-0.8085699629929692,-0.4263136726073965,-0.19890809075599983,-1.0433609190456383,-0.989052435698505,-0.16361808551060025,-0.3398941958223272,1
0.4358672525149101,1.021842667698157,0.7686846431581891,0.8081312990211369,0.5186285787377752,-1.687122044695642,-0.5767696684469329,-0.04573085255530376,-0.004497433889157509,0.5170996412928662,1
1.7759935855067666,-1.5822767860023326,0.7175283358464812,0.2284681945600287,-0.47311702441174835,-0.08656549620774015,-0.9563821286256626,-0.5984322870506361,-1.6695889803062767,0.47482554318509895,0
0.5130743788396454,0.5095145953119626,1.2965505381984608,-0.10045914128828248,0.7755272297057896,-0.3639217206400922,-1.6978761687933155,0.1516029437972762,-2.8563150582761367,-0.7446695542086601,1
1.1705269829481435,-0.3568770116156504,-0.35458486574299486,-0.17659273382947657,0.24621757457783372,-1.6394307267217214,-0.5487128811401902,-0.3619430736835377,-0.20517824463407283,2.3069068841396785,1
2.0777122322502035,-2.2175685002493553,0.30134810389252903,0.6010736489376021,0.5701021880202788,-0.21619426396174948,-0.5110555030571046,1.5202223109663804,-0.21671995627324103,-0.20241841107052466,0
-0.45592201921402026,-0.5916821178781952,0.5087450441097501,0.7151578275683298,0.394107310940511,1.3664555697124194,0.6414674040086537,-0.6156392808907812,1.7500086746088435,-0.44161635839115326,0
0.6491729272546821,-1.2565064162970065,1.6558199248490792,-0.04873569244193566,0.636323283998317,-1.3760945876806796,-0.11880432727249389,-0.8314847188875596,-0.9392274283330208,0.7993350733704362,0
-0.17478155445149818,0.670571381059279,-0.6285283185235373,-1.500581497738946,1.6663832527025801,0.963645092776733,-0.41855794956629955,-0.003258206883646395,0.32385958610261084,-0.35527858907758664,0
1.0172643432511694,0.09924302883049717,-0.865350802899046,0.9724194822896269,1.6105027284060458,2.466782074196145,0.24133974958660762,0.21896054392409264,-1.2308451790932706,-1.4942286319820623,1
-0.5999830448488669,1.5947769886550391,0.9688869843141352,0.10804191798610839,1.29522566609296,0.2882031659742959,0.03229860945762918,-0.08642492387118261,0.4911728124262244,-0.3150984930451956,0
1.5761667243192063,-0.9412733772954048,1.2843833844998855,1.4828198642042125,1.2087582168393727,-0.1989048942330591,-1.093965043473871,0.8697758221191882,-0.7671919255474218,-0.02310639061893041,1
0.6044235385892025,-0.7385535329801526,0.7708144857819786,0.0807098019542659,-1.3844444377738874,-0.9190641595443149,-0.319798259673276,-0.49790975255572106,0.6004785397401929,-0.03466949284201739,0
-0.9070304174806991,0.19762742151241033,1.3687101235777408,-0.14463594906243993,0.20216975907101176,-0.5363631443135561,-1.470016907341354,-0.7537227142797539,-2.2583630733977014,0.5288678736500223,0
0.5920232693603779,1.3557367974480028,0.6578142121716842,-0.6980629217737851,-2.223479767231932,1.7047128264131566,-0.651749441895711,1.1580320714764833,0.8377215511754619,0.19709514416857507,1
-0.4370644156515733,0.5383065810535187,-0.9321575759441507,0.17046152640744128,0.8984189384241212,0.06381245440101899,-0.9940710446949201,-0.8001721876874366,-1.1002889667805407,-0.5029582827017361,1
0.10177577296931657,0.03551647259451544,0.29475161885456724,0.8017825614868263,0.8025660027971765,-1.3013067559107372,0.6362469892897056,0.3377543531556932,-0.6636735464350899,0.3229623422105249,1
1.3083468266441474,-0.867003744799122,0.10073964563304727,0.22180640166334778,1.294294938723594,0.20192788068150994,1.2492240690581422,-0.4089551209433057,-0.7789010663712795,-0.6236205372373237,1
1.3876018114085524,2.1780893391993934,0.7910324771639785,1.3074366450605879,-0.1014285909693307,-0.28127052900931376,-1.619795254132944,0.3283409422355284,-0.24239249554675016,-0.5825264405608703,1
-1.7353911473330734,-0.15880038306288738,-0.8278180302853848,0.6331309657685102,1.1896378021886913,-0.5222869030385492,1.6642356193298486,1.6318294722998599,1.6832141514003192,0.681837169112597,1
0.28837742022732415,-1.2309562517581967,-0.4999911205918866,0.09480566688752465,-1.0215381022093553,0.9484620230126806,-1.2352332327853894,-0.5444562240229246,0.42527875962705336,-0.3120256626928354,1
-0.33908543327636353,0.2753602396027737,0.9521361936816606,-0.5582429646837072,-0.6385249904311725,-1.6436450666711075,2.038520101994864,0.6610079855570496,-1.406714684686985,0.5599408173593944,1
0.5273691328244136,-0.7688810631336986,0.5855210670667337,-0.4122993360714029,-0.32736159557559164,0.4424189128216539,-0.34040742037944377,1.5573226889310967,-0.33501018870358684,-1.57970533273392,1
-0.3743028837477471,-0.9792940772146265,0.3643353296774034,-0.8463871722742934,0.8426693214665916,-0.7284349164123418,-0.2722104475959863,0.26847193247548395,0.4714661753280123,0.5450088986183731,0
0.47709229741768444,1.1373522391416644,0.9244198448430797,-0.14337045638837295,0.8232300481964642,0.9781505324472864,0.5869072091836945,1.1146721845439542,0.473201436916581,-0.6419400449559705,1
-1.4297626622362145,0.7008739180657806,0.12427879489590012,-1.059414755355806,-0.4257158798774877,0.6291350946957227,-0.5546757993817221,0.39694566566301576,-0.7554560230863577,-3.108314637759872,1
0.4077065249765084,0.5920515593160753,1.3065408647235515,0.101213444167104,-0.10233911195944836,1.2724236063909184,-0.23851868611682406,0.22716430231049964,-0.669506673239732,-1.8301973485816956,0
-0.828280392745567,1.2598793765169944,-0.4274612752821048,-0.3637132856782697,0.33009671359516674,1.9401710497874456,-0.2387429105346822,0.6051137248633215,-0.7333948436119242,1.2402434828836257,0
0.4234572818376501,0.1322846980257473,-0.710357806772508,-0.2976452626980163,0.5393129127166892,-0.642057343469992,0.6052479416473291,-0.009229211415206546,-0.6920879287302186,0.24495493481143224,0
-0.15951736500333072,-1.2663524708219718,0.08673275328357181,1.111987731701143,1.7192522683059028,-0.6402464926890417,1.044821682120584,-0.6427189091645626,1.0745862329327458,-0.5879437717096049,1
1.2410820871966046,0.21908701821238732,1.6634750097378082,0.9398902326051871,-0.5572935996549745,-1.0743322192956712,-0.054794154438897215,1.6139039970918283,-1.0321070446035279,0.9961887925943934,0
1.6635363107373078,-0.011800144206460887,0.14836066686102148,1.7141538531443048,-1.4612352503565493,-0.31250754158383953,0.8896375657010105,0.8373088226697295,0.658435366988732,-0.2012840520626043,0
-0.661937714925914,-0.9253439813451969,-0.52337299276143,-1.318394102081435,-0.8141710426569331,-0.21243440439238465,-0.32586763747764463,1.5540278809740244,1.0444762829325283,1.6819830229203412,0
3.465227148479317,-1.2524149439011607,-0.6245437813002771,0.38464619181792775,-0.6686997083546674,-0.4038663541031361,0.10800669354219458,0.47233011633196353,1.096783523703778,-0.8490234618228674,0
0.39143861927191975,1.4930226357142633,-0.8209808795705086,0.4022777898610803,0.569922047954969,-1.1253866693601475,0.8017246453573967,1.0109406800059522,0.27815414134577726,-0.27258310190782686,1
0.3272453529764515,0.7854764528549868,-1.0706569628754747,1.2524922551029647,0.06795536501263247,-2.0215166185479547,0.9712072966281671,-1.1204734870087099,-0.27304382220957685,0.3434328464452288,1
-0.31134706056867467,-0.9027164538332099,-0.961968164552676,-0.36018392588216247,0.9154314770463009,1.3013873133557043,0.8090179628477399,2.58572585634415,0.6165532308793599,-0.22483015908206103,1
-1.4246555886796946,-0.9333172012444224,-0.6152142476185017,1.9224234379168341,-0.31473730920689047,-1.5792679767908548,-2.2222385755765917,0.5308655081835622,-0.30470628837340197,0.7391817954903274,1
-0.6248721853412322,0.5045797654704761,0.25000879229760875,-0.1395006556236755,0.4980535413787673,-0.28448372077524886,0.5400801567501268,2.2835624959318936,-0.2949199530275954,-1.3399542114067287,0
-0.1099953959208559,-0.036368833910613865,-0.6927355914290916,-0.23460151106459162,0.46315603854531284,2.3125155341496804,-2.084505781441438,1.3551932915393834,-0.10100546525107812,1.0182415952162502,1
0.9529594279919252,0.856155556836564,0.7906049831554218,-1.4256727761505792,0.9569641780425557,0.9995202774869851,0.31504138445715363,-0.30116738523343267,2.4281004512671465,-0.24181191834953078,0
-0.9833626436429376,-0.051342912704208085,0.9406114771862971,-0.34478066438330635,-0.5688023067035843,1.0638430768444673,1.2333307079677558,-1.8336218266103173,-0.08027594844370065,-0.15976881262500847,1
-1.0945571896156956,-0.3295430326335301,0.11067652064372907,0.1480051205284538,0.5584377441369529,-1.0039370428589809,-1.2444736736011335,0.010367609673668078,-0.4093179985429333,-0.9628386913823053,0
-0.24134874955198468,0.4548291714968719,0.0801603914440327,-0.4745133465442125,-0.4043475137311927,-0.9538387413790218,-1.0120146336742049,0.4626798403685797,0.6033721911965025,0.0838439149512794,1
-0.5951138391567017,-0.1594703264438506,0.06735076268881417,-1.0538566426432434,0.2294703689279615,0.01193790897870703,1.6641775045949507,-1.6848391622767789,-1.0081148988831752,0.9680600455078151,1
-0.9828118947823061,-0.674331185486303,0.14509497472688596,0.44229691204107274,-0.4575158130228554,1.487490818408617,-1.5618484288707781,-0.828398728687395,-1.4719913491667884,-0.4991996441039485,1
0.08822993442548502,0.5601231610303146,1.3105465081512713,-1.6997365015958215,-0.09410393113389046,-1.1402749826268972,-0.8977098368287363,0.7284596742940738,0.014271276589694112,0.3055879119521563,0
-0.602759369823714,0.9889128942913799,-0.2889018186210855,-0.7026854875649396,0.6858520998529656,-0.40018299115479494,1.255811191069268,-0.6159655108514938,-1.0914224883129477,1.8541376267659044,0
1.1255554529825982,-0.446148032803478,-0.08386604949329904,-0.11839025178105882,0.5563000543883339,-1.9101642901848643,0.028170519332177624,0.43088111031770165,-1.9268055286843873,-1.1025987236756019,0
0.9270532988002531,-0.42788233263563014,1.5798217697783816,-0.9391406160511568,-0.34564752083913697,0.03143702474688055,-1.4593004503263607,0.6570099155736809,0.2995711815752344,-1.8004297320529499,1
-2.2691569946862655,-0.6510789642920245,0.34897645936960003,-0.8138052344956054,1.4524563546515028,0.5903982670900252,0.8075922260820738,-1.0032777458440147,-0.5787365715771527,-0.10571730641332146,0
-0.34817063773317436,-0.9385192820557556,0.9142473796752125,0.39644453853062606,-0.3224030721127107,0.7592353073833891,-0.13481830241891674,-1.9403269842772035,0.7591219608917161,0.5567808538407756,1
-0.1640254026760564,0.38117292894343124,-0.25065505333995647,-0.6497766344553,1.2873044171502868,-0.0910357769067119,-0.3627077440688486,-0.4605880598296907,0.6890454874573808,-0.8513410241326533,0
1.2165805903649096,0.9364639460195264,-1.7773567748390031,0.9860615298808496,0.7833891410029102,-0.4634224432658802,0.4577285248571073,-0.6278224026519852,0.9064189368666716,-0.8277678172730988,1
-0.6268539047283007,-1.5928398829912223,-0.8546117717920864,-1.142557980053211,0.1887986632099001,-0.4622007045418294,0.27503181579880565,0.33516304000569785,-1.2786958879559112,1.6464046149397917,0
-0.2749398078895973,-2.113494174527808,1.2984193443944538,-1.4415468071578532,-1.8999145956106052,1.3756699374985988,-0.44566715241640864,0.46582037277677235,0.2824245577531732,0.4668662265451368,1
1.14745743851399,-1.7825335343918676,1.508473699859843,-0.7362227869475838,-0.9844606553326755,0.13615813501845037,3.07275179854375,-1.211136310875725,-0.33707881012400875,-1.7304411969059208,1
1.1599689740750685,1.4449448654579424,0.13920799755829105,1.41677730450979,0.12413603818360215,0.5679295128644497,0.1488475057589265,0.730186768168593,-1.061765389269117,-0.34906891999864686,1
0.702184505359777,0.365744491258538,1.3627940878365463,-1.7276202420274733,-0.764739415497138,0.1777503321799408,1.50406377160135,0.17109213528661146,-0.009073466990654878,-0.20650493804948664,1
-1.28390481061431,0.8446652659045594,0.8447186821681648,-0.17815228389683793,-0.6631730995692068,0.5047407255741612,-1.5853903785920103,0.28105712023049284,-1.4219525144902962,0.20203402371391338,1
1.5223077678776793,-0.590898304466056,-0.7977028622292253,-0.5187869357182614,-0.7028579962485934,-0.41913759103542675,1.2915466150290653,-0.47366438419136303,1.6886610144764223,0.18167351939666315,0
-0.17996331764913345,0.983494902139982,1.3456585334724918,0.10663379456251997,-1.536502458144873,1.3735099071410353,-0.043716360412001026,0.36745183445024576,0.2879099733343779,0.5146543669831622,0
-0.37614736761593637,0.5759844406328872,0.5258908184900898,-1.5692543638654153,0.37024980783686146,2.5648269914332182,-2.1519837377888718,-0.8695549220411873,-0.5816108268646346,-0.4582841051268009,1
0.46034921066168377,-0.42120753173040376,-0.887097003955972,0.7300772875795543,-0.859359069787854,0.7999869383132384,-1.0092893449244669,-1.009490010243323,1.4663419732254788,-0.5587824127115625,1
1.455421460737774,-2.1752608562496487,0.257253592463951,-1.014242836730325,0.09727192171450111,1.303589684901777,0.17442722608092792,-0.7501471264409213,-1.2393202278914375,-0.3053131240881954,0
0.2415068878754467,0.8790187243834333,0.2150704430734008,-1.6187029620177245,0.5415431627664092,-1.1527406041754031,0.7659498877190791,1.330991378737741,1.4490569390241592,-0.4718636488175265,0
-0.03766667059723912,-0.6224258458551829,0.4786940539255531,-0.21096833163519546,1.4402086977419033,-0.6202494731987623,-1.2101057797895094,0.6336185008725773,0.15218644697447972,-0.971132994011812,0
0.8315330299051433,0.2749149959814443,1.5852181114834052,0.9088647926071359,2.0358706915295555,-1.4097446601587649,-0.8742168044987128,1.3160923718788806,-0.9661232872384466,-0.7299030471218299,1
2.299369468755593,0.19290973969550157,-1.5521676208283357,-0.5723598935276524,-1.7965856628183865,-2.1253038426697866,-1.029839838403607,0.3149574003164134,-1.0936652347972706,-1.5317677755194228,1
-0.9396024430587621,0.8322105519422051,1.7065717754284204,0.41310691121398346,-0.5249287391273232,0.20173283369991207,-1.6347693097161538,0.09591614116421367,0.18717951723742027,-1.560247524394593,1
0.11182257854217889,0.6142851481201329,-1.0851290057726983,0.4292976153327638,-0.9983782381519276,-1.1370986793696074,-0.2604548104376146,-0.3362925990862751,0.9783227767718051,-1.1824879164398132,0
2.5394320331114613,0.8851025149493374,1.4561973801784378,-0.07250542240066563,-0.32233980766498493,-0.9031738837492127,-0.6379531772257919,3.9178991264805694,-0.7674189589721102,0.13199193124270509,0
0.40359841542535574,0.48843220829071704,1.0646692406601606,-1.0671269924558355,-1.3146493618251887,-0.2983726756696835,1.4508217408140611,-0.7631139946003125,0.009744457675343548,-0.2394674121164681,1
-1.8848343873195796,-0.47756825940893144,0.6191278299003353,1.1529992104137576,0.5557482387844805,-1.555231745111837,-0.5774565462375812,0.2540748227999222,0.07483954180020076,0.32351426109666137,0
1.2774520318648948,0.3764827219613796,-0.09182482057904795,0.7260039527335045,-0.8878257194025453,-0.07111662858211068,1.417812295089666,-0.6395203739853162,1.2667676806068147,0.5710875704199673,1
-0.44558826380657596,0.2545873339241572,-0.6501220930835208,-0.7626505911977556,1.3172624673494537,1.0542860946408323,-0.8455388631861616,0.7377358373860154,-0.37816138170279007,-0.4672348227574262,1
-1.2703180389254833,-0.2690378414815943,1.0181999243882647,-0.047033227571679624,-0.7150886325635345,0.03049984193269051,-0.29342975027700485,0.4622874069033517,-1.04852106636985,0.22078490766498826,0
0.6355011681954533,0.1273419395036818,-0.05887498161268372,3.0561678979457234,0.8150590174309075,-0.411966740420348,-0.22962385399557594,0.4536443649513562,0.4674175769223552,0.2912570972693889,1
-0.2984356710923274,0.6865082699832734,1.5905341822728425,0.8662393324035239,-1.2989780832954612,-1.6679498242408202,-0.651845731992744,-0.28142438355659777,-0.6027224920057517,1.0554946664783744,0
-0.4022899215971822,-0.3027387373729808,0.795679662631077,0.2864241694969625,0.34985235737472054,-0.645783537512558,-0.13653087305343828,-0.4819463581594457,1.3344281538099563,-1.2054388284459605,0
-0.5366404268123247,1.0800426342444311,-1.818302165407141,0.11736131348113127,0.12012710080301905,0.14560589079399802,0.8780046892065835,-0.3803256401933961,-0.12478672631795296,-0.7182418280056175,1
0.8231244016664833,1.532265249006984,3.153392137029261,-0.8288794420872951,0.43712174673388354,0.3418346687435206,0.6795317526868351,0.8549936158096458,0.20513404613148478,-0.13356398766757946,0
0.025191903274544,0.6914348836708955,1.8851430407733711,-0.8361477184052765,0.11125773338330365,-0.3739299397211681,1.8962287906316748,0.8305140260822658,0.3004931552564006,0.30597919249092165,1
1.5175361283542563,0.4049321078802233,0.3404532894397577,1.9687743189977267,1.775330979196322,-0.891965261400892,-0.8373536269344346,0.42725094266779534,1.8049597580676642,-1.4821365336439225,1
0.3696111506737348,-0.6241068764943583,-1.0967503791267734,0.4457561144165257,0.6482896622464782,1.2974363343088564,-0.3435423020862624,-0.8557374090296715,0.6138603043598186,-0.5453400629766378,1
-0.4806321621688906,-0.427783729987251,-0.851345345316266,0.7876334648868278,0.6931376901735046,0.19149069373971017,-1.2172366312212983,-0.3306885942250297,1.1835548389886559,0.00911193655219693,1
1.0423327430213356,-0.5969293929158517,1.0322371335885347,0.6201272177323849,-0.11340015290772616,1.449301297899998,-1.0138448089942322,0.7846898344369113,1.3805811581042924,-0.6015840178454694,0
1.098875986566869,1.2246640552123897,1.0261789045654293,-0.028986481721668712,-0.4082453146514825,-0.5144412683306486,-0.07163569041276713,-0.22829269578879172,-0.3981673894922736,-2.0579981579325617,0
-2.132910373907718,-0.19278078851350763,1.2865005944307286,1.536292921437519,-1.1326151365704602,0.6814884850269584,1.0167212289833518,-1.227430618524088,-0.5684367153845729,-0.7544771361934043,0
0.7592043314019562,-0.44838400048471444,0.3898433876752992,-0.8067073542429167,-0.05767876680783145,-1.3729629946970598,0.5046125773974057,-0.790870769717509,-0.054128477380623305,0.42484240868604517,0
-0.2851808701227014,-1.005297599943295,-2.2252985073520524,-1.118998987154141,-1.0676473616965163,-0.1252172466903341,0.013793238410455946,0.5262312890080292,0.24422691480357708,-1.754333928579968,1
0.4804114112715212,0.20618061071078814,-0.5719236387247582,0.4211190351613909,1.6023259986244682,0.39433993907014897,0.25144685110889514,-0.7107267717022601,-0.20635385071683124,0.458401885224057,1
0.46800068820276425,1.4362901237563246,-0.7419325993724647,-0.1944147552065173,-0.6705440360392076,2.454863643541426,-1.8664880350345256,0.8619573022120531,-1.338582738999079,0.7284886647302331,1
2.7090019473659184,0.9729826951781718,0.5531114025200818,-0.9800244986171608,-1.0580017309286143,2.093030004086743,0.7391029142059672,-0.6338216546660729,-1.389915725372678,-0.9393103104842789,1
2.019086116729861,1.3742180951336622,0.8178742376244224,0.8152375854417272,1.570041916027879,1.0725326873114875,-2.1564681006094792,-0.5691698549509037,-0.5278934183685772,-0.2799981702779348,1
0.7474034182399546,-1.2577357193446648,-0.1116920135830844,1.100160933834026,-0.4234909169704541,0.17832697662961852,0.44527579518694266,-1.7768363392351418,-0.991309720924626,-0.9555038474768588,0
-0.5897085867477189,0.44267472266842484,-0.24281669250063037,-1.2875273968952468,2.5425816315767467,-1.0753343061322789,1.0665023260935271,0.3907508318471092,-0.9760622478923454,1.971435271191587,0
-0.8134248245767957,-1.1052352429148984,0.5655107347667728,0.32397805545186426,0.9198530073693121,-0.06027128157750747,0.7627182965941729,-0.3656551435106351,1.0962250952936028,-0.04419293348756313,0
-0.17689686434453186,0.751514201601818,-1.191331334424713,-1.5431120431783973,0.27977942135967304,-0.15294990268596606,3.170901460004269,0.36984105428562686,-1.0239021841982654,-0.6920290872973341,1
0.5070475019762871,1.0575306323740594,-0.1603741315300629,-0.11604450506318349,-1.0723078000211712,0.6628525265632617,-1.3901813771041196,0.4735371806406665,-1.109468562412824,1.1147675898627172,1
-0.2667781642372559,-0.5007833154550767,0.001668724613004617,-0.21073848869674736,0.5324384386082986,1.9033644254128717,0.15989253411100326,0.9846578452670405,-0.3303417517655807,-0.6024449183044839,0
-0.8560620219978579,0.45993715118448286,0.17729020131650955,0.5525218988244645,0.1812976400985333,1.5206664524129234,-0.19160255202694712,-0.9775799707116536,-0.19674896258897512,1.2174550685358088,0
1.5593148568891022,0.6560105088937781,0.25526965807017604,0.23343311870793113,2.149038848866098,-0.001986484347584105,0.1688468963468443,2.240286678489253,0.9333455739407971,-0.037872982149840986,1
-1.0926888646283135,0.005411040577460287,-0.884563515631581,0.8290567458178509,-0.7695845069787547,0.897568514066778,-1.6734519185109518,0.9453887441329879,0.3022837744960898,-0.5855784598160845,1
0.7580424981657605,-0.737470633061621,-0.8061526759728308,0.67870368697588,0.8799617728649395,0.6505198729226281,-0.8452624119887774,-0.04706661880093536,-0.1743739421175891,0.2733394331029035,1
-1.199439969467994,1.1188902572116768,-0.9269450087896995,-1.1154354646306954,0.7681670032557727,-0.27264433352399986,-0.4635371460448215,0.03601986296903138,-0.22506229626520965,-1.2506357361360887,0
0.1763704781550424,-1.0883669920250287,0.13365491795789675,-0.10393644103590649,-1.0699862361906598,0.46344249124870907,0.7421315686316272,0.4721270266209789,-0.21985735254848157,0.49482730055774227,1
-0.8757308415987771,1.1835867409108132,0.561275300784475,-0.29300156828175794,-2.899215485187894,0.9457041395313536,-1.0822655406685973,1.0765222482996917,0.9336566086317948,0.44057238813923644,1
0.11760845626656423,0.3747819439333432,-0.737526289536093,0.45922459425884693,-0.8233420031174448,-0.2710419371585644,0.779988545954749,1.575660421069471,1.2271154927604269,-0.04991151154654266,0
-0.958168335581346,-1.0219953285263044,-1.8950233424552287,1.4392436230917254,-0.21930307042150868,-2.3740013272071288,0.6019463925014703,0.6853653207299844,0.5546230415503639,-0.4990025263267894,1
-1.8811146489414055,-0.20161303094544727,1.358083620177934,-0.04438488567068299,0.6332553601944795,0.6839679401318358,0.4694771111861434,-0.7651894560375218,0.1470826642876303,-1.3247875544036287,0
0.1823427274870421,0.5008709554970783,-0.8350687266495506,1.3928813457261653,-0.5946645647435304,-0.5032694255505905,-0.327100710923501,0.603600754227709,-0.1922267230915773,0.537351577413568,0
-0.5484922802752095,-0.08454378176961004,-1.3699336718805524,-0.9151106749598286,2.033181076415105,-0.524027729086413,0.2664942923166494,0.6667993518261659,0.046865601455971705,-0.31415796294483184,0
-0.0526349697724523,0.06581590910791382,1.1014952102742372,-1.825942952139401,-2.57092069804582,-0.5313613003482638,-0.7997294905076575,-0.08644894941362449,-0.13645633502383328,0.13770575239254615,1
3.1733905239619795,0.010182301205252762,-0.3635801608824118,-0.09737254758720504,-0.6454366176559292,-0.018026453777334937,0.07490817710194474,-1.0382019236979891,2.7835785338355956,-0.45450499931153576,1
3.334203517597432,1.7798243766533453,-0.9692113409449963,0.20540906746208423,-1.5862110917053625,-0.12289754383836517,0.5163617719333604,-0.34952626696485023,-0.795163523457005,-1.1138203960249977,1
1.6033719963489919,0.09721144394744807,0.4890848020614414,-1.225017532656511,-1.0825354994162457,1.4798973773018795,0.43944997145610476,0.7029792981523911,-0.37508737748277066,-0.5736195689556118,1
1.0128962309550167,0.2745242951730754,1.32302410307027,-1.6355943658911973,-0.4750646968261305,0.19305776342559564,1.3104733127207693,-0.29961717381533415,0.11170145623385462,-0.9684058808879803,1
1.8445232062556762,0.6114749324736095,0.19733365034860645,-0.24428399614294058,0.8086573880481521,1.012400436255664,2.2030658582779816,-0.8058013093284192,-1.1240846761953327,-0.4656488078077109,1
-0.3361436284769567,0.3445533288016556,-1.7512711417671418,-1.105079976744775,-0.9604807961305822,1.1640823865178895,-0.7066867750189005,-1.165266606664471,-0.01237088191091594,0.27094498483785834,1
0.49875048880422795,2.2414953786592435,-1.3725708055045365,-1.149463806006193,0.377898121052306,0.5580397098674063,-1.382664687615724,-0.621296923372177,0.6151000996225158,1.0428962771302335,1
-1.0778260770671824,-2.084639132454187,0.3885851523804729,0.8060292948599197,0.014992745260227437,0.7069976921894766,0.6275810535868169,1.7988020985177449,-1.571005210220915,-0.1510021878557863,0
0.5769340599430341,0.29278037857569916,0.19642833108711708,-0.03959248222630848,3.821688660563097e-05,-0.18422847391728708,-0.9792679288971031,1.1010584230990212,-0.4160001388476798,-0.20611390624661577,1
0.08652484860757291,-0.32718066974612353,-0.5674900836700337,0.5117263639182267,0.8663686480749377,-0.8813311293487114,-0.23194009526990686,0.3072081925242858,0.352572681138461,0.7104652800760538,0
0.38378884838187516,1.2374525408589556,-0.458424439842189,-0.12334897487341856,0.28175986241297163,-0.8167660411742651,-0.7315218063831895,-0.4032504165397899,0.782114539055687,0.1836635780483413,0
1.3347307577271426,1.0699691016892268,-0.684362341481011,0.1296518834504745,-1.1369065636985114,1.1893499299795802,0.22885371256736287,-0.08734419071158782,-1.380531950501341,1.6267492084521562,0
1.6717911886146681,1.6795083582836285,-0.3019656836452456,-0.8848992469867147,1.4095637849341454,-0.1819766177046531,-1.25406658840644,0.42178114644693565,0.938656498156985,-1.2054406100557729,1
-0.3130077315757537,2.6116720650317333,1.0335806682941213,0.6185634879717471,-0.5210848321261182,-1.093138849245486,-1.124558400085529,0.46271354405073545,-0.18509808403908323,0.23809585452875745,1
0.12355262918532725,-0.3840869293209991,-0.37794528332812827,0.5803984999161552,0.18979697580970392,1.2443904138435347,-0.9829377753977365,-0.7897788073857462,1.0912999231818559,0.3966830737432291,1
1.5477291028255866,0.40445166836461177,-0.5340562744600054,1.1936487009639802,0.8042639776910331,0.8370938720394921,0.3352142484852084,-1.175313864117199,0.2415307358068206,1.3661483628639495,1
-0.10788917679723521,-1.24677147070361,0.4607755517480089,0.7401640566966233,0.7326629051262685,-1.2862726858095648,-1.0123170483041244,-1.2582043428772343,0.2967394122806295,0.5531476025667402,0
1.0033975572213907,-1.2863441677084697,-0.5450185582941975,-0.5097739340706294,-1.7334522801385388,0.44558555608412176,2.200063070177798,0.8046477103738522,-0.31143773429816585,1.5720508975513259,1
0.8876717808262652,0.1680772018666437,-0.06907959275270223,1.0350975754541878,-1.253188726938101,-0.389149000471741,1.670363735694652,-0.722305857446614,-0.21567460801106964,0.09166749883082852,0
0.08864979057352633,-1.362046957534967,0.7255376902636066,-0.018085022047890136,-1.1749850605197794,0.2804527270017179,-0.03556494321593573,1.3851927660015322,-1.4258852660458277,1.727854712090001,0
-1.3245780959402302,0.5090308956583095,-1.695273379717824,0.5185704070897307,-0.8989274437480881,-1.3208112372120147,1.7592781274608404,0.4442414287898577,-0.6106663655911345,-0.343996212780921,1
0.2383846452550063,0.36586657398015354,-1.0466208364833418,-2.140651737225205,1.875429852674077,-0.6650977358355422,-0.3906011144974503,-0.9017031417531461,0.3103762443679849,-0.3760403083181214,0
1.1966614601200112,-1.0101818427081926,0.49381141397504025,-0.11303630982186608,0.3190440976519093,1.8204934284061234,0.17330643508468732,-2.430551790605246,-0.9147230216683195,0.7912855706821927,0
-0.46484257027188,1.3308530886738394,-1.2288597226299407,-0.29496022190769794,1.7279150664371243,-0.2664967479096384,0.02465819184527628,1.6731269196598406,-0.6173911050402414,-0.616558334760692,1
-1.1366727112923867,-0.7610443564264088,-1.2613771781923562,-0.7133810039783526,-0.7451130661343918,0.36142501451086195,-0.29815558626716104,0.4418974651066538,0.6243182423035522,0.034314305716068916,1
0.2484946248806814,1.2702174634982397,-0.7693115141357956,0.40959579855118844,0.017046290986676118,-0.6451231019381606,-0.7970659150443112,1.5744359303070279,1.5586361015794081,-0.5783590138239498,1
0.3506928143980163,-1.8420765927960854,-0.4020514738516932,-0.4597587794026908,0.21927974168966785,1.1772913884398621,-0.49595382517418246,0.43239257675777865,0.1471847997240078,0.6012526314596817,0
-0.13207671471324264,0.4955700482049656,-0.057367971048429334,0.19989429431027306,-0.3562656519065551,0.5301238576210741,0.40757660860877026,-0.7531819092288652,-0.8043874494275334,-0.8688256247862445,1
-0.5256451948154732,0.6277206416217667,-1.0168389600839627,-1.219548911880462,-0.5802759055533917,-0.04228824644347525,1.2202692560135844,-0.06000377474377536,-1.7830363668185447,2.1023393750358004,1
-0.584889332459948,-0.28759791546421387,0.22876689591944427,-0.481779081559203,0.19100846967687662,-0.6199958878809468,0.03229238329996405,-0.5185048572352035,0.40305548967488913,0.3121330365996446,0
-0.9292471979014248,-1.0585617060817396,0.3882418037302158,-1.7672789072530597,-1.4237624268470783,-0.16039978262429316,-1.1981073849082333,-0.3431640290171769,1.1692824620395466,-2.818458496286717,1
0.39841641960968166,-2.20224147187092,1.4610953997424767,-0.6103355087534506,-1.4144792109757476,0.023288935211147527,-0.4214550884613505,0.3710588758937117,-1.147774435543211,-0.8655922117102544,0
-1.3559078555972999,-0.5300397580425709,-1.0525221891725844,1.7334197335104005,-0.31306670625260175,0.4058964740026183,1.2765252150097819,-1.6899669192766733,-0.14789808436929894,-0.36718596147188654,1
-1.7115830531175702,0.6639947087477739,-0.9857821393509922,1.060249977711208,0.05620965608259249,1.6876204392739227,-0.8244559972336173,2.4379529688262793,-0.07020257216506316,1.2638710095586319,1
0.15859859636139104,0.6903518195188416,-1.2945483377184845,0.5058221283455854,0.3177386381077463,-1.430605228278445,0.16831774495545215,-0.6659917562609102,-0.12215335779944954,0.6632348936342453,1
2.1324867288289617,-0.16525156924899576,0.49174595538951915,1.0561138921923015,1.0803558538320612,-0.040736234734229215,0.3407104036272502,-0.1315290327962882,-0.061634350637589264,-1.6626880186260675,1
2.7213336098665635,-1.4238739032547831,0.20304460093894325,-1.2496036104467865,-2.1226935791101758,-0.2229311019241373,0.3665645115721216,-0.9915147556997048,0.29701564812136183,-0.5245604761052055,1
-1.9728640480783795,1.7508021778248384,-0.13298594534832467,0.77212446947439,0.9775716617902253,-0.8363436875268669,0.6992039770614036,-1.057871600527874,-1.1397173971336205,-0.16381855419425895,1
0.5398129189913056,0.6101809585146623,0.5726959425294189,-0.14030364690298505,-0.254125434545217,0.07376817256467515,1.1803990642389457,0.6478685388318935,-2.319924145513698,0.5350008057699112,1
0.5431731800991407,0.021983403711540825,0.8445469631221902,-1.6051587093179822,-0.5726567690316898,-0.9520061851401923,0.7849285566487495,-1.0640611545248184,0.12360755582138357,-0.42761319912772744,0
0.9637445310773097,0.05052246940084612,0.7059755569463898,-2.680939717427,-0.8127479685547693,-1.0578748763874593,-0.04411031424826271,-1.9839655069597413,-0.823200623509621,0.9242561488975555,1
1.2537261342634507,1.068809358298806,-0.43195752420646355,2.198118914863767,-0.39646871176150084,-1.1130089290356544,-1.2991977101534244,0.7580269658875148,-1.1084246719401034,0.5301044663755691,1
-0.22013056376799153,-0.5306282317454503,0.4195285795214325,2.1309769755249737,0.6713770449364342,0.6189308432590177,-1.24378961653831,-0.5343053355206583,0.19085012928483916,-0.47632321312761655,1
-0.25227004044698087,-1.577757912047736,-0.3299014971091713,-1.194552052723986,-1.6478964516089472,1.5922879509203773,-0.8882587172874911,0.7764635040547435,-0.575601417091726,-0.4931820302790347,1
0.01003713940839754,-1.220352388121859,-0.18230481887726285,-1.0740129816250141,-1.2054053480340503,-0.7331865473724346,0.6552377308425099,-0.9448261544778741,0.16728948144537223,0.9459254059873861,0
0.48028838228527204,2.1045309968729025,-1.793290605203908,-0.44310663177011445,0.3761238218003838,-0.44869528581525353,0.29407641098794385,-0.042654718411194725,0.30808917604946123,0.21075957478647808,1
-1.9569675522430627,-0.37333697669245425,-0.4822571349680733,0.5159674914371459,-0.35395058607791535,-0.035143994820215144,1.2798244569944695,-1.897073485463844,1.2295590764689024,-0.12523639329335864,0
-0.564484658307677,-1.256736509931358,-1.1032385989973417,-0.4725025841606085,-0.7672151746984333,-0.6921887397902942,0.2639679747730117,-0.13802549476376083,0.202341365661334,1.0030908788915582,0
-1.163235822180662,0.67702986849365,-1.0010898000168718,0.8659125026391853,-0.27009563032083855,1.2424201402295856,0.42223382183559277,0.04222121088277531,0.08425863458991115,0.45857966040373366,1
-0.021175774300496716,-0.06329423876550211,-0.24047102860608743,1.822209096868592,0.6396810471627973,0.31913015543730844,0.4410102078256402,-0.8383896011055055,-1.4078500679252763,-0.38252775655708077,1
0.33107168261445835,-0.7854454500269243,0.25538526919954585,-0.931463439483327,-0.6384296064851014,-0.565549023059355,-1.76433469052156,-0.8298649337654035,-0.9740201968764589,-2.076058267386161,1
-0.3664962494470602,-0.6596664669852498,0.28297478883800176,-0.16399047233950145,1.0048676733594226,1.7398113464087899,-1.0379034152875333,1.070101272807431,1.542683773234602,0.3634286006401437,1
0.8604754069049109,-0.9920219309311785,0.050206292275700316,-1.2755256514654008,-0.42708309660137933,1.057100306173029,-0.5329051455407836,1.0397878465514687,0.35226644206933716,0.520263812646799,1
-0.24659729953406678,-1.3480593072410196,-0.8557345994178094,1.5705994619485941,0.05793637913866141,0.8606537831605644,0.556312454343977,-0.1000100625386849,0.343393118202138,-0.4215430619227063,0
1.490533097267343,-0.5218516926866221,-0.3842851979162807,1.1843891002808276,1.4315300484729685,-0.7922721829153307,-0.07465415940643023,-2.806267810407435,-2.260041396481115,0.47775556231290917,0
-0.39939137701024663,2.4473464215266993,0.08023790280266023,-1.2120009354221744,-0.6475779000423997,-1.6407770591340305,1.5156756769048454,0.5095774026940543,0.14938830108359974,-0.4487940365899233,1
0.3252062923168107,0.12593047317490033,-0.28621289990793,0.1977728826612378,-0.6465294110172473,-1.1181681972841706,1.5012677690061458,0.6315684293243414,0.9212001236937885,-0.07634686798883876,1
-0.6542808538079327,-0.7734723290170594,-0.2708672756631451,0.5815989412510979,0.16367264651409272,0.7031813100001444,-0.08804594714090232,0.7870169509176402,0.5651746284824707,0.6866084644080273,1
-0.01912275129904966,-1.6255296971778601,-1.0669804988360205,0.6013453576052953,0.7353709195957284,-1.389256465267387,0.20145237127852006,-0.7951444680912696,-0.007549107040329022,-0.4357338215864683,0
0.9929416493373554,-0.8496028332724122,1.152235149361064,1.2377481095044378,1.2780744410670275,0.7118289087146326,0.8617274066619837,0.004131641233997006,0.7565328398015128,1.3252806538372361,1
-0.1295965590136687,0.9854634218314932,0.11356526903860069,0.686882221186713,-0.6001354271699101,-0.11300191803652741,0.4281131516222606,-0.43120521913233884,1.186611673352287,0.1953290218396856,0
-0.1708304076874391,0.35213740144334865,-0.9588748715507545,-1.7582570859096278,-1.0764124137223001,-0.6635681672504671,-1.6395886344789585,-1.8770520460564724,-0.5082803140056907,0.3672142148438708,1
0.7904280904722739,1.9025139205319999,-0.06338128352465013,0.8437656489741423,-1.949961108553788,-0.9341961302061063,-0.5001386609205639,0.7619632642815342,0.8393510824172756,-1.4822399984243344,0
1.0918159072154612,-0.382032524538817,0.976838885832656,-0.15274867036915335,0.9547954804402544,-0.3406512678543728,1.2122348828376506,0.6609463433373598,1.3549240903243907,-1.0992337967279138,0
-0.40508326392063543,-0.48685100067278825,-0.6815408469719823,-1.1652179310977446,-0.8250088308361263,-0.12113679600872103,1.0750531168449224,0.30251965827464994,1.2171439100233323,-0.06690305770522254,1
0.5364439368681257,0.027027199178539327,1.8081054602769797,1.0897347138236053,0.8397177580964272,0.7591400990716516,-0.30204164768099323,0.5229085561802035,-0.5477724639529415,0.06106902207961267,1
-2.1313146599852018,0.36588164236314136,1.292620759177219,0.5102959027517722,0.8216378259077614,0.5011383050453511,1.5672054894109877,-1.0791073459823364,-1.4910751951115013,0.26579524152337275,1
0.2630766894332881,-0.16602861813409478,0.12144040286125649,-0.8418278212316173,-1.4817736540956798,-0.15868327633567525,-0.4809997761022002,-0.08403509352743238,-1.272119986930647,-0.7230072277324896,1
-1.2710579854942345,0.5404022758199989,0.8847485723887643,1.1326626994595808,-1.075783773528473,0.20342947541519862,0.42656490041747375,1.4103732405304623,0.13509039491875663,-0.7355514727562272,0
0.9291001132966914,-0.22359822709110108,2.7316574039070765,-0.2236533450261669,1.4313943524632156,-0.32364819059078903,-1.6154372146800917,-0.2894296159230318,-1.047976172139329,-0.9038336241131469,0
-1.9314128569290476,0.2617010365210662,-0.4853456974491458,-0.4670910075313735,-1.1113450741458666,-1.4572270219733123,0.8344086920565056,0.8353211938724334,-1.041418397217337,1.916442690629543,1
0.02421534060406341,-0.8788256991222697,0.47743331367039116,-0.447602904570243,0.9022473025488862,-0.29547671594501557,0.04285999841848096,-0.43403438123613886,0.7014857618338362,-1.1112351293760265,0
-1.213691539345214,0.22338152449598941,-0.23737694521216424,-1.7855841169632543,-0.21681273301628534,-0.2516262936772569,-0.5607131392689704,-0.7306968444741603,-0.6380852833136578,0.40446776902809545,0
0.1881369570559398,0.2759418990779069,0.19447986216594013,0.6256996734440607,0.9732413241937075,-1.4972789307267818,0.9897349611208108,-0.06057450818949645,-0.24118080009482068,-0.16744696116957244,1
-0.5722638992074314,0.06464925530843595,0.31853145199722527,-0.10760526555832559,0.10062624722110004,-0.564982007176267,-0.4876534909893146,1.0167045396668786,0.17680439787721103,0.8377925703984633,0
2.745117964775073,0.25129617537815985,-0.45436438842782406,-0.4063287774702298,-2.0612624557158252,-0.41726266884606117,0.06144366936620214,1.3978000555267196,0.39715495625011604,0.6679788025137661,1
0.12495397935004156,-0.23892745611740313,-0.9267772011473071,1.0199074337552294,-0.6861002515876168,0.9970995081937357,-0.3579392422942139,0.4094351156189106,-1.5391790383341075,0.26116449406787184,1
-1.0652461548210312,-1.2588940133861541,-0.45957604931739243,-2.2468669124736516,-0.5859532263676643,-1.5715807556354224,1.3532432424211263,0.821971993653043,-0.6686832070025125,0.4783339062325899,1
0.6030536979033265,-2.5055621691037677,-1.0525009246066992,-0.8987945800691796,-0.1717059224133693,0.12652300605963687,0.7581370381905753,0.4421875021299827,0.9350933040606008,-0.31060827314035183,1
-1.0614676369216434,-0.33917079652490056,0.015828843130148314,-0.9527380778687818,0.3360904513669875,0.4354543700484266,0.041709875072353145,0.7424983207486066,0.3108725457763255,0.25599288885849036,0
-1.5164304957203023,0.48349270599591304,-1.8813399134714743,-0.2563701298782334,1.5658925755731665,1.4553003737748018,1.548371837130944,0.4822750681976806,-0.6988499773542309,-0.24729582049569676,1
0.32928250529485964,-0.3323784630878313,-0.39914510372852396,1.3319641279857837,0.7302525842946842,-1.118062184781882,0.44615397385307126,0.563546690865297,-0.7626154596635715,-1.3170370148659731,1
-1.9836209428041778,0.7942499554780703,0.8700739297582233,-1.2652311382297203,-1.1328003529927284,-0.38603546261259747,0.37795623825820673,1.3271219746302187,-0.380868759184115,-0.16516806147591134,0
0.16713678370411497,0.06333222100800502,0.2831543918470395,0.5492072519304145,1.2297187456322514,1.1152424435026618,0.7938581903204042,0.8040925906312999,-0.8959881133548269,1.2587493952026996,1
-0.1788939995187421,0.5545025154210302,0.4304975012420887,0.5839322988987671,0.11442909702019288,-1.093210096225293,0.0717156812616806,0.2006065550832896,0.03499980473161078,0.8449839260426133,0
1.178239159200306,-0.7619025738249727,0.051890792275866834,-0.11852020736894911,1.0831527513802288,1.2388489956948683,0.16570334435712133,-0.1920211857042576,1.2474482119007086,0.6167366154214732,0
-0.44340798605665754,-1.0742220300731438,0.711973506498264,-0.316374003428249,0.9811897253223483,0.3734410156537922,0.273438620892278,-0.3241916662899406,0.0573282273532444,0.19550983604797312,0
0.7389539007599524,-1.2499063145267277,0.11511101918419733,-0.8375306097464271,0.5044067860931577,0.3087698318512797,0.5274392238323662,-2.154902088983508,-0.9471157386926227,0.7083999460605508,0
-0.15484845483449294,0.9028676909648012,-0.5590820683847606,0.20174018206511424,-1.1233933758108203,-0.09345502124669315,0.5861314740245883,-0.016702818285357083,-0.4985846979847553,-0.5243932261399067,0
-0.08605564337254189,-0.40831520780284386,-1.513353110172908,0.08553096050357836,-0.5347192159032681,-1.9513669524207196,0.8215478536344504,-0.8239673132267437,0.7414133751603825,-0.9555146545105698,1
-0.3357568385230854,-0.33375727444634623,0.15627796712173594,-1.2300540162954319,0.962257036743296,0.8680623123897606,-1.3987669958619475,1.2890785876462294,2.164893955783769,-0.07929316010909537,1
-0.1366293792823912,-1.0860944718884409,1.363542691987883,1.9510103259092755,1.8023904254614564,0.2705422603498025,-0.5276598627409237,-0.9658668761164294,-0.5417051103060937,0.37847639884947415,1
0.09277642496734965,1.079404273274736,-1.1667620116463457,-0.8511960209677402,-0.4794679378344072,-1.3953139655428408,0.8678837127942007,-0.4495795660328275,0.6313781231436595,-1.1667502001423575,1
0.18971879197958597,-0.8339293547395862,-0.5087076231368128,-0.750661177375109,0.20345737220567253,1.6629856669477165,0.5892878304868344,1.9845000419670433,1.1060210603441674,-0.5000029067616575,0
-2.048671922604096,-0.9066933774116075,0.4937729367221049,1.5174369300381494,-0.8555403924827928,-0.6550529605587189,-0.37007350724000343,-0.08093183202978302,-1.3309173019567566,0.39967995894240227,0
0.7837860781804775,0.47914430143706177,-0.3155260300504874,-0.030910445265010834,-0.1846259049531304,0.970797541359784,1.3591897455170803,0.1985891464145951,-0.38815905208472723,0.4983471416868811,1
-0.2329845615794952,0.42444351582043344,-1.231323015876498,-0.6763535255810728,0.6614622257884801,-0.932873134266781,0.45474712460286126,0.470777341620561,-0.8286077146656476,0.31887488607110326,0
-1.1844114274105708,0.9966835305932787,-0.9712489835043036,-0.867185808945698,-1.7333791969840164,0.3418433180866575,-0.4567168512386868,0.84246828335084,-0.2282976471545462,-1.5429059153792681,1
-0.1977972902611956,-0.4585623717703027,1.4462502312884664,1.2566309898685555,0.01163811707543188,1.4087965545762706,-0.9149365162599812,0.8044280902902122,0.2883372110676293,-1.053813940629677,0
-0.8546727892795731,0.08476026448906594,0.7653204516039295,0.003827288201566435,-0.4616196805849563,-1.7038164709908385,0.8948750837787657,1.4477114138743306,-0.17508291635314435,-0.4660015330549568,1
0.02359749586524577,-0.7517887703057032,-1.5780592517243412,2.4572945890653948,0.797763143971631,0.88914549284696,-0.22718121748398107,0.6087060989826232,-0.30386029604598286,1.5608387540350201,1
-0.1704564684096478,-1.0602489433219269,0.11798112486317815,-0.48154331070474937,0.46495779872658655,0.4697902925818268,-0.9122170853998777,-0.6823922107229569,0.5154847366020078,1.9125204931898407,1
-1.0696662666401626,0.6105405603036862,-0.46956645480533066,-1.6556781973616492,-1.0853426623736786,-2.1617196069295153,1.000773601836122,-0.23030409299262436,-0.10138342901065413,0.6490069099276015,1
0.22583874577075078,0.40627103433728035,-1.575968803077539,0.3239432006726549,-0.8053344614259224,0.43317496622966,0.010576429155221057,1.339002052253702,-1.4405711419501983,-0.4565506658853315,1
-0.8676594983663888,0.06945486058985327,-0.03490254168294751,0.046060685509733516,-0.5952031775449398,0.36123078471608927,-0.06591109463815137,-0.13011180685287327,-1.2702987099125078,1.4053638016700785,0
0.41841523883774684,1.9247295220379417,1.7321096607558997,0.8246715524630167,0.45026243300498064,-0.20411527454102785,-0.8589139445741765,-0.773645714343471,-0.6505307963765248,-0.9026694288759948,0
-2.305258151983712,1.4539247011274994,-1.8943651110563904,0.17709038735160254,-1.7483350102206692,-0.05285909329448942,-0.4557205812019819,0.4647129613598037,0.6379987593162365,1.6248311363136447,1
0.1621555997620361,2.0862381838376853,-1.140522247306446,0.9477330032801672,0.8512879536949794,0.9425533208543186,-0.3306796044301175,-0.7985681053955199,1.074594580567295,-2.0441163227374988,1
-0.5788411209471953,-0.33901502980395704,-0.7022346151425515,-1.771648115399562,0.2812797172439337,-1.0176225696995547,0.2172847089580336,-0.8798605123817977,-1.2594591056089977,1.1004386976685816,0
-0.3992846345441018,-0.9472427030108499,0.1737338539431008,0.7561710387071465,1.6935524379562927,-1.284624691092149,0.6441887753414799,1.4739982643075782,0.03800819048985161,-0.37645753439298796,1
1.4878944321336367,-0.10187157236010007,0.20909584705606815,-0.000419006409108071,-1.120545925678785,1.360823977492199,0.3087708759637136,-1.5895761731040872,1.7279557580667992,0.8073026077314139,0
-0.35781685235193555,-0.5649699251726251,-0.5490593919649565,-1.619408643898953,0.37719073305719614,0.16677651757101541,0.24417051159520503,1.4877664906617547,-1.0487780521103633,0.4183621416917033,0
0.35643089395408944,-0.2805354315283516,0.39655180066882706,0.6005973140802101,-1.4279009625147712,0.5892196450557073,-2.045385214003835,1.2208570597780577,0.222120504514443,1.4638527582890666,1
1.0312821968019672,-0.33665621874795576,-0.029836985251240067,-0.3701676887733479,0.5145425064242856,2.5552018337076903,0.1928703996403687,0.18707192084173438,1.3820461446619485,0.47136045589126135,0
1.5225430928104695,-1.094112401850779,0.2668679695295085,-0.353252935968457,0.6731387188703988,1.2736539544957406,-0.6922873181592798,-0.15353100273334652,0.4536378789447952,-0.286750995826124,0
-1.0164811121806232,-0.5350047996610439,0.4235083125113879,-0.3381695821357643,1.2379292318494672,0.6567433243141414,0.052994867285180484,0.4676649546300929,-0.837450137095418,-0.9289270836856749,1
1.1284147518659724,0.05140356784039861,-0.7387878165693111,2.1223844451348315,0.3395117487785455,0.5235028670612931,-1.5746669531622286,-1.5909541221925643,1.7471687506683011,1.565735932472042,1
-0.9272485993677742,-0.46015395801657283,0.8076688206189461,0.12404443549410725,-0.40698488871523264,-1.0319980458833027,0.4881263105613174,0.336048801184586,-0.20393852466892612,1.308437351540029,0
-1.1927713830291693,-3.019478289127564,-0.22152373597014857,1.8013286529696937,-0.843927798127465,0.5974561422389997,0.8134490654196929,-0.056656647038349175,-0.19269233576152572,0.7760400280847117,0
1.3748594175398903,-0.8034789084221933,-0.6934136691582945,0.43298750265476227,-0.13771592943904873,0.4378253717109355,0.2626718746439137,-1.333890591508568,1.5582654783344356,-0.8884419346518493,1
-0.7032369510661453,1.0155312441539965,-0.3383228630914107,-0.4105571780155071,0.45736099136853897,-0.48564325756471327,1.080620476940841,-0.8384830634684104,-0.7024657396993096,-0.27514953452964963,1
0.24420707079596798,-0.8423798812727651,-1.4916485021416168,0.8486146357966151,-0.936028466223993,1.5569491693243622,0.5501720420331311,1.5751861832829182,-0.3570907289273971,-0.17670354467562613,0
1.0323459107790158,0.6029855042946175,-0.35164335030645694,0.2562941632079194,-0.5980143648169955,2.034532819050209,-0.7864094533844547,1.9052943261933228,-0.23554400113116836,0.6699521203812044,0
1.6169399021897064,-0.021126861661468852,1.6043510641677503,-0.4877522042490548,-0.6348446957170873,0.241227039909419,-2.0287165016242206,0.20169139209495326,-2.105186111652726,-0.08277966183430684,1
-0.05483023725936617,1.0596196518981214,-1.3980473884145623,1.0210936587959165,1.6061601114853157,0.5075847802725393,-1.2866942838316235,-0.5581762183367424,1.089823506828901,-1.082036632898374,1
-0.24801134827199994,0.5935863876326577,0.27904039053026175,0.5074943598813888,0.2649361661995482,1.2734536636453657,0.0510781169176909,-0.6725333609597174,0.5400429387035193,0.16910679868128087,1
-0.3967249498631411,0.8621616676795987,-0.8693090649870361,0.43260536447897946,0.8519720537891945,0.9703406240126848,-0.26054659550527715,1.1490334624047855,1.658421963965689,-0.5769655427571698,1
-0.033547027338664666,0.3015015601554714,1.3626516690835457,-0.5329588401244406,1.2113578128105587,-0.3700930799551062,0.7330837100891586,0.3397835041720595,-1.3447736919220117,0.14867444267805224,0
1.0329180459160618,-0.48152007909040123,-0.501457934800251,-0.26693774818874144,-0.6556561988209172,1.0466992186802673,0.7930319568894109,1.4404112094490558,-0.28017106255272795,-1.970029228759888,1
-1.9898222399382914,0.12213336537981243,0.6929005851136917,-0.8608237181758934,1.1327562354285703,0.9436978268960293,0.9274619942673744,-0.08914216289670175,2.6625484681174987,-0.1736310057435189,0
-0.2780337171101295,0.4667625263465448,0.5101341026517555,0.3449333957057997,0.4905021206555854,-0.11697882853165925,-0.8346166874598264,1.242691368706812,1.3020583762871,-0.9817686328760634,1
0.7656954261085819,0.29207422144612344,0.7888573752412777,-0.06903364793907009,-0.6892748999954668,-1.347544328644414,-0.8295576553986287,0.06459824173463265,1.7160091875030128,-1.162677728476434,0
0.7441495680026682,1.1905032745203572,-0.7771122970558095,-0.964957629695019,1.4320378525476336,-1.0748635195753449,-0.8487383006593401,1.3664085041812115,-0.7226095130721484,-0.3391368046525928,0
-1.7231933239653434,-1.1644960047852317,0.07667421331538639,2.1111934051759405,0.20379540998307208,-1.2041309652625185,0.7794481454235374,-0.6158677884173621,0.3290036372266884,-0.9624053448745686,0
1.0303924263130786,-1.9118384764938943,-0.5722897777894992,-1.0729103973098801,0.04332675574656012,0.04112318695174942,0.34872680815552876,-2.1234238226612137,-0.6838711538788443,-0.34670842310389255,0
0.05971477069293665,0.5767659350881928,-0.6492259018103573,-0.16065930935765935,0.9491577059995954,-0.9471864456347853,-2.109821467762433,1.8961241402071374,0.9957357434752858,1.5431854145314101,1
-0.9342158375564429,0.3129448076130652,-1.3827257843374414,1.148955304830059,0.5520813489083779,-0.9910682039316342,0.816972160509811,-1.7880681039537245,0.45453427495934623,-0.13141911981730403,1
-1.0624411368884286,-1.3664558272112886,0.008068013136966852,-0.06831955046278945,1.358597752545699,-0.608430655421835,0.06886363038835114,-0.0054695547820415285,-0.6045605345351451,-0.3553300337044648,0
-0.6294458606293386,-0.32094617970991796,0.37733703429563215,0.7175875850191902,-0.4463663996804369,1.175458864747729,-0.10731119602437678,-0.7992880810328112,-0.7557863198504665,1.9771539530751037,0
-0.3022844248616988,-0.03218742948789234,-0.7960390163736744,-0.968146478821241,1.056633801095839,1.5074761840135356,0.3729451366683868,1.6219322226213995,-0.04249245323728204,0.8724817691276037,0
1.0396388948858852,0.9242571884155808,-0.1625126537204549,0.8899574674320506,0.610172065670119,0.6367603101771174,1.3501370582186978,1.9033479322035607,-1.0604299625187477,-0.41915001690377834,1
-0.9309696527726209,-0.10530188835403416,0.42441529869267336,-0.8553760112339491,0.2543152174290867,-1.0248423467757597,-0.052529553086643435,-1.4658975417549789,1.215272432412674,-0.6955672137601525,0
-1.277629080640249,-0.1471363794092325,0.09462589768641991,-0.15368025726187656,-1.349548326978253,-0.2053948880778483,-0.7617365683673564,-0.8060513383908212,-0.4539946051635486,1.2647968045320988,0
-0.9443200259389776,0.7639739519567249,1.0163501680979188,0.6490646089966611,-0.596775827961849,0.319704188280775,-0.4150822555523749,-0.6778395119608517,-0.08292246608699433,-0.16571171965243442,0
-0.3188074229604005,-1.7750661246399277,1.5071095412392945,0.5340081813071309,0.3764861888566732,-0.8778974119580472,0.4164527157796339,0.8587368420700929,-1.1050124740042586,-0.7473281773158068,0
-2.0842708835548924,0.5439800733216288,1.0092819296275308,-0.1796824076217816,1.5069841391481726,-0.7556375977701322,-0.4194809178397189,0.26134342436619235,1.0019398336596275,0.2895851249289225,0
1.2703115446925113,0.16920718894614695,0.3923402267507154,-0.21279986644756596,0.11765017184278681,1.1744179435364612,-0.1937388978694946,-0.6193878799729305,0.19991213995707152,-0.16328632024390874,0
0.030877752980638058,-0.9260164082022244,-1.6013882521762153,-0.21685878634416944,-0.40344421043446604,0.9228046207253894,0.2600329629171471,-0.8059233603811542,0.5431627248174021,-0.8766991557814136,0
0.6531758521433048,-0.023876597295284383,-1.502206373224432,0.24107499361741924,0.047345617907630845,0.32085104157437,0.9606180697579618,-0.014356284374513814,0.5203095100855191,-0.6221198400236475,1
0.558346902284024,1.285165082287723,0.027142551541903013,1.0012616102081888,1.4445135777402633,0.23604229776524233,-0.9504030441422481,0.5916083353307366,3.478533749084488,-0.06052194965213769,1
0.13639753659343484,0.36501060120400836,1.488772778723801,1.4832888737409387,0.46215554330224906,-0.4098275417883585,-1.6197877704817663,-1.4629084024167327,-0.9403966925993418,0.07212162923612545,1
-0.33733841113672913,1.957147485251539,0.13659228198971632,-0.7349452934005823,0.5449011157413999,-0.5173084750357935,-0.42964099259014477,0.08646805062911432,1.3845303751894424,-0.9780024836272728,0
-1.337165050885127,-1.5246206669302385,-0.9041213180050307,-1.328288150545474,-0.1472998340205498,0.4089495370571485,0.31971645624364886,-0.16522361565046476,1.7937283889283797,-1.315788706613298,1
-0.41149095236240474,-0.5226247989378464,-2.0063492438285104,1.228848189608918,-0.15171459029357942,2.022080818302405,-1.3437796406646807,-2.7511336497466496,-0.9692103756040785,-0.021884480711317326,1
-0.10777619396316224,-0.8027494032332249,-0.42711255321007346,-1.4155354526365658,0.11666058942725042,1.2789883672245408,0.5480281542450447,1.129356161717709,-1.2871409008288413,0.6444521498081546,1
0.5229173631509835,-0.5154219727994211,0.3390673280549548,0.21619030567036657,1.293545854421689,-0.2507668653957543,1.1314985553155426,-0.3045810444158399,0.2922969212678702,-0.7605537797700223,0
0.9561499786482655,-0.5622819737026037,-0.45589031488384074,0.02855690701209574,2.1420520068615447,1.472515952826059,1.3905025048812847,0.4134018060836441,-0.47605281149177475,0.9145529110798712,1
1.2033205926353625,-0.6457140460803893,1.2624804467425172,-0.6884288483501514,-1.6527912455534581,-0.6300136428767092,-0.1314692625883985,2.347288429529611,2.8792163307169285,-1.527274674295992,0
-0.9762315218209106,0.5944669002646673,-0.17354717618796478,0.5968661269567586,-0.030533940298362296,1.191974592896035,-1.287468618622514,-0.35499690027344866,1.7250645488369278,-0.050031286552149,1
-0.0751525704189141,-1.1489963195247355,-1.3815349254342373,-0.17355823957422548,0.9233991991879635,1.5130912567021508,0.40496294274878475,-0.3739899668533323,0.6640485670600912,1.04126487193756,0
0.35280658284312694,-0.8191788097193523,1.1180491462567999,-0.1856836148994236,-0.12246297949795093,0.9983556366112166,2.218071246691521,-0.40656402161935423,-1.4070521214151874,-0.5298368887588134,1
0.049037461548016935,0.1834038489640686,0.5102169772653596,-0.44901391719759837,0.8541179237336668,0.5007780674437072,-1.2588219931386826,2.186330247223124,-0.20712535362650975,1.009389488569882,1
1.2860174671016282,1.9331494051476352,-1.4192022055526285,-0.6627131420115138,0.6776668792362285,0.15796303856560842,-0.7933749941016398,1.0812097753668817,-0.030341859529464905,0.37608874189307656,1
-0.26722530141904327,0.06339719161509598,-1.3446029010376603,-0.033281068779338646,0.5485190063560196,-1.8922591877383603,-0.7835484334379168,1.0223869823644511,-1.8506781241097174,-0.19364349742240247,1
1.3242380220962733,-0.13231336136075628,0.4032040976930982,0.8279247047605721,0.40768874438722547,0.64480410186454,0.8396105170404764,0.5216419986125689,-2.322891500943842,-0.38782393923736797,1
-0.26759192177397656,-0.613147286313191,1.0598535677041678,0.47913059628598237,-0.7297724805483177,0.808485762278776,-2.487998453142873,-0.5983936647486776,0.3264599202081128,0.2526563662984996,1
-0.4694062226879811,-1.5652686351165574,-1.2442190974180882,-0.08273851353004792,-1.120368806364028,-0.8170578652825475,-0.5667447073617713,-0.2821180040404658,-1.5297392880748142,1.925674428523301,0
-1.4257562814463445,-0.97217252028459,0.4807555726394024,-0.07576332416912614,1.6287905195526993,0.8588930820471036,-2.1455911400313394,-0.27475291255240286,0.8628382925379401,0.37390978333521835,1
0.8054921061469411,-0.17271456198533477,-0.8510510721791448,-0.9747412199681276,-2.0427365568856946,-1.780734398016199,-0.812093340663732,0.8268222139496569,0.9801876976233688,-0.36255749887213007,1
1.3547691398570894,0.3318117528760616,-0.03710148502631962,-0.4890620242859942,1.2904442185885279,1.2585861653914299,2.257537114791456,1.084539697345049,-0.7767186313160607,0.7969281441316036,1
0.8255591814670258,0.7176342868325969,-0.17086543176171354,-0.4532417429962467,-0.8376595902408928,-1.1921074381649925,0.009939963193399936,-2.125024838237772,-1.108221043334297,-0.6381253941576096,0
-0.2586895904715146,0.9238046790574793,-0.472646398598504,1.0439025873973815,0.1438341268653443,-0.5755318983579027,-1.2400668653331124,-1.691151030807077,-0.06987802664580726,1.2538018876389443,0
0.7574995244231507,0.7087684072732814,-1.7647865896663189,1.347313938505102,0.2716418465899371,0.2999048809709748,-0.6497828446323857,-1.1188040908335615,-2.080892612438406,-0.1360195785121914,1
-0.7044557030990274,0.6326611553098112,-0.4415705981101829,1.7939472135885932,-0.14759557276086396,-0.29607012539119903,-0.7475060862185965,1.3081183052888026,-0.506367457307089,1.48805105126053,1
1.2113185073849615,-1.661077645229176,0.6568689961570904,0.5530369221818904,-0.21462208438045224,-1.189203621499218,-0.21557490786816713,0.6387207644396757,-0.8193916764144709,-0.16693485540746236,0
-1.8422341740345995,0.031528885502400274,1.092256867325249,-0.5142310726958585,0.5757188543500769,0.8850621634681884,-0.8041948582203294,0.9098668361505023,0.3798777848025271,0.7264079122407359,1
-0.36824556412752163,1.6090347711218371,0.8449940577155167,-1.3046024982359716,-1.1749041794913795,-0.5853481482523673,0.06071636352128137,1.2415280839881264,-0.4676674118972581,0.5122012638111999,1
-1.5479925634100813,0.47177761480283514,0.29055481300773783,-0.6575969610307728,0.06681752838010814,0.3287303079464693,-0.5806305150754706,2.1604603193615506,-0.37614468769435255,0.09471604137826994,1
-0.45167227065102006,2.0468956858442504,-1.1849135987965957,0.9071352192181044,0.5295605866964889,0.3660313732293666,0.2682086107765912,-1.469311159163248,-0.49563780731628754,-1.0432867744791625,1
-1.1375423986557498,1.2229795703374287,-1.4288891924092415,-0.38846724360150464,0.42681856360737486,-1.934581511517249,0.304718868476442,1.5877747018789503,-0.011163219833175019,-0.6212550230420435,1
-0.13587675227718632,0.6293960998434666,-0.9226478826311046,-0.3489715397463343,1.2944191291870972,-0.48682460961233376,0.9814887038286377,-0.6386796412859186,-1.2735063764188645,-0.6341088297545392,0
0.6343790937890923,-0.9902737266289515,-0.3380435296612289,-0.4501033498442898,1.329775357999656,-0.15116670361406895,-1.2151953249389642,0.7991050768024419,0.15420983850293082,1.1134629468604365,1
-0.013557918030451043,0.7855210421731049,-0.3842474542969834,1.0839799266564902,0.08548251430033502,-0.7461594986559149,-0.4870638466484836,-0.8823165567922542,-1.3835652959092803,-0.6685602580639227,0
0.3758968273279556,0.744750904240967,0.9395100024907842,-0.9253965879317003,-0.8882962824152068,-0.5940426614228348,0.39158976252749916,-0.6477088069451932,1.7227729595468717,-0.799705508153316,1
-0.23658235285975457,0.6048503597711237,2.941900104502089,-1.6988655239987098,1.9489353420511104,0.23099958708117233,-1.1098547492690547,1.891387391245951,-0.7046275259510434,2.3310285379978395,0
0.9791413360462421,0.9479135293583886,-0.49341368458829266,-0.5072252028356297,1.313314697345953,0.8068631496588589,-0.7747648051964164,0.6225135845708214,-2.3273215714387248,-0.07820308536455046,1
1.0937481979752155,0.02919824227611224,-0.9297823749135317,0.18219474781000874,0.2425154370421525,0.047008592536061364,0.7372442321968752,-1.3445968605444794,0.19774640847063293,-1.1328195116367863,1
-1.3836221562341127,-0.1532949994121978,0.9259247105235847,0.24010268323407666,0.7383637314570669,0.026856886822883643,-0.4126203802823668,1.3576955948109783,0.8840697328637309,2.002396177514775,0
1.0101338828657191,-0.808253278056905,-0.20657718796852254,1.341842596536238,-0.2533004438111441,-0.45598921634307127,-0.8842240971689533,0.39688444675203605,-0.8953459023393355,-0.06067653628044213,0
0.8726631262318649,0.7148458150529693,-2.784125995216384,0.11796790090878521,0.11514620017242745,-0.9169510298869554,1.010077195761483,-0.37818545739552684,-0.6403922390444582,-1.178486793482779,1
1.0376123351490436,0.03837002381133596,0.28615352847100206,-0.1387449572877046,-1.6327859838942531,2.426887040876905,0.592281601519115,-1.3743040484453724,1.0282792774491882,-1.9208591532326476,0
0.3025477016355275,1.0886277258418602,-1.1128704358160082,1.651792230853364,-0.9051864334514158,0.45844144113251134,-0.28259231343089714,1.1247472326490724,0.17294563850280198,0.7007360590799616,0
-1.2981174812942935,-1.4201810549223448,-0.544720740670774,-1.608530349514279,0.45722842581013035,2.329196543047127,-0.4762217972646684,-0.12074950758944443,0.6288462209899415,-2.036425227193777,0
0.8478637181249223,0.19773612678223465,0.777825379448841,-0.044910810955597825,1.1946701445782668,1.492685571753866,-1.17000682284075,-1.3537701546674992,-0.4094372361508385,-1.955606967168325,0
-0.2688763993683175,-0.10630799215816454,-0.33389718290509074,-0.7014405687043651,-1.9122635786781303,0.721125240435289,-0.3241984323393628,-1.1487926258748737,-0.12266951207138478,0.860295370503742,1
0.30198299200599726,0.01777062822279798,0.6439086901952461,1.3790738297089216,0.10520234705296228,-1.2408419327510973,-0.23457258001534173,-0.2661090363290886,2.1647009654855247,-0.5162334100765051,0
-2.2719054986176683,0.35644111212353585,-0.715293771938833,0.23468493582500863,-0.4639694424990582,1.09365988612988,-0.4572285017698033,0.5755929307555786,2.35572898619144,-0.2881991489121467,1
0.7576049876525334,-0.14474255579499676,0.2975537530277765,0.2890514011742336,-0.18169911229326716,-0.0756267120324701,0.47522218420848195,-0.16842459782767077,0.29092224884043594,0.6810077195068759,0
0.8760511854123076,-1.2525300719713104,0.8265296723943621,-0.5410459450220811,-0.056144343056273284,-0.963378969962722,0.030762047581689128,-1.2319399457929114,-0.4241751891707738,-0.6350062821799423,0
2.1562199933480133,0.17099173202803972,-0.04413634824139941,-0.7109265053687259,1.1027864128705176,0.1189956089836812,1.1968550088525955,1.0753484918308136,0.8279241929252015,0.8684625389265597,0
1.2887025562956078,2.7763254588000312,-0.5689668302493093,-0.5675707009971422,1.6238961842579007,-1.4926017343348754,-0.4427549522116212,-0.4364848072972877,-1.0455029645686453,0.5049528301398762,0
-0.14253519602584672,-1.2200783739047856,0.47280270911403954,-0.18002474183726078,1.5007276476905744,0.5589799726874314,-1.73474071943958,0.961846698777007,1.3801446871894136,0.1381589605515177,1
1.6659047027918155,-0.34153074332485567,-0.46492410983922366,0.3978348161202392,0.4834030895212095,-0.17117927496143917,-1.546249536889642,-0.5973549344947886,1.0282957149301797,1.7285598955613926,1
-1.380114296433079,0.45476536272575707,-1.5017116893005522,-0.009460603916412662,0.40096455898844585,-2.1402708901007745,1.1422542459744682,-1.1473860997144998,0.09274662705878917,-1.634894156213411,1
3.85793967348964,0.23842571206455815,0.7503006889321506,-0.5411371720002143,0.17907827840847754,0.7074928958322587,-0.9185616167998437,1.630050333285944,0.3260445559660287,-0.5081775222234715,1
3.075573893432424,-0.11660753330508225,0.15255593748468754,-0.1867385942904594,0.8856838994614534,-0.0024533389695872254,-1.8802519044801238,0.09092863303458283,0.06759347790413126,-0.48012211085750534,1
0.830819563694863,-0.48053705721973694,1.2035328639607124,-0.7442832053102648,-0.6417519763794223,-1.5209121130087717,0.2936427830550621,0.9978192323749058,1.1246986531452516,1.7684474862763937,0
-0.8782681675417305,-0.1414497929074891,-0.502194115569242,-0.6766061053652656,0.3230658808773594,2.0653461182540886,-0.5535006635785215,0.5163540875155731,-0.27546585173885296,1.3441745095537205,0
0.13986220576101485,0.7461143573591915,0.701678295980134,2.49123322317737,-0.7298526190058333,-0.791065706109227,0.6342862996062856,0.854824111360941,-0.9540588500876003,0.7033535993264242,0
0.7125389403746353,-0.2324492035301729,-0.3630556403735697,-0.8231854237780079,-0.53942533630721,-0.26565150731067305,0.42315283906529855,-0.8477277146239373,0.3839791017362508,-0.8811653547482005,0
0.3596237434172795,0.8550308458376977,-0.6231969238703199,0.22371569410373218,-0.08126361905261895,0.3607384751244933,-0.566835660586692,0.034651108914967435,-1.8885697238478283,-0.8634074462624076,1
0.7127480011897636,-0.08217955576858212,0.5040572692304238,-2.63995870211062,-0.9147307358752764,0.7054151324837312,0.949663386163192,-1.1947262794875533,-0.5362468810722508,1.8464546786241582,1
1.0687856807518747,1.227917194888763,-1.727188347128479,-0.1422865130762458,1.506111056898553,-0.1522095993117026,1.3345034070449466,0.6882284023612555,-0.22423753375276803,0.21235121461046078,1
-0.4951739548431622,-1.014912045053364,0.5836978826797948,0.858729162145834,0.430402226026727,-0.6883127477119656,-0.28803192280422135,-0.4197016166071451,0.00464833190431843,-1.1453714322082218,0
0.132962280436304,0.5826351796035163,0.30592251074770666,-0.4970751819019197,0.5907190614572138,0.2601125673454502,-0.8136248894257183,0.33114065599224757,0.5179820811047928,0.7542049524166674,1
-0.08289852500467178,-0.5605490108921727,0.9138458836391721,-0.46736430239296334,0.5372413523366444,-1.3393791635527281,1.8196625315581354,-0.6122478439331578,-1.6843708317679402,0.12946510057155114,0
0.21421904746683115,1.5188709127713413,-0.2958115144046823,0.32456622189523127,-0.24598151665305493,1.071939914344267,1.2903137460373246,-1.4226188425564172,-0.24083740909303838,-2.3488908465212663,1
0.692696057131838,0.47973453921572196,1.129846517200627,-0.36942677734403195,0.07587346095916021,0.03417410425700554,0.9058606554525112,0.5571431266336185,0.40297807600129143,-0.7963373668827963,1
-1.9081847831366037,-0.4848700259763014,0.39732769667234163,-0.10290258544372373,0.26398123829502473,-0.3864240796896305,-0.3964004483243987,-0.8776632164586755,1.3544465909229868,1.1472945819986138,0
0.11653331605849324,0.18552322332850749,-0.7990210676628261,-4.692364842388591e-05,-0.5197107660650463,-1.3831004796853112,0.006885771474221146,1.489560067246541,0.6126304295462182,0.6355590840628091,1
1.7551741656764832,-0.6475897026924888,-1.3423807705018769,0.8916828487556815,-1.1448937497074319,-0.8300971894651127,0.6878023187203731,0.23455230322134296,-0.6066296846334847,-0.5181783747734372,0
-0.3955656348590421,1.7643068907799073,1.0763558283616315,-1.349498699607926,0.126764621889988,-0.6842250044628303,-0.4819126927517942,0.33697129916634444,1.3319813239246425,-0.12192660092790815,0
-0.9325834567618385,-0.7623451772061194,1.3760851746810474,-1.8078391597260002,0.5869118609335081,-0.6729203953691423,0.12744507780328793,-0.5447184407035636,1.0958195536581208,-1.1292230002143477,0
-0.6735645547992268,0.1583505914466949,-0.8971753387306997,-1.340373204074276,-0.04948168266258349,-0.9523978079570286,0.493549979919399,0.9801492499276867,0.7612655234253499,-0.23211174116682337,0
0.714532047991697,0.9389037772943867,-0.21070237563237176,0.2470461534224029,-0.3144795928288083,-0.19939640159278416,0.5451297042685033,-0.7519229092797274,-0.2461092028271876,-0.5790987765511374,0
-1.790003919076157,0.6290985070965912,-1.1173330164751745,2.1421192091779373,0.23062779263181118,-0.9010507864287884,0.6981601846814055,0.7608220755422552,1.1678574843767744,0.42876743856104194,1
0.22430285295477725,-0.32383251498638105,-1.0607753509469786,-0.2726673848408943,-0.8580571709185673,-0.1579464543904214,-0.24841365258143674,0.6046140127885414,-0.3380944671623901,0.7646037414444979,1
-3.209955381978046,0.9517123999002982,1.2477197402767033,0.38784688001747364,0.7996895796564567,0.9738334048109701,1.3309812301763921,0.4291609190932962,-0.8706278625546625,0.018386604027683877,1
1.5235848315795288,0.2018708184922912,-1.449432461709627,0.2916571756646966,-0.16975170497892975,-0.2525863663370531,0.043081755053684036,-2.3390138118824746,-0.15913313685316502,-0.19559717483231356,1
-0.0696156591485477,-1.1791149052826604,0.10594780499085539,-0.019980111378420894,1.3743814766642317,0.6981255983154987,1.1928564143047624,-1.0078762308511238,0.8183045343451241,0.6062051143935445,1
1.3655901991926498,-1.1102859959976457,1.1542207079916804,-1.3456050941130138,0.9836356187944262,0.168455769457371,1.2208512190387115,1.248878380423698,-1.6853178594890674,-1.7463508893929862,0
-0.5586953357167566,1.1454614336543856,-1.5463338541586973,0.9504594349064217,-0.22001698492488517,0.6082691100588624,1.503855065176716,0.7593570132144764,-0.9964818210806099,0.061581041153333675,1
0.2753934759411781,-1.6270171962609803,1.2379465817259372,-0.06034007258187445,1.2159234792093065,0.7066115294669925,-0.03126414036003981,-0.878537095498017,-1.7183195618367277,-1.2337805692509005,0
2.4009183113212806,-1.016235867126816,1.1121566258412166,0.043937006309219324,0.2828984994479096,1.4346793690742012,0.11434103239023449,-0.44547073148707816,-0.5290263829311845,0.9427544139156644,0
-1.0110351209554707,1.6557042382271825,0.16126931859840968,-0.6160592529780259,0.0484650386913872,1.8977356523173956,-0.03477786739767764,0.8746312876783525,-1.282559863841633,1.5294480991647956,0
0.9425068791712249,0.4480092560521237,-1.5956732566417293,1.454777413803014,-0.05562014146540174,-0.7459474097826777,-0.39114277682868603,-0.14433634679565965,0.38840668110871573,0.6382072508398762,1
-2.221510823700524,0.6324830961433667,-0.09577341039165674,0.4244787413274417,-0.7546117507896335,0.8611354293550025,0.6393289689048027,-1.3261339785179327,0.35528935581451604,0.8892613979011141,1
-2.585767588999438,-0.3293872870576077,-1.9124476632324607,-0.9673240873130711,1.7365496986671922,-1.0816375826126854,0.9721896058438348,-1.0395070841778464,0.33559072651689326,0.4880380888136139,0
0.6889213621579444,1.7609482909501006,1.567333591395548,-0.690542791237999,0.5070705692234674,-0.2310258478654012,0.48740768115653416,-1.1290667448431106,1.7318085908349816,3.104647373275056,0
0.041274574202699865,-0.2731028334753048,1.5822817957159017,0.021518910661959885,0.4313827845069116,0.1728769533764431,0.5972384319664858,1.335042102648604,-2.559978739839819,0.703722143955687,1
-0.49772668445684926,0.926485195456782,0.6430721114367125,0.7162199410929158,-0.6899149380208699,-0.30800639976745325,-1.211417308602476,0.7378671718289992,1.0206916000847888,0.6003798385219595,1
-0.009847287471481413,-1.078985711212504,0.09659492374072919,0.8235891428738892,-0.9184260740300905,0.5467408047005661,0.0053164002020982095,0.7988254264686969,0.49905867816832866,-1.5479287238627244,0
-0.5176603237193814,-0.580865395477609,2.8519500114542304,1.076230538693325,-0.7677744651303221,0.5606239509420612,0.11590668019231132,-1.1159295831763427,-0.6339121341103752,-1.0801888315421992,0
0.30217682520827216,-2.729044357089719,-1.9565579199758307,1.7051675426491675,0.2951544843141289,-1.9902824363771567,0.37847663814505245,0.6330565078732957,-2.774135167227377,-0.3232701939712664,1
0.7734409975442094,1.1020000973238673,0.41431769072388097,1.516977631022017,-1.9299518841819898,0.017245017976076155,0.9434029331257853,-0.024596090196176718,0.8310675668821919,0.12323832079914425,0
0.988208848486463,-0.484610482060817,-0.08179619690235515,0.6719039835665946,-0.08973727210301083,-0.5421472159469556,0.7685438947305734,0.040014507587608265,-2.5216674125558294,-0.08470675596820018,0
0.017600206923097966,1.143988351254438,2.2970868580427397,1.042122354707056,-0.7426058309975129,0.38552938129262415,1.0459674645011268,0.20582742402641044,0.8626001677798936,1.1115976855738894,0
0.8198061540197786,0.5991729916158207,-0.18678651803450105,0.8275733824016617,-0.3618293865914214,0.17301947200228968,-1.3745045361553685,-0.0323216387431032,-0.05072564217481829,-0.12500288230114195,0
0.687759695794799,1.1171287573337647,-1.2567896638494729,-1.2481546949398916,0.12013451362438661,0.2536320175862101,1.0584508841013878,-0.7021941191386054,0.7340749965706942,0.7247502692861492,1
0.39315819224910903,1.6302750092650247,-1.3486357546775634,-0.9859583884476978,-1.7935064934012361,0.26274541916824623,0.22713866525531784,-0.4377681752381096,1.059996095744363,0.7532924002733778,1
-0.5108631934878929,1.757352397931975,2.775382116426443,1.1816118267601945,0.11983894124354368,-0.7425945281994815,-0.16912573928141494,-1.3108599118187088,-1.538231073902001,0.8826828086655477,0
-2.752037662677927,0.19216480176474013,0.4999163578200975,0.3619839178005535,-0.0725889201113567,-0.13718507178161649,0.4028231886373576,-0.3792625443529263,0.5098292027163462,-0.15050350982303523,0
-0.19206908223922012,0.6628117661526611,0.01242424859437252,-0.0929899127774421,1.7093833638922722,-0.3498657271264184,-0.6568467082686377,0.4596573785670042,-0.4914102035646259,0.6699115962184482,0
-0.23406889069910192,-2.0629441646040836,0.3895779064876255,-0.2622626427981286,0.5380230552346682,0.7500114359244681,1.4460173555136167,-1.2059877314822474,-0.48901154052383355,-1.5135191116921796,0
-1.6014139415281856,0.4435442534411382,-0.07623095716045457,0.48954760187343505,-0.6103805298783314,-0.5136692983521769,-0.6441838025244897,-1.3472299654958917,0.35260738255868834,-0.9356809066925512,0
0.7910261496852212,-0.9662136543845258,0.5993131620889883,1.4799111661020217,-0.10035809078078846,-0.5829623911456027,-0.17408450566823505,0.42711725955152713,0.08868440031191716,-0.4212084534146888,0
0.012866884184724063,0.18686589206270993,-0.5803185136365204,0.03221247025304714,-1.1263184979843532,1.468630676215497,-1.293762812335712,1.3453154588129572,1.0294529244415112,-0.1890049326765813,1
-1.3485118844184532,0.43966891204060843,1.5003575788635892,-1.1149337031094837,1.500886748926178,0.1454488576072447,0.8992364098849424,-0.38267172064074867,1.6764944678211198,-0.023965702279645125,0
0.8660591728218054,-0.1846462299060448,-1.0465976693424663,1.5530953706229005,0.8332689851246153,1.7727569337558293,-0.8041785058518202,1.2296751091362668,-1.2686764321513804,1.9691176279127864,1
0.7912949804001552,1.3034169184403073,-0.610104035354375,0.13891357638744206,-0.5955663914385596,0.1253984079659788,-0.8957832729873768,1.3349176314791316,-2.2080051383039283,0.1354573815661234,1
1.176952513690748,1.0139442850591336,0.9906770017655062,0.8241731466944507,-0.20045551445663182,-1.4947220087896924,-0.5939842226155095,-0.4971311516767649,0.6937867085706725,-0.7942887870769336,1
-1.1654317335035704,1.1956678167282278,-0.4787728240063871,0.7727289375872731,-0.44597536219562806,-1.035730475804595,0.42942194478687956,-0.18551285976455387,-1.660295582921953,1.4689748631671118,1
0.5382460975045578,0.9050264189533831,0.8327830239661242,0.022947790772625074,-1.102605992489293,-0.4641518078303777,0.30161825313893276,-0.7570778917323208,-3.1993376526931363,-1.9580686907852607,0
-0.8428605517089753,0.5604533970480537,-1.4314571815116384,-0.2500804139603672,0.8977076599991594,-0.012897038183812711,-0.7024317273725161,0.4631375514784162,-1.558924940666884,-1.1526946358160262,1
-2.874968879865529,-0.8770332527050415,-1.8595091654854756,-0.19411851184900678,-0.8258797757212389,1.0510682959060673,0.46595002519068385,0.15795152114733158,-1.739095216734554,0.1975019385070341,1
-0.5285056361126661,1.538379851802693,1.1560935795867744,-0.4638100529627788,-0.9290546322413458,0.586003421259126,-2.334960169878108,0.31254916752893275,0.43913087907295256,0.870277959381207,1
-0.32108899071015246,1.7335413254921535,-0.7100595208514041,0.47184525606694827,1.74804177579487,-0.5021138063310799,-0.24754911610713873,2.555062527512526,0.4104247591612326,-0.8470475181143765,1
2.182275910834502,0.33781442919692056,-0.020135375676426016,0.11202699557935279,-0.4898155645395334,-1.4333597643811,1.3271846163072683,2.232440789481679,0.07827307012801067,0.4718322626702095,1
0.32870245607283527,-0.24077939121999706,-2.089781949794013,-0.22390044893106312,-0.8880540962170259,-0.5224323780409565,1.3218959447958882,-1.442933310521321,-0.0539910364276719,-0.519825015087853,1
1.4480014208760492,-1.3836466853338705,0.32082524058621376,-0.43578309799628634,-0.692530537554246,0.812714503863682,0.8652803346512088,0.15710555935123083,0.27674491216646574,-0.8772486835632566,0
-0.43728724254382445,0.2762461940304474,0.06765280961513413,-0.7403767357070694,0.7483510289274119,1.5096497990535471,-0.26277156966496096,-2.0405762401686807,-0.20778535454040636,0.49365548376818097,0
0.9114744851303214,0.16775394441283006,0.15324554328312198,-1.5385923002121764,0.5616802014306852,-1.469587241876575,0.3529212274456727,1.030324812098727,-0.9941467255474271,-0.5550768312363977,0
-1.1268282836571295,0.5209334119987634,-0.06983224710479279,-0.6266432544477267,0.11779811580119441,1.0918075526650297,0.41037840081212346,-0.019976103820154394,0.7900283705331463,-2.0765532815709364,1
1.114733892631557,1.6719726008266134,0.6316582016588651,-0.33366768918090645,-0.3842126655868925,-0.1156956014948507,-0.22952282590546616,-0.6082296222647836,-0.7015743048847919,-0.05588725309628742,0
-1.2265674316518074,-1.1365518925887945,0.2663218453545183,-0.8794224977122373,0.5405653059447068,-0.1835997903196014,0.9217977506912988,-0.7338579115972746,-1.1032978299067402,-0.5514338755261324,0
1.3552725615328403,-0.6796747635067687,0.40769453844322967,-0.06989426329468218,0.6790237457144858,-0.6919461153218791,1.1123568575660039,0.242274380680209,0.5562864719230601,0.08075294990045405,0
-0.08885766708388806,0.8957657547250679,-0.31239115103111026,-1.0674370183966868,1.1006350702312977,-1.8945945011089316,-0.783155666367329,0.5467668264821552,1.0196481109119244,1.1981026088364883,1
-0.694949123737318,0.9382279927349255,-1.0891996226396072,-1.0864211957731202,-0.9865289934161561,1.293283859758677,-0.3812421450852136,-1.2555755620361497,-0.01232792368653862,0.6686042782600523,1
-1.0144720406973653,0.7930605524518372,0.4442428644990985,1.60838184446633,-1.391686587007843,-1.4389029055771763,-0.3758755836723324,0.8053314331777867,-1.4292704724756153,-0.9313794126323707,0
0.8712160137184647,-0.042382357726280115,1.047981138249204,0.4475746062394053,-0.3077629168466729,-0.7256610688403299,-0.13027102464800971,0.36747841001522946,-0.5220027743595204,-0.517424584249831,0
-0.9194792276680201,-0.05705869182666073,0.7449751383676624,0.11174167310998602,-0.1850699919161833,-0.2504425670925209,0.9724592743409326,1.0310092613059263,0.2660513556253071,-0.5610862556020203,0
0.2876311214263635,0.031216052991360762,0.8482651663582593,0.5954838218462651,-0.787665859554054,-0.08206284175064255,0.1745284952645874,1.4433519460764361,0.9285408590842436,1.0284357993780937,0
-0.5327923727826095,-1.3208173667695051,-1.362272996752919,0.9193163441603939,1.3284164214511072,-1.7398404429674805,0.7774935857462663,-0.8167701295151658,0.8933733042043813,-1.2842128138292603,1
0.16564178605539887,-0.21899848103126462,0.2928639194353181,-1.5788204864591329,-0.3279770477674362,-1.0758731698360267,0.5932571696167707,0.880166709660018,0.3882349098023509,-1.4045887102226273,0
0.016672373423269438,-0.42039445805125514,-1.0581105967697861,0.9218688528119745,0.4817186813901732,-0.7762471312804169,0.4648171195250859,-0.6523315358673497,-1.4020522267756323,-1.7662533693502787,1
-0.6314322515594253,0.3100086777490648,-0.9814152659954689,-0.3359200045181002,0.304065612048452,-0.8527861139855041,0.2609694338075983,-0.7408051943901357,0.8781325815110118,0.3239603182157058,0
-1.0040158066788205,2.180496319638774,0.37215376680088175,-1.598489448559901,0.19506017014262578,-1.905438680509124,2.5809515851400366,2.44339079625141,0.8781054502625698,0.07306718595708907,1
-1.3120985315266447,0.6696772854660646,0.08190939862179951,2.0144378085646624,-1.926057555640528,-0.6732070112677161,1.3607258302145582,1.4381981827436423,1.1215823724249125,-1.5959775803144547,0
0.44682624679647864,1.2990494852142003,-0.5750155928398145,-2.399871099985792,-0.5235183763865244,-1.288468242885334,1.5525682396858473,0.7511056771440001,1.37198727973319,2.629772835927554,1
0.14853198602056514,0.7779730855208029,0.3474065099561103,-0.13487364953546802,-0.44283058848624496,-0.060609210003322055,0.043740081579181495,-0.8770955739823076,-2.2604768127133554,-0.1981305166421398,0
1.8363081603106133,-0.5369847731644571,-0.38356840573813084,-1.92607304725601,2.1935873310502862,1.1680118537959414,0.15540112254121666,1.2789330946611885,-0.23032821889049732,1.1226689435272308,0
0.1396675784886334,-0.18085904537193154,0.08567585935807126,1.2568658711629122,-1.622302683606322,0.9199105293727423,-0.5415018450546967,-2.467351849124735,-0.6330354522550921,-0.5323371722277866,0
-1.7651938506826501,0.6254161731374436,0.9243166765178296,0.5986192708632507,-0.4033477045646312,0.2234612009995487,-0.044803655604507754,0.629758486994065,-0.11889969732677988,-0.9616423217733597,0
1.4476040528943543,-1.4107230271446614,-0.41303701972736595,0.3727369174068277,1.5817619633560467,0.9395371906525353,0.07574846594069407,0.018081056533865776,0.26688189670063744,1.1297827181981286,1
-1.1417786944082575,-1.7136969019583213,0.9360583420404895,-0.5628481556397825,0.5276460494896736,0.9479294300780604,-0.20125688996186833,-0.10506868573290136,0.1653701832661574,-1.6410659639271878,0
0.7464021537026985,-0.20792927144826429,-0.15048769700898015,0.26022518507550935,-1.0221697177322757,0.6365422146413934,1.3362122645997299,0.901764620854377,-0.9478335730022233,0.9783134851451977,1
-0.46902780374760905,-0.4432442621231197,-0.7204146015080869,-0.8355279611508886,1.2415881344210602,-1.984119583099461,-1.1074517947874625,-0.2468194038086151,-0.23964975270791128,1.0207234728107537,0
0.7869814652437135,0.21044802246357056,0.5741167643946236,-0.5051557255395569,-0.7985571588384283,1.7833756355007353,-1.572604099018963,2.3293216047371725,0.35948184738564515,-0.22230589246025712,1
-0.1820208348243829,1.3371703539009159,0.08997749833181144,-1.1460314881658582,2.1564860542508852,-0.13895719893978517,-0.5785530629917319,-0.8008700780224692,0.4420723442654233,1.0181021033539603,0
-1.003380717730042,0.8499909381531157,0.2079298817136974,0.2681346769392181,0.10507521383048164,0.42277821570928376,-2.1967849394954246,0.3207591820846626,-0.3847405168698649,0.39301781601695,1
-0.9369221110721804,0.6554100699036137,-0.7486011036085104,-0.8115132211805935,-0.9805576652808017,-0.7128960575994361,0.573748819851516,0.3090089766508364,0.2968481057383888,0.5644972458227191,1
-0.9442706004373587,0.5179461774231867,0.94932745017034,0.6600685305651225,-0.049396920050884925,-0.5907593817772843,-1.117092889397217,-0.22307657149835883,0.9554843902017596,1.4220118476965817,0
-0.7275212508545039,0.22641983526200565,-0.8289357282021943,-0.7025147614061574,-0.7524218374153625,-0.9359102314041778,0.3681496475656644,-0.46665708133433276,0.6743443938131688,0.844804581905577,1
2.0654861372867295,-0.5240694201011481,-0.19681459852310887,0.5469735407162749,2.6476411966745768,-1.6573316467935832,-0.4646486826456687,-1.3153966489405313,-0.617138546016244,0.4744842563246476,1
0.1360612935062583,2.7347220680651043,-0.7247466895798269,1.0575266332170254,-1.3795883409555718,0.44445768094577126,-1.475185824516571,0.05441421983433151,0.9673913111222853,0.18393887774860687,1
0.20181386383006028,-0.34408047191205804,-0.6302720004061236,-2.4574623332313315,0.2690837295860828,0.9295010312012143,-0.8854538622095302,-2.3273881654402695,-0.28854323368026663,-0.06895188860759359,1
1.2707549044789055,0.5732667698824925,-0.4734376065537754,-0.7945584174164917,0.31266769812927653,0.32146239516738717,-0.8598705922750521,0.5432261076938097,-1.3337414965209629,0.028510023551370264,0
-1.0034745347115275,0.1918011993362733,-0.7494823318357942,0.7097177755092496,0.7065242510745999,-0.24040953763732587,-0.14153325880548187,1.5828752142474685,-0.3036564425035366,0.41712217042576233,1
-0.7323378102483927,0.5338752201638095,-0.5841827850151473,-0.2519995270668142,0.21295656721036293,-0.09738772175983276,-1.550077946880161,1.1496355003893737,-0.4888930246400506,-0.2700012977107505,1
-0.6479921130452116,0.14259804246315522,0.17603121588817747,0.35658838500266477,0.80484095522081,-0.2286166611291175,0.6262103589277587,0.2115500279785884,1.3300665035566959,-0.03551103978335736,1
-0.7855214383236936,-0.8295259483463495,1.7411976130876488,-1.5640072716564297,0.23344148850685795,-1.1452728092684343,0.300832638738873,-1.0515210775075845,-0.796434444273476,-0.2831098335078127,0
1.7347311831934773,0.24350121915887402,0.43469733219864604,1.1019160881575136,-1.146634233338214,-0.28294051382441543,1.8070878592081654,0.14876961891457946,0.8045141078331908,0.3881105950247619,0
-0.44615385943239716,-1.214230449042842,-0.18032841398594782,-0.5592725022794671,0.6499600916997692,1.2285240564408082,1.089424511184675,0.40208705782088444,0.5676955320805135,-1.3694302653967365,1
-1.2399203282859266,2.140719635848265,-0.6186647582175671,0.8892250715575287,-2.605700861585102,2.329746955704866,0.6599884531763286,-0.5565852963096805,1.1859351294473288,-0.33387766420940346,0
-0.29178644639701495,1.3568188596698891,-0.5532883784963428,-0.5831601684906147,1.4937649093966339,-0.8582430082385978,0.043879192835943,0.43804468442489847,-2.5783568477287164,2.553615852887754,0
-0.6601392708428152,0.5146796450521871,-2.0150573279783663,-0.18181804005855084,-0.46423324324248544,-0.254098810818446,-0.015411234188927828,0.04807191494792202,-0.9328086704207674,1.1828834911911206,0
-1.0917976649357448,0.3248884222147333,0.5384305334458109,0.6034248599776106,1.1318893930082357,-0.2272607098702134,-1.035767342780931,-0.6927271359672863,0.04009985509577285,-0.3107593970101301,1
0.5648569127221107,0.7496886609970755,0.023740263110672254,0.09858219421416514,0.5271894154308724,0.2036045990744425,-1.4562300435604574,-0.771065635104893,0.3201338753482628,1.207876854567911,1
-1.9445402822954807,-0.5426344721669722,0.7505748472240893,-0.9905989022537757,0.7172710627951299,1.545357261916965,-0.3097549730974644,-0.43125998731715176,-0.7522050868094982,-0.3050299826561614,0
0.26393122365044175,-0.9077853251360676,0.4520339894673094,-0.8679324738961399,0.47189185278225015,0.7329126289213146,-1.5510181176090414,-0.04935975692531068,-0.9539311423310569,0.3080193380708224,1
1.5387536595031532,-1.8344258214845997,-1.0138704208435065,-0.8141746791095106,0.28451630335357847,1.770704359138342,-0.4656146933047815,0.18537953139362964,-0.7549546176269036,1.7172925462113482,0
2.397073067233959,-2.189700557749177,1.1377186028797117,-0.3340412253086438,-0.04147364381361187,-0.26996286682356424,1.8460663422571821,-1.0143996698639963,-1.1752499379217989,-1.0512717514731422,0
1.5562083709832442,0.8300700962365736,-0.1439432249240246,1.2407792072976012,0.18996192530594477,0.8376589788424883,-0.3172327937403004,-1.159398372525735,0.9313254950860813,0.1560176157653029,1
-0.20268282272443056,2.114972180111325,-1.69003162724298,0.44049371657989483,-1.2800052597404725,-1.4994130037135878,1.2177978414468194,2.81426142828748,0.9767140460500209,2.0546767766314815,1
-0.1089062616381093,-0.36828110384225976,-0.6657505044290386,1.0128242086623986,0.3564615639874549,0.7881556075343764,2.0991202767301065,1.2490772687157963,1.2093497797022432,-1.6227057514565462,1
1.1352016674683758,1.9408210391643,0.5175192995768011,-1.1057130379623024,-1.4403255451221246,-0.4014255402710881,-0.5317779356616855,-0.23231055106020515,-0.7707488002672274,-0.9183207148072463,1
1.0097935422904265,-0.8419015179841862,0.635878414998438,-1.011087512768654,-0.8306726254819148,-0.33231538647700093,-1.2279356842375762,0.5279191696529341,-0.3814532451177506,0.7116521330342632,1
-0.9134206948382958,1.689279695660335,1.2835600227118114,-0.6936430750847972,-2.753994396238093,-0.21958805060449438,0.5918511156484865,-2.227818822153256,-1.0678616987350222,-0.5454962797487478,1
-2.2292589330885986,-0.35241187715519434,0.5063944006142317,-1.3785291395756158,-1.9474285710715904,1.1169465801929757,0.47842864486558856,0.638331703646564,0.8078661285273334,-1.342284513802046,1
-0.46273031364217426,-0.12169176759295995,-2.145886797926322,-0.8744047415265287,-1.074737006265755,-0.2522009120359918,-0.4270611372646378,0.44453817353625236,1.4507163221953492,-1.642318207994921,1
1.6282076357873105,-0.15487598945340703,-1.2164765422632617,1.780490395053771,2.589877868548123,-2.0072103626355946,-0.1407562653991164,0.31620249281094676,1.5097536898751833,0.10608069701735864,1
-0.0758997670485449,2.4725130171322265,0.3817537835356737,2.4131597100362767,0.6996624281545346,-0.011025894204897916,-0.08288552702977135,0.39082706798679884,1.0708156507053745,2.32693120713518,1
-1.3945327153213618,0.3679205193485643,-1.0530339481204714,1.4276041126743937,1.3798450728483582,-1.2230559606113716,-0.7298241796140613,-0.20279411160417146,-0.33178415422272034,0.1020019507148758,1
-0.7799983027126963,-0.40139670771987895,0.5633825171229135,-1.758388618316201,0.35862698661410064,0.8971683488788558,-0.2508850853037745,0.7940070914471403,-0.2145250987409742,-1.8492777693643365,0
0.6986307702990094,-1.2854017963577087,0.22127375522211182,-0.2706745667995446,1.460808296875069,-1.2092035977870064,0.03089862106518476,-0.6351819149565319,-0.9994542968451333,-1.6046629272708333,0
0.4729134646484038,1.624561836467517,1.1111065417758506,0.004186466395428423,1.2975252145624443,-1.1049394627577118,-0.8388011689033451,-0.7174997744271275,0.8995737454583695,-0.929837387841901,0
-0.2724518087709634,-0.06673601881932618,-1.4404514336967367,0.7767114785686029,-0.08320813580903193,-0.04813510292109762,1.2944155056075937,-0.7229137351493592,-1.2875354697588797,0.7747526791293199,1
0.18479275551351085,0.32899969445642957,1.55389897710243,0.8339347603393129,0.8551818807626304,-0.5985011016492612,0.07624759046297848,-2.070929626626636,1.4719270085636929,-0.8686662142755075,0
-0.3389835320929106,-0.28519943718191715,0.7638689341317615,-0.2611857652932477,0.9301204187114896,0.38943710308714835,0.20394721781105007,0.031027131166737786,0.2746338387030486,-0.18703011832924185,0
-0.14231230753550203,1.0150680787154869,1.8399496305574063,-0.2761569889626168,-0.6155438260540863,-1.2717185188238416,-1.3570431433091281,-0.08899637935994086,0.2379719772184259,1.0837898683607932,0
-1.44904592785806,-0.600344327643504,-0.12239760192074262,0.3149699684858174,-0.9860168730861323,0.6035972526739923,2.4077983236465594,1.126714400915266,-1.0201904092571163,0.09979158166875861,1
-1.3227165003614927,-0.22476104884445314,-1.1225959076401466,-0.6589853855852079,-0.8007620138292311,0.4255410412406791,-0.962243233355043,-1.4470008725475805,1.2793937807889495,1.2707586134794056,1
-0.7109024225989671,-1.5619454906072574,-0.5176751911592269,2.8199076341977842,-1.1539059461634655,0.1524555092659021,0.2345460837039892,0.20008964068942484,-0.3873118542400943,-0.7701436029180514,0
-0.606184110109761,0.5183963822937636,-0.07722387609603937,0.8360445316992773,0.8927940987322213,1.3350656696288996,0.7665734475461266,-0.7644531978202432,0.47650936330069077,-1.7971175219281894,1
-1.0722422723792842,0.17884920877518767,-1.4471843179934936,-0.3853296224729447,0.44264517581567886,-0.28613028536037605,0.7770989847887418,-2.810918957268837,0.6978474062384731,0.9537522188116944,1
0.5454540297228883,-0.45540169600100905,0.27349194096620183,0.9616612401464677,-1.3428495666797662,1.6503135489339864,-1.2996057778915726,-1.5769145837821026,-0.8861824648853276,0.4949452794416948,0
0.5391724452767099,0.29544075938586684,0.4954651462980266,-1.1775981009866925,0.12034531941478628,-1.0314144051636638,-1.9978767195822502,-0.9531038954686568,0.5546228770731523,0.0731966440419741,1
1.1988239385167685,0.5438110446247724,-0.9673176589117976,0.2627713356587547,-1.1560563106474135,-0.08013049022826443,-0.657532147934541,-1.1943984214222525,0.3996048189287571,0.007946339710473902,1
-0.07684033970519674,0.24107892253465105,1.0311333720043023,0.02527309482094958,0.692459050173372,0.15513952595121497,1.2265004679352367,0.25269606493459484,-1.3797247897029166,-1.877435311302454,0
-0.6933878511104847,-1.4415215016608294,0.7692704911755667,-1.5072198355746929,0.48868156524267714,0.1553396539084507,-0.7042064353904792,-2.2397147270107434,0.5883063077471953,-0.07164014313449925,0
-0.9469760525902353,0.2502178683621191,-0.9657098742166961,0.45599002483154943,0.6671553490177339,0.5620102348996763,-1.550613331042651,-0.3419642756493722,-0.14407788917215533,0.24029953830323006,1
-2.268619962246101,0.5222957480920298,-1.9149281734948693,0.8007497967004472,-2.2155766975167315,-1.308474115465252,-0.5457492268432188,-0.2862147411577999,0.11182275678861449,-0.4456656368082187,0
0.21359010083019977,-0.6034812400286401,1.5131919871782225,-1.0503609441989472,0.6459636436788324,-1.92267999893307,0.302737308195365,0.20483727924787923,-2.1096824959550307,1.3238745881097658,0
-1.265057694018798,-1.590448585076191,1.8264840423763606,-1.0030501527340328,-0.07121407145719208,0.5557807178316404,-0.021070439928612572,-1.002752773864165,-0.019283470817559323,-0.7960425919965839,0
0.9636968648987307,-0.33384317523740825,0.7567003661586531,0.7837128784106443,1.1255654023966972,0.651919327242476,1.5875663726782925,0.6279765067823169,1.9009441406369942,-0.7661422236946692,1
0.5183435151558969,-0.12214358859249375,-0.02095822991115248,0.11280789406053086,-1.4326649934111122,-1.0726736590356958,1.134367560906812,0.8057610864645552,0.3671978142897888,0.22698820501434264,0
0.5900261263151266,-1.1820949222971797,-1.178975896658459,-1.0648942636655059,-0.6526325741076384,-0.9069581240714126,-1.6837674024969136,-0.7735138925353549,-1.7064206138110047,-0.0912744230250341,1
1.1311811909202247,0.5486006434913371,0.565624733052791,1.4857271150773756,0.488429267681205,-0.5864388403843781,-0.21455170267500023,0.5348328031431303,0.9393997886487169,-0.23707932536140094,1
-0.1090739625676252,0.20734902788956122,1.2193532551041886,0.25707672516032043,-0.20045977763241055,-0.5042128159941563,-0.4778059407657202,-0.16568236734369685,-0.06712543565419991,-0.3892686739552063,0
-0.05816611715256052,-0.40800572079704767,0.28262159055981007,-0.3905628540405379,-0.13256540194324457,-0.18667787205586744,0.5905482262692926,1.4734823360978715,-2.046460935350562,-0.002603977015608755,0
-0.8425159924738271,-0.9847091574385742,-0.18766385053728113,0.4776799420315086,0.5178001413289276,0.08604844544494654,0.7917886049825001,-1.5281564596259438,0.08975115001522975,0.1522797122288247,0
-0.7529456042925735,-0.05325385960763708,-0.5931603309380917,-0.4558351318211669,2.503713546833672,-1.0269395825592749,1.7612070396364892,0.22273610209566913,-0.5623480387652708,2.112666808801489,1
-0.48256531456153773,-0.542557289278743,0.22514518786077595,0.01689444133412531,-0.30176617166128705,0.9821959351344728,0.49321105095236045,1.0921181078100506,-0.7696036358035946,-1.2659151513374953,1
0.5245478462345327,0.09498250661407558,1.709284945735708,-0.36262884758188196,0.06743204078346297,1.2237465964435057,-0.5746301357426418,-0.16714221113801603,-0.4941291363440545,0.26812241258156877,0
-0.2645836803644654,1.8399714829058864,1.4732244673677761,0.5652334493611834,2.0526147582424676,-1.9042801375714187,0.5225998612235028,-0.14695867789316983,-0.6025146862396162,-0.598472691914614,1
0.3530051834614323,0.29505979145211914,-0.38130946655205095,-1.5035812219390507,-0.5897792005238489,-1.8840391095594917,0.010548430482986218,2.280205547005377,0.6730916973140377,0.7388989209541896,1
0.2238241190906629,-2.042499754030473,-0.5706486803502027,2.691183923336295,0.02042685045410772,0.8851203671428441,0.4765034321199638,-0.24509605553609928,1.2996901516980672,0.09792582519050594,0
-0.37219899010144253,0.17774789041522038,1.8922686207919008,0.08232654879433846,1.0606505933391788,-0.9769825553250541,-0.054665397810476565,-1.9402041032228916,-0.29725787875435206,-0.94757343607267,0
2.6474189892831026,-0.9811605302559214,-0.07025913864657889,0.7700576179578281,-0.3901664672524391,0.7104011782482413,-2.329032020685893,-0.49909691632594283,0.13830874351410335,2.7207715382205304,1
0.1332902420274303,0.5794306891279211,-0.1984645793887397,-0.19746261726843023,0.5756011715923564,-1.5783738439044706,-0.480034848698519,-1.8087763216217831,0.3515509192586236,0.7639317951909478,1
0.8100978673990902,1.0475864823232,0.8793549644413603,-0.6644065727778787,-2.069792823854307,-1.1621856209598906,-1.0194845974040088,0.7488308794352886,-1.3811199151337017,-0.20749157851405034,1
-2.066453723784956,0.35384034605852205,1.8423575600869702,-0.3481715616670139,0.10076725420128058,-0.15832099272288175,-0.4738753841397438,-1.1105602949893014,0.8889323674595903,-0.6417900166723457,0
-0.3284080793917298,1.7583556507338916,0.4389061264157177,-0.15522471302753557,-0.6506786565039372,1.3555870005454447,-0.059529617874641685,0.016921613029097806,-1.2343760614103512,-1.7086202066611433,1
0.2854489945462638,1.3239304992040541,-0.5015072552366079,-0.8805854360258659,1.372925522982589,1.0042781511115375,0.9727765763302447,-0.6460378946927665,-0.16800244813266477,0.09416555719769765,0
0.9127282586749043,1.7223972327686636,-1.1867017747214637,-0.8052075881828131,0.8745343008141894,-1.3152562330477853,0.9271281476523912,-1.7269171373131658,0.42880699216646034,-0.808165122370957,1
-0.8853951972314839,-1.6114291773243108,-0.8649518942401881,-1.1161556656902292,0.4782381237730521,1.0829857146067412,0.7469119221152566,0.6092168088900115,-0.008465992992479429,-0.2614566717369549,0
0.662893215100046,0.7811876559567983,-1.2007065009009998,0.6933407947688037,0.30282453869857023,-0.3031477346351193,0.08184405505321461,-1.4835969759269831,0.2987881562805558,-0.04460282516756455,0
-1.548077411041423,-1.943568898471209,-0.6635511337281934,-0.25452208281281885,-1.1850105966958722,0.8041216463635853,-0.14787744133489217,-0.36168705796038325,0.7772918838381985,-1.7906448222723934,0
-0.5558744255462802,1.7975728050475188,-1.4324201984621492,0.4842804471679413,0.31246335836549793,-0.981616660983938,-0.5207607417581456,-1.3218103142199245,1.3045262502010508,-0.961597585244991,1
-0.20939878024355807,-0.2874425533098609,-0.7722035972384304,-0.49578445261213927,-0.3525779397592731,-0.7001318216748875,-2.0404656226840125,1.2227633836229368,-1.4709685100177194,-0.104324197860949,1
1.8398709351830922,-0.01667833844315343,-0.8546919975363337,0.43631693659620324,-1.439513357726672,0.9270265576529608,-0.16525161657267853,1.4920072959116455,-0.6835982876443725,0.24771079257140516,1
-0.012035767922212968,-1.6125403234856799,0.6882608903572297,1.1314123105331726,-0.17050972869915137,0.9323223460864423,-0.6970980882373636,-1.689611243510808,-0.5614043118101231,0.6944186171296631,0
1.544249561568332,0.5182024680825486,0.20278896420106904,1.024608665268313,1.0504719841187666,-0.9632319658992874,0.09591839212447202,1.414987925702393,1.3535933045703579,1.7343385884543632,1
-2.185153803257982,0.8290558829961522,-1.0689290236401585,0.036020263062874744,-0.5075641628484874,-0.3127662092913926,0.4928578621441277,-0.30320606442083453,0.23951418391844245,0.5816584506003489,1
-0.9052536407792096,0.7413309178765323,-0.8560972340044198,0.6796885131282481,-0.23360351594124779,0.7923419996196369,-0.24800396169306144,-0.5725596124312812,1.937248689134734,-1.6863954288355711,0
0.21306591909620448,-1.5378931704299477,0.2433121996176251,0.35890998726974144,1.6382042067578486,0.3536937878401673,1.318089313928051,-0.12443791852776763,0.11774697570649212,0.02871262718657969,1
-0.9657156624472774,-0.362006277249694,0.7208648410099678,-1.4226899094997554,-1.4702319077442678,-0.4169604478365248,-0.1078298165735197,-1.1762598005607743,-1.710388800209368,-2.016082187287728,1
1.0094897718684082,-1.103255160475914,-0.14605438477883628,0.47430212858152954,-0.2714015855249297,0.8161885961309253,-0.015330688913143969,-0.9648588988141527,-0.14135536476270333,-2.7826141100302224,0
-1.0122112207459872,-0.43432765000649476,-0.6566615671481895,-1.605687525535615,-1.3379612101997758,0.026185773811246964,-2.0053539052346134,-1.1065582929163005,0.2698001749208536,-0.02661847477087028,1
0.9050528629328798,-1.0682041983192245,0.9803886396021556,-2.48304129477194,-1.2057607663606256,-0.2832363944311681,-0.125268443514992,-0.3833629238016473,0.39570076976598273,0.861191021646939,1
-0.9129893226159165,-1.8433302877699238,1.3510365472527521,0.4111752825799099,0.6473492400839371,0.9201622087018443,0.8480846821486216,0.6028713165417118,-0.013213162064681563,0.05201866108444987,0
-0.45036832301510676,-0.27274824801804165,0.12826796931738418,-1.27459459029864,-0.4280297864715956,-0.7096204170012703,-0.3340725207744987,0.60041360105914,0.11893768815143445,-0.928659909516478,1
1.0407174952822522,0.3488053490863389,-0.7030796224239717,1.2803426266947509,-0.5634832693477506,-0.8817348162043599,0.4060157998249696,0.897685405591141,-0.9128773493001945,0.1105437883663422,1
-0.7555250892846609,-0.8600943494291856,-1.9397597079920255,-0.5010294470869582,-0.05350399155936366,0.8627012888516764,0.060036913703460405,0.7779434384449799,-0.24172279834711727,1.353425314947342,1
0.42441824827810354,-0.34606254157301014,-0.7904159167824517,-0.6314270613999011,0.8624058145847778,0.9344327498692986,0.16381096561084577,1.2637310930098384,0.7455135396112103,1.2974109979208341,0
0.06644430233106957,0.1419471025452551,0.07621536928306112,-0.6785114038144915,-0.9501604093942799,-1.77339531879797,-0.1934211327141587,0.057991562548548134,-1.1260912508295626,0.9220382138749209,1
-0.08799540550164092,0.09826733603966904,1.2094226114816977,-0.7068651186967935,-1.5106058879333195,0.7695561700668361,-1.1997426907748776,0.525735610880449,-0.3393809040454055,0.5868210182615501,1
1.954430088902813,0.13537551720562466,1.0164517376884759,-0.28005061744658527,-2.18399184239918,1.5073821643379366,0.573753416072831,1.384753670877492,-1.4577333973094941,-0.3239469698548404,1
0.5679433816499357,-0.21823473396034013,1.9617740736444964,-0.1777747116078813,0.17936204011130033,-0.10407916403116595,0.2176146104003808,-0.2680505384656548,-1.8309187913022305,0.5169905179814025,0
-0.1016379743818435,0.3807530101111061,-0.6777760514001188,1.410977054488622,-1.2998350276710988,-0.14096709017956038,0.7092007027363296,0.01274589162124535,-2.1513062088000963,0.3047542571020202,0
0.0692509618345264,0.2387255314389622,1.3072659643062923,0.46393123229275557,-2.038694707932714,-0.4209221681267066,0.6359959069915475,-0.14882169498622547,-0.6306792982035642,-0.7702628462019182,0
-1.1616019467282765,0.13454766011679728,-0.3209871197239447,-0.853725894891745,-1.0479715504602383,0.35291972515091546,-0.038180509062154255,0.5102443645777235,0.5717993556220133,-0.4113695637430258,1
0.32702615652721884,1.6397105994939052,-0.6303340866750349,0.9692921404144865,-0.10029381079401457,-0.25983089747425986,-0.9856954449048512,1.0714918792151427,0.6467408345870898,0.871316109132395,1
0.5673334205644196,-0.614485139414611,-0.10216974805535212,-0.33960730626217467,-0.42577371407978476,2.2532470961314424,0.07293118511755745,1.17214556708263,-0.7421283886864948,-0.9698452266938881,0
0.9015922583874204,-1.3590305596230507,-1.5439432364178383,-0.17225781195207138,-0.48709448069526046,0.5344968467846531,-1.5719176707246059,-0.40452955556706127,0.4672148636426138,0.11416208117170025,1
1.8771428706377922,-0.5872785126160613,0.14377439893094646,0.735367316551972,1.6198963494595437,0.36654287985087824,1.500993836439813,-0.75317427472899,0.08646545637810449,1.304189043738735,1
0.4306132751340653,-1.9435556958049454,-1.0428030904150372,0.2742342926567133,0.3189244212705012,-1.0401282256316442,-0.07974733108585311,-1.4098581198270081,0.14874739839081208,0.024984581866564094,0
-1.190784254860191,-0.21788449197404788,-0.18584614159460636,-1.43971622862043,2.470511401629137,-1.0799936977764437,-0.06508282263424196,1.7000972392636722,-0.414777394506903,-1.135641181920511,0
0.2262121311410064,-0.9752585589861398,-0.41231397008039317,0.2567929821341502,-1.1370972957407584,-0.06498023776777642,0.7907350216921835,1.8133014251877868,-0.8864528836486029,0.5839247899293983,0
-0.5693165703158743,0.1843759532156277,0.9949707776250813,1.2586269070881926,-0.5271279798347696,-1.0324716304278758,-1.097283410421998,-0.9047693113016355,-0.4487419006402016,1.3114819438379126,0
-0.7322607097367665,0.11425073663180842,0.33310830572758227,-0.5196787896726031,1.0533437204229221,-0.7345304975380783,-1.1182892240959406,-0.8067439444679024,-1.3926244322297021,-0.7192889600015044,0
-0.711741585516688,0.8443467794344975,0.864816298314554,2.567575334748187,0.9484743697402706,0.48272247170881716,-0.6605072931085987,1.5137303722796018,1.3500930221586083,0.17697292104390538,1
0.05687216122626013,-0.17082205638355702,-1.8103339203958246,-1.2029808403090267,1.7891834702245595,-0.04499249369717004,-0.7201169087580512,0.4179928185209308,-0.38567268348593137,-0.7388434375922875,0
-0.8234988716333305,-0.30948092562896473,-0.7409164972132832,-1.441157287722309,-0.9676922532899956,-0.511598768619491,1.8959014066917472,-0.4051026388113374,-1.0941302617493642,-0.013192791345580589,1
0.30663585257868975,0.4542808191914004,-0.5559178721456955,0.562653030714727,1.0676735669727062,-0.29396666343413924,-0.45098608550998853,1.2657191737832663,1.5312495722339805,-0.0446984009174664,1
-1.8338737352874381,0.3060751549116735,0.6134614138179562,0.28527840201933075,-0.532244326262086,-0.2882088065449997,1.0480664966647866,-1.5172074422305408,0.9463299266098171,0.3503118293662379,0
-2.89224040536514,0.6761459549434247,-0.2869226111473509,-1.605416116940595,1.9989106811487594,0.1384158666096904,-0.4686452558263756,-0.6853647230881365,0.7344762905575223,-0.3156194966138621,0
-0.15859132011071364,0.8564699279454369,-0.6375144860454102,-0.3137514819650694,-1.7191863601105428,0.4110610561076185,-0.1789060105301107,-0.6759637910240962,-1.518706938860858,-0.5188828367742712,1
-1.5316018230959503,-0.20909371912166236,-0.5946796265841042,0.28840266167731926,2.378769763017889,-1.438167442465989,0.3441478435367561,1.9572995908271196,-1.1703676901377174,1.0767827663657097,1
-0.5779462669917929,0.665785498633312,2.114005645345674,-1.5645051152669296,-0.7362099022873222,0.4450397239216528,0.06531730551833154,-1.5005361280224971,0.7607359118256889,0.6153782822417774,0
-1.9059055368464786,0.3217034422101787,-1.181289996847335,-0.8753148828523242,-0.17144516781100716,-0.11225416264786396,-1.2144657318363457,-0.7798707003208659,0.19472607980862586,-0.7915820023865398,1
-2.008942616762241,0.4943824186678361,0.15085282765730573,-1.4564212786978645,1.9019272400089542,0.3253488083714235,0.296680415688413,-0.03190776344687813,-0.16154123398115602,0.04666052888314059,0
0.23889598302964352,-0.5947936852906712,-2.883730438065622,-0.2710466372657011,0.3875667625458926,0.7132621988453308,-0.5621958087997053,-0.8264027633769097,-0.9781385165461617,-0.016347141765274457,1
-0.5084528851522548,-1.1187462934276506,-1.1192537222617476,0.127102965800425,-0.8313196349927529,0.47032300457307313,-0.10939770399333831,-0.756145066301578,-0.7004960622524967,0.43318399691952875,1
-0.04826170379593097,-1.0976119097046964,-0.23979661136712116,0.8095506060632216,0.8743761951458813,1.072558348524331,0.5521499775709101,-0.20467480347170786,-1.7570518959099715,-2.0022992071588632,1
-0.03502705018890768,-0.27444347957018306,1.05907848817747,1.891959044842051,0.22343101005545446,-0.7984808036064224,-0.5838628227770618,2.9406642861308376,1.6468156207643954,0.5899908330644467,0
-0.7273069057149364,-1.4599709537448777,-0.6876187989450228,0.008731038184295622,-0.8274289166893659,1.3143928793775979,1.3061691358948138,-0.40797451935247925,-0.0922748932758452,0.11697864436926302,1
1.5183620699261768,-0.07670617897725707,0.34997218112817197,0.2652899759207638,-1.0727978480946507,-1.1075593169304696,-0.008959640067695302,-0.7225475547801666,1.3681825293065641,-0.8036452805391803,0
0.36102541634537905,0.5397480768896284,-0.2724380405141381,-0.6333595021746474,0.7036806930550376,-0.27010543613929106,-1.4264518150258374,0.5710032794205533,-0.7254390581580008,-0.19802312334541844,1
2.576977679031155,0.39088606986927693,-0.18151912940746895,-0.6633206480590471,-0.3413695656005904,0.8629255134270676,-1.2159718961699413,0.12552943756383858,0.4568748151338169,-0.1970559278893379,1
1.5873212424728582,-0.8810036123482284,1.4007536572250008,-1.5432702119332717,1.8197151790359816,-1.8230351805633027,0.5767277968997007,-0.12195321648184583,-0.28715620204396697,-0.28049669536797234,0
0.687677616154882,-0.5130851371053993,-0.5649151769300904,-1.7669320557784547,-1.9045802635535634,0.5317339330383888,-1.05636818811771,-0.4394360524170146,1.9564522145687713,-1.3667511082633634,1
-0.018212347104613166,-1.2452219420652897,0.21905490740933414,0.43038239797812455,-0.9828131651401433,0.8040453312606262,-0.05474421010175987,-0.07857363303547235,-0.7087676005286935,0.08399741918439331,0
-0.5895820679190702,-1.3947611590235895,-0.3691726071103826,-0.46175427663081836,-1.6409021775095132,0.07078660700289127,-0.7421078856116912,0.653968925580196,-0.8189497721170231,-0.49563141260330384,0
-0.7301662802248373,1.5806695869774903,-2.0921637637900363,1.399921144254818,1.5837432468618453,0.903965151312222,1.1800188146092347,0.12343371369065065,0.5431498869939289,0.21864484943769663,1
0.13438281144361666,-0.0006720379849098784,-1.077804250737976,-2.0388640224557113,0.07284021251237921,1.2778808965488713,-0.1090445092763792,-0.8643943751845375,0.851254154460452,-0.7213939331911966,1
0.9715535632493052,-0.08369416433756069,0.6317860891851022,-0.5858185430855745,-0.5816664608121738,-0.610248813170469,0.22216697625058748,0.08202372730040644,1.5159475930006021,-0.17761409248667281,0
-1.0583794427218747,1.3675180294726665,-0.46675757953711144,1.271045643495208,0.7480059521509215,0.23236207590844762,1.5489652550024744,-1.6721004797114072,0.9062019334149864,-0.8834896590876551,1
-0.02860552628379647,-1.5820542590986817,-1.5458142887641484,0.5704310082584367,0.17633003566404848,-0.6472067834649007,0.21711705251518962,-0.12050495932913016,-0.2904168660220359,-2.049717659925725,0
-1.2522775141080984,-0.18275779202562703,-0.34720359315039184,0.3612801691339149,1.7649775857856256,-1.8730172905658593,-1.6035056906335865,1.1086471847968622,-0.3906950621883442,-0.9449347292064194,1
0.10659762229930982,2.9492855374096734,0.054224861425900175,0.4788826908337705,0.11566538410186453,-0.5978579399951386,1.5746997294821743,1.9755254724727618,-1.4362673806348993,-1.8355938064699997,1
0.5422573331869172,0.9639575319355081,-2.338956467062469,-0.40060452019968934,0.49473279104055706,1.4582212803560806,2.1369937243891757,0.11325710000390604,1.9721225135990563,-0.7290773701401545,1
0.9912188508026412,0.1574353015012195,0.3028922339136003,0.22893481911605904,1.1566884050179798,1.8898824371864427,-0.7207520950350033,-0.3608263221330381,-1.104333640487319,-3.0757074169067713,0
0.2872129861981349,-0.7690873631719648,0.9646405729486569,-1.1562883682188425,-1.0752295416730866,0.41169722069715564,0.1684991685634806,1.1444010073479305,0.34226094234983007,-0.46542066046792346,1
-0.6359698186412605,-1.1812334748461104,0.4736993181874186,1.133447419015704,-0.5279210247852492,0.0700173645247625,-0.22682509046804558,-0.00928488811062393,-0.25914918691767114,0.7888348887053979,0
-0.3785028025591672,0.3535715383323811,-0.5336459552515023,0.1973697967260356,0.005123131421545655,0.5931810226426177,0.06179249863432849,1.9561501304452062,1.5153060507974656,-0.4709702504360874,1
0.01632286834064877,0.956346932713027,0.17565929597975372,-0.3144722455368164,-0.25817599341172814,-0.7969011015370357,-1.5327459883798449,-0.24783765363783344,2.3659444965760983,-0.9879020952726351,1
-0.20958795245614859,-1.5133217667667775,1.5927494431570441,-0.6644215005432196,0.17602871851570112,-0.23200208618743434,-0.3516434586179151,-0.09413620401471813,-0.31992006509305265,0.8106572658421936,0
0.3214442712943701,0.7881870169027756,-1.0451012166365874,0.2602408153740827,-0.32895483981010215,0.4989016365186459,-0.6751272026971931,-0.26051333625794815,-0.002180715678539719,1.0101274680748922,1
0.23351936921649144,1.04824906045827,-0.16057434224098666,1.4133322198728497,1.2339188513065202,1.7695411430462074,0.04946596634318726,0.31042790874270604,-0.25349450915823896,-0.08927294771547857,1
1.0149522887472011,1.5746553894223603,0.10943621735141401,-0.9801253186465402,0.39171749835738245,-0.8797208420810584,-0.011122110427248456,-0.4391634527099853,1.5428325407176626,0.797990228087329,0
-1.365343241823016,1.0170253989547804,-1.1829168191064703,0.11174787960266515,-1.1176152662525725,-0.3930518329551706,0.01165510832772308,0.8141507186251805,0.7192327170752411,-0.7332345834176889,1
0.27653105409089324,1.9496533307886716,-1.8488067570730307,-0.929767872746894,-0.22723305643787453,1.232347712780838,-0.4580316955277177,-0.09279418101250143,-0.9182792290820511,0.2537642588478423,1
-0.9552158838227957,0.37024531375609704,-1.0668611439289608,0.6371777194686526,1.7112023064348805,-1.753863731727983,-0.3593628892744017,-0.5083004796918649,0.6321885281295446,0.571595032129116,1
-0.2605126207976518,1.0010282763901057,0.48162835049875424,0.4255286598183147,-0.8564867541445508,-0.23378145877789544,-1.8862436347207971,-0.564048203086387,-1.3758837023031525,-0.7928882403225028,1
-1.3274909827312888,-0.14302139975791656,-0.38585088908351173,-0.001074767133598399,0.9515378629816534,-1.1124027720702823,-0.36463869926146486,0.6901990754560869,0.15951538388472766,0.8657943868088042,1
0.03730765585464991,-0.044862191434083064,0.7407983751780983,-0.4674239417799792,-1.3700175254082163,-2.9336869738027596,0.5261845570472659,0.5665343525206199,-1.211931906488231,-0.2122815488543478,1
-1.4526406739111428,1.0771401217547978,0.07047790903175123,1.10018175276202,0.6077233198545922,-1.1036168850403976,-3.0300551772549484,0.39560085304437703,-0.9868272437118889,1.6073587467436248,1
-0.8276017374999237,-1.3833498058301037,-0.5220810314858474,-0.36001120873927156,0.24399211847151137,-0.42300650557337977,0.6064894657529576,-0.31035667014495405,0.40474693510119325,-0.8001655193412596,0
2.2921936458109897,0.0025279239646442556,-0.30137288266731044,-1.0328414853254708,0.5805792939489636,1.2007044978496864,-0.14484717339783695,1.1186684761422587,2.0790752092639786,-1.0842328010468307,0
0.6278876784461687,0.5763136382397881,-0.6666002674362971,-0.08413858918337898,-0.17567464975869782,0.7237776589932677,-0.8389666681266642,0.4517221158547131,0.3332464768720559,2.758419534885154,1
0.9527052435093047,1.433803197924469,-1.5607598684986397,1.05796219039752,1.235751613598738,1.377848604804877,1.0870281631255942,0.64346249254577,-2.2569738474467504,-1.8700080077895853,1
-0.8296277386100398,0.8030227398150132,0.897464528633541,-2.7079167670733635,1.5255943408340638,0.8132594294407255,-0.5899733019193296,-0.4648392721874404,0.026038696446944985,-0.4168320506203569,0
1.1604663708722944,-0.10702764324001715,0.49912316755687997,0.46921967260449965,-0.1304548476848545,-1.0835335037956424,0.29698638963619417,1.0156301415848923,-0.5956096425674082,0.31137361630779226,0
-0.3115251054922687,0.2507251848199401,0.12054627724308109,1.0901077032075057,0.6426995894409823,0.7703134250126431,0.36204675164827593,-2.1294510893222984,1.4235445721500994,1.0763923572844516,0
-0.5393910228200474,-0.7448139907375828,0.47049261914201107,-2.15513935128698,-1.6911207690090926,0.22989278574668984,-0.14550696454399012,-1.4207674708030418,0.8486296720122033,0.19950243294886935,1
0.540432755366913,1.4801376315014358,-0.48059449402327925,-2.181359336839668,0.41180989594059364,-0.26008003191064416,1.8156889060203338,1.216416144259646,1.669494615281348,0.6637162853565272,1
0.1406950564673274,-0.521249070582926,-1.19031733463992,-0.11865151519591699,0.01056344343516304,0.16129646085794236,0.3215051509875514,-0.5413459098184203,0.42274951613329276,0.7316660225478653,1
1.2382624131362387,1.9355886489317684,0.7107651741007313,-0.039864702725365464,0.14981245977246477,-0.5209868070142157,0.05574563807959628,-2.5271560069557935,0.1838862321353343,1.2177100391921978,0
-1.2855738604138573,0.12349185339738267,-0.5537962805296851,-0.7948278722843453,1.8018879218278974,0.646026069971349,0.8350230403039408,-0.34422528533534086,-0.4092637956377689,-0.5288973199529067,0
-0.7804341795136254,-0.1969991164078336,0.16346088438584067,-0.7961770715467805,-0.6558657470753952,-1.109992328067106,-0.07254328874102517,-0.3759236963623971,0.06317503759177096,-0.12334637991106571,1
-0.4661721263852442,-0.6581133412107176,0.10496050401054349,-0.6097011164560507,-0.8615854718369378,0.5917953129136473,-1.5029397641262185,1.0511980460980275,0.18472506541366396,1.976321535156106,1
0.096940343318409,1.3030715383083207,1.1501367433111191,0.4878217108275914,0.7428254854554942,-0.04359563606897906,0.4532912914528893,-0.27908043678767824,-0.14940002586094958,1.4524364569746782,1
-0.45823039827601697,-0.75956032947863,0.5565616347521616,0.08736172853578385,0.36674573322669773,-0.14710957727117938,0.07156011474950116,1.6720696276992573,-0.5554837434387901,0.6524282761285294,0
-0.07936631605575531,0.9259122791687571,0.6090491700148777,-0.43588811786844517,0.9937448942550707,0.062185896988230245,-1.3455629231560788,-0.4782584493446373,0.6344223006955124,0.351614800770758,1
-0.3182853136155345,-0.9894692799652777,-0.632513260808761,-0.08101601979140136,-0.8162585565710976,1.3643730546230877,0.17377916824606637,-1.110366523670576,-0.8673267712175409,-0.44079066557997404,1
0.9195436457578192,-0.23623684340347365,0.5803184139651022,-0.630346688579106,-0.4139333574351458,-0.42459258839537767,0.860140112837955,0.5436925546465807,-0.7905121371956033,-0.6961258350811002,0
-0.5611773427197669,-0.33462033041774003,-0.060656862955325866,1.4357604661484429,1.392037061218852,-0.02749265632356348,-0.35149035702500786,1.3702514992521468,0.4983675276864517,-0.4117311928931419,1
-0.4101120092081721,1.2239577433935098,1.0895413618467062,0.07124340140597626,0.2881421983633526,0.6126291081490653,0.43290441680843983,1.031458157764682,-0.8909478214767421,-1.4265944925444578,1
0.06812570823584903,-1.5668432870856983,0.04122581703700495,-1.2541238857515797,0.41236284827211656,-0.5862331215837234,-0.529758558698615,-0.9169558321662418,-1.189243779333763,-0.2631281561535758,0
-0.09891912036094928,-1.2284893624389799,0.6586131177687307,0.8178124707519571,0.45048101717301037,-0.7502234277134228,1.4681728693952845,1.2675053194875832,0.4330531613145212,0.003933819502360218,0
0.23925986087456783,0.9163491791065601,1.4414269837476597,-0.2973818659163956,0.13377317887603202,1.3441531779108415,-0.30446253417163077,-0.7128144275547872,0.7677068632755061,1.0734132604463291,0
-1.2674959941594357,1.2717942682817653,-0.007376305333465803,1.6488367925433822,-0.9012884194958318,-2.029357810233402,-1.4085893809488943,0.7575914561216447,1.3661848571459627,-0.027551930932140607,1
0.0915712442891479,1.032383087760309,0.9929573232032219,0.3141713908505298,-1.2801482190902134,-1.5030516213497425,0.25445094439468985,-1.7955522197428653,-1.7514955641923131,-0.37259570958767374,0
-0.16935301763051838,2.080616713517142,0.48410162661282996,0.8426412271114144,0.20575579361255394,0.5236149186475701,0.9754782077369579,-1.3324532211140394,0.2997398618366426,1.1101278096010243,1
-0.8856978941958283,-0.6152062076493705,-1.006348111134418,-0.3475092795383149,-1.5022403805191857,1.0147221586506616,0.7287359851339755,-0.44867718347668356,0.9906881918884334,-1.721246339531297,1
-1.645607964622266,-2.453566205304855,-2.51871608248123,0.8792379282313293,0.2864936460253651,-0.017643195818749086,0.6268195045585022,-0.6871917753516159,-0.16429827199932034,-1.6275297918996863,1
0.16979751913292426,-0.7083325520375795,0.7742923546357803,0.27399242241061667,0.8796928635624838,-1.1494457584583202,0.0804735863820177,-0.36720643153273974,2.1769028937130708,0.7080203772326445,0
-0.1378586963310319,-0.4411144809679514,-0.8713655567580202,0.7639716190422291,-0.5503252281564642,1.601116495895495,0.3203512446673684,0.1480861217036691,1.259091598868383,-1.3826166147273387,0
-0.07149411774529733,0.011948329498576622,1.0712884123405164,0.6679012758720593,-0.47723940826954536,-0.5588899396473276,0.5740482559165945,-0.8158440616782565,1.1797874829524369,-0.861938323445845,0
-0.38621990548929036,-0.10013781078316666,-0.7509932845900774,-0.5904520304946151,1.5311682523220083,-0.429284591306304,0.06388929630011768,1.018900047898114,0.5467237416458708,-0.2855138935619857,1
1.3449502719441988,-1.513449097786955,-1.402157939420626,-0.5156731011864352,0.01365192467740471,-0.10820817993577139,0.40756766357833196,-0.34498133856582375,0.4812464832025061,0.6209171733223614,0
-1.081258571215189,-1.201645144307701,0.9804550534591364,-0.7443296880130964,1.709242296658978,-0.4847629077115101,-0.30859637071677587,0.12729348296242693,-0.3947546352532214,0.7352018836981223,0
-0.06307879670506915,1.1522960518447183,0.5512310102488605,0.5748585941515966,-0.7713580225221913,0.791981158616451,-0.28716042086706517,-1.2765830978013972,-0.9816120844563009,-1.3078037172963635,0
-0.50356048600791,1.9563702519337351,-0.435619386413368,-0.2105860388687647,1.5801420664939267,0.18365248651209162,0.09855315760934241,0.43020337999628755,1.4554232116584311,0.5606913634197427,1
-2.050905763049373,0.25062104075411146,1.0253087267684435,-0.006983067446841861,0.6120716439051349,-0.28934201618938354,-0.23568933162374364,0.04054553746089331,1.1555584093826485,-1.3459120964710243,0
0.087257980752205,-1.2875486268574527,0.13248571077964214,-0.9670082111058426,-0.9708433202037383,0.1142953669569307,-0.4175757077103436,0.4342045736641941,2.0489474008149626,-1.7648650981077947,1
-1.3294456177962388,0.5440546781879965,0.18606310012075197,-0.025930634569429938,-0.5133377582280326,-0.3231361380391,0.0031845686010782623,-1.1213027248052634,0.11337273750445108,-0.22336476039897984,0
0.7563768879274201,-0.9763357630885623,-0.5293459119955041,-0.8246890682872675,-0.330942248206176,1.649813705393798,-0.7629418064132997,-0.6714745016226634,-0.9862256956114925,-0.9058935496146454,1
0.8242892015046335,0.8571913894615482,0.8972135181135952,0.4755050811408521,-0.5344079805258223,-1.4710464448626595,0.5418008298166194,-0.054715488800556794,0.18895936006504147,-1.3681461921067948,0
0.37967322200031345,1.292514294557284,1.4873997087131292,1.066890184074317,-1.1647062088293505,-0.8354618228819534,-1.3253080812615163,-0.46152588985705545,0.4497529656377515,1.4568487031167736,0
0.5242236519537231,1.4746662077841246,0.7197888997690884,1.6504963703158293,0.09306169665651516,-0.20895958080661042,0.664862096778128,-1.3626835096163432,-0.0024963658473413737,-2.1062594682552858,0
-0.45271329511708064,-0.2852483446709177,0.8676249657473085,-0.6669541411415044,1.2994089487399882,-0.5264795356285528,0.5516750343838924,0.12775592757116003,0.07660128094696081,-1.027044835186143,0
0.687592786751324,-1.1948064341746663,-0.011529321983127718,0.30953692591780635,1.5515080828914023,-0.8604983930299435,-0.46364623378228814,1.158914804643106,1.5960417001160532,-0.17619537181869724,0
0.9167469515279244,-1.9011197332287124,-1.6848761983423606,-0.5809175192336743,-0.6079689399883004,-1.7872546875532827,-0.3048568712819561,1.8753278785795493,1.227388066968383,0.70183211518183,1
1.1197161016785873,1.6671130760643076,-1.150148568120466,-1.3509759070056986,-0.09603567665492291,-0.009203571125106884,2.1964585439751287,1.804423200508514,-0.8917001554058047,-0.1672015397967305,1
1.2635448363305384,0.20898972573566402,0.6757485324692472,0.17209491566562274,0.03042237324388252,0.3036661376544941,1.9823362121267714,-1.5370451812773018,-0.6102974223082548,-0.3437714822921184,1
-1.4561055975293318,-0.03779952942285314,0.7385683457758523,-1.3428529202720412,0.8485612104276702,-1.7483706127139174,0.3119703338922337,0.023098533736971946,0.4501396720909122,0.46407618819841895,0
0.32128693891873533,-1.3929278878016753,0.0003106157775374468,-0.907195346143894,0.345779591509554,0.4732344352901933,-0.00711602945905588,-0.9786618991137865,0.6864923423141703,1.2305211558898,0
-2.4370266994140035,0.3368981950450936,0.4951590697382512,1.3708316226110782,-0.9492042296309671,0.8791287081105263,-0.6742129795948965,-0.15754340007566459,-1.9401401400379217,2.043624984084154,0
0.9733737109300644,0.14776654174954432,-0.4389592584599804,0.43513424952585184,0.5198990450160162,0.5452100200728369,-0.5517670270970441,-1.1275660260241311,0.9233251117837272,2.259515333152676,1
-0.642481126749871,-0.33299341718695374,0.8158791712776551,-0.12244541575574655,1.3842374385595355,-2.1928752754486527,0.109970930455652,-0.04234956090135482,-0.09642105133559349,-0.6078989769357175,0
0.2928325635717791,1.7727142034705503,0.18144010629405538,-1.3348781227854567,-0.1813969912444183,-0.7534876983178276,0.7975970043006488,0.5169410409172467,0.1844722783126441,0.6713418914748416,1
-0.46398126201591683,0.15009042371487316,0.108037979209811,1.2486332029688054,-0.8907095424692049,-0.5031162354139931,-1.8636926405847212,-0.8049805715645887,-2.266610125946026,1.045097071418493,1
0.38673364020325446,1.1225588706459595,-1.5277372658206307,-1.4665715419801,0.34864898969586705,0.5138106467246603,-0.024125167290864082,0.21294881549124206,-0.5035668056808216,1.9068257189485405,1
0.6724964425333426,0.8413201943874591,-0.8213668379669227,-0.350143106225119,1.4168179024020995,-2.2655725531762725,0.07414126722661205,1.238171385991334,1.0442911585044705,-0.5444817578645587,1
-1.0909759530149077,-1.8428646722800086,-0.5639496321368463,0.0804313170205666,1.1391210594469665,0.8022295326465017,-1.0419979580976164,2.085169375953915,-0.2825592983156393,-1.4394615347323436,0
-0.5270034201986623,-2.0092545625599945,-0.514471388908676,-1.2140944228570143,-0.23632356588944545,-0.040881341066140636,-0.08814754644588609,1.0347214539154188,1.3826579500711165,-1.1831570710538157,0
-0.30440284592936967,-0.707626055897175,-0.1710748394992894,-0.3019153958987555,-1.0659213786835415,-0.7461487571068031,-0.25205744790946844,-0.24010529382217657,-1.145090859694229,-2.8479466206752417,0
0.770818433376395,0.6018839402809352,0.9509898031798263,-0.27273775366146513,0.051342513247898784,0.3423890152644328,0.667549503155191,-0.19524692631801396,1.1684274248259061,-0.47961433210821003,1
-0.23575096986827987,1.8151234313297455,-0.3290106563710675,-0.06958910926608369,-0.24609786652790788,-0.3019547222639853,0.16939262580974515,1.1354161635743873,-0.16897063305186058,-0.08873225174941139,1
-0.17778292517384178,-1.000028927927789,0.3491512258232621,-0.8345621347234597,-1.2767118358695502,0.20801183045855323,-0.30509262258005226,0.22827644747435014,0.2406673840830931,0.1895357165322575,0
2.288635291333243,0.24491740363809167,-0.10531928574470358,-1.2896623164120211,0.28184854623567684,0.010727350573565109,1.6258629640394058,-0.37922439478155306,-1.90021587633248,0.45731705472814566,1
-2.5289475108846857,-0.35688989769157836,0.4773039368933178,-1.3572018908502586,-0.7812535033757978,0.30495661837417065,0.4860250243418818,1.0363394175058795,-0.5706350817724354,0.14604342102135529,1
0.5677535540962639,-0.9680396565200954,-0.4703445211779614,0.21972050880375876,0.07852207793979853,-0.8014204475295207,-0.9623443791171259,-0.18301239460462024,-0.4039376443608492,0.29563723621269333,0
0.07355255089438108,0.8260713388575298,1.6533864089745263,-1.1512197378681654,-0.744649812431002,1.0693365806509618,-0.5717014069724161,0.6397960972748913,1.019073138737651,-1.2472756973000425,1
0.7483241867237762,0.33884697913903755,0.08661627333883898,1.2114057924771076,-1.2278374661540508,0.4726095163726371,-1.8356949079407068,0.48266740794092045,0.4932779050649978,0.08163106103506076,1
0.9146566431112833,1.582552494087487,0.0015117862420517512,-2.6226946678302188,-0.4013197679180707,0.8366843366979635,1.6006410438969276,0.5873086472923704,0.14819439226885667,1.218212197218356,1
1.2522315626273022,0.009866873473095257,-1.126338619377965,1.5163140581017154,2.3177222310290704,-0.7045666165914249,0.21108169090371104,-0.7568538324002407,-0.05268493516738696,-0.6522511784010304,1
-0.8847286012386693,0.9534203375812438,0.7743079009252325,-0.044904217793016114,0.19565831211525025,-0.3431823911903755,-2.4903803848274286,-0.23534345607386406,-0.7144339482098094,0.3025019352076571,1
1.175609480746336,-0.5552469227740527,0.5876401455527239,0.8485858503428928,-0.1341922510449394,0.19847311974731144,2.529884395685313,-0.6413823926489902,0.3714799458010497,2.0794095130845056,1
0.4796962084572591,0.522770323556712,-0.8078825163796293,0.6062418726902606,0.21355749405601418,2.1054333830747805,0.2660396197004838,0.634853710220246,-1.3378943846143074,-1.3113917886761521,1
-0.5899674340661235,-1.0407069691024984,0.07824444348494682,0.9888942882985512,-0.009700574068451566,1.0994803161755051,0.13413276624512285,1.1710851591854567,0.6753282221573488,0.8585304543996155,0
0.8621689184981023,0.00048299060133975326,0.3684196239538122,-0.44919688257034684,-0.43091521353741463,-1.1054740006118733,-0.9417063505696913,-0.5903624229830217,-1.613946077905664,-0.4468660910372189,0
-1.4726571262457677,1.0035073370534753,-2.1173626393489178,0.35368310028367383,-0.6399881026613522,2.180052509401816,-2.0008526773627575,0.8178793984855038,-0.46504803409083845,-0.7055536837571776,1
0.6523101983645719,-1.2488077336524008,-0.3925981653031241,1.0210136682645696,-0.44057264446433136,-0.5263282733295302,-2.046550437051056,0.6786369351564872,0.7314551908876692,0.06554958604660518,1
-0.1516899652786653,0.07328162495380929,1.623568119997932,-1.23137259658208,0.9022264070129531,-0.47673940116961333,1.4463093448027144,-1.1933957665207469,-0.7589612988262642,1.5296648285746897,0
1.3432368831212602,-1.3741109817047519,-1.1680857440026324,-1.0948410294583046,0.18245687919811493,2.7510167952457674,-0.5693975792240232,0.32858599227595736,-0.5203545502961783,-0.27285887797498615,0
-0.6594840624629351,-0.5990784485961277,-0.6225878869714632,-1.88682802708395,1.0087881658790268,-2.6492781408629775,0.8891249687962699,-1.4120929620915073,1.1634285230057209,0.06282841112865208,0
-0.4090657931046078,0.6727425360323672,-0.2644382493445399,-1.0975845584772186,1.809702357716273,-1.726143268144626,-1.0931451548385078,-1.1790856989966978,1.0495120094281059,0.07032480342057423,0
-0.33858048238968697,0.5603262261902678,0.8916875678073257,0.5788252941669723,0.6313224076408716,-1.6701211707318138,-0.04599296606639442,0.06739796905139979,0.2702820679598745,0.7377159030147399,0
-0.3966186853856485,0.004763581710500002,-1.6887647307388758,1.284146453389389,0.23936481131278717,-0.626459967501962,0.5991383520644563,-1.9884618280393094,-0.4618331081693843,-1.171214890798529,1
-1.4582418462866669,0.18166179174550157,0.08152067323403084,-0.4030705296804697,-1.2007638077229992,0.830392385530219,1.0996450445508072,-1.236725596111615,-0.9699622734828879,2.264065566160532,1
-0.010906592167949567,1.4210483234928641,0.9566598086646207,0.17903748217801974,-1.2956295807891836,0.38221283429950104,0.43827451870056516,-0.028105262265842115,0.38223840238182594,-0.8748730021325891,0
-0.7665729756746352,0.744332710029289,-1.5827653593286648,0.9643970452249662,-0.5898905187406213,-0.22667143166733233,0.40397908972726193,0.9467374212340383,0.11263297673748236,-1.1809674440822338,1
0.8421724903224964,0.6856419731430565,-1.4591909268366934,0.3845534404626959,-0.04629362206318045,0.3571777844838911,-0.05787137425813765,-0.939810239565611,-1.2752319869661726,2.1836682828706175,1
0.7918792014178204,-0.6940719880280536,1.0765289945021481,-1.5013402700468783,0.33623418096932933,-1.044740439853371,0.20267270445617297,1.0460999348275741,-0.05747890799577479,0.20894392830729244,0
-1.317627725338646,-0.47472800853181424,-0.45648915183613886,-0.9483805690327848,-1.1606279456640312,1.1736314319077668,-1.988051318055362,0.8620677465713884,0.9287890233574378,1.6021909626300166,1
0.013153036557870796,1.2582382206409954,-1.4586636248296623,-1.0571618735056285,0.36768055467094046,-0.1562679458923686,2.1566348538242948,2.0954930228758233,-1.062064479368225,-1.5716456342107485,1
0.15323002771333824,0.4019588706831498,-0.1948881577028968,0.31348936805697064,0.35479677330268566,-1.9035810761796765,1.182190011208712,-1.1406764200058326,1.393875193275864,-0.22980713951837167,1
-0.7863950304118423,0.36203891387029025,0.012920265529686132,1.382082495106523,-0.489120952769879,-0.2874012877003024,0.46002870875495916,0.35541099045503327,0.22446618559483028,0.8665133852755241,0
1.3681052191345213,1.7263963929112118,-0.632651296733968,0.4044057678241294,-0.5350592154263266,-1.0602549446827774,0.6065138433388829,-0.8790051470296545,0.8803795808011307,0.40206433648235984,0
0.004008795533567026,-0.902404423902606,0.07910798853031262,-2.5357179121204956,-0.41701212346439204,-1.2094713101610803,-0.13378232964687178,0.16991238653503404,1.6546193876496011,1.578636988578278,0
0.453194204359973,-0.41323336649747644,0.9664046241672667,-1.306796574574249,0.6023449102063809,0.47479702380268474,0.1551239409470314,1.1053440653733382,-0.7240847039853767,0.12420975857021992,0
-0.4063786899313203,-1.4456540943517122,2.3626992089649423,1.2628543179560208,0.1963908663421254,-0.6436036603068425,1.3107640999207995,-1.2658456029685514,-1.097281729894326,0.25039936750151726,0
0.6841194893268114,-0.5244280259438602,-0.06788278782022726,0.4579278320465193,-0.49819766059379633,0.8809279908849398,0.3006048918147903,0.5087526526855358,0.684348519419796,0.6653573335240528,1
2.883969251775838,-1.3446697374620908,0.2226286358100225,1.1906868947701534,0.8829385173456908,-0.13008781161753138,-0.7945990334219208,-0.3952813752496296,-0.8072985827530065,-0.5148808655926479,0
-0.5881887751399346,-2.480287465554709,0.21098015077189025,1.1343296876987121,1.1358542293335703,0.38690188976945233,1.8824725503913773,2.9580587600959123,-0.7251680312055131,0.3208426781738914,1
0.36522540717596585,-0.16309013666903965,-1.3451734464748812,0.1239621222195458,-0.07512534977355068,-1.0321834119178186,-0.4870236753289833,-1.2378184563136805,-1.0039430208198725,-0.44221557000716527,0
0.3231095013887879,-0.5147867370947123,-0.5676447615749529,-0.11581961448364246,0.8944714688144528,-1.064485762018536,0.2734690559706254,-0.6588825120949776,0.28113536802825817,0.5382306819792188,0
0.5824042646735971,-0.5304094280300458,-1.3444516797714892,-2.070699532029912,0.106968373965012,0.5338472913308043,0.7034394200559051,-1.787686127618488,-0.47811104486249134,0.1574501828945825,1
-0.008457486200020091,-1.1586206703649367,-0.8694594629234665,0.0009568202579961983,0.053310829157568365,-0.12075376791242197,0.1486063750703915,1.3970151525255874,0.05023095722843296,-0.8529581457312888,1
-1.7236514338073596,2.7226579854933752,1.1743499349855289,0.530371657515318,0.14209133788435047,0.18438765578573263,-0.9859836183475853,-1.9646567129961798,-0.019754944822589823,0.26040359488728704,1
-1.0255372547670172,-0.2879126895937779,-2.009681020416633,-0.05021905452525109,-0.5059552368992225,-1.0601776952010307,-1.2393386854674935,-0.6153502146408549,-0.13437911272571632,-1.3411803434807938,1
0.5349275937487872,2.7638556426243883,-0.09925735459980674,-0.9804683789292968,1.1933324794598148,-1.0615317612641784,-0.17454720312006064,-0.4211254657117347,0.8248272592186037,-0.2996969847274297,0
-1.6500251948243565,0.10416628741063334,1.318216972611279,1.2734626215670555,3.453524314401254,-0.01035463645088266,-0.9373388431380257,-0.15949314682746007,1.1893253742444514,-0.051894874002697905,1
0.6689473090641462,0.8928517443370074,-0.29066794001208685,0.8691888750234134,-0.2798628002662625,-0.21858198528718834,-0.2713292739373874,0.82716635090748,-0.4209463202264079,1.5766097797096248,1
0.2803223035037342,0.7447134032980525,1.6943321980240114,-0.5739432606882326,-0.9998643525261229,0.9835336620517645,-0.6114481920760007,-0.2777471850504351,-1.1554163312411445,-0.5289534325463892,1
0.40271751266444333,0.5876388752337978,0.9552059326301523,0.8403972551999018,0.10309579651179523,-0.1732694052030234,-0.4882569361616025,-0.42919085902519255,-0.17885878943092573,-1.580754253034762,0
0.59519151467352,0.14460914761244043,0.6342568898343415,-1.2685472047872257,-0.7688044560823287,0.9991131818659336,1.7909983495993214,-0.03966058964797731,-0.6974795294356708,-2.7723401550859084,1
-0.04489492214522473,-0.41229910610961773,-0.31559724629122343,-2.098629185894912,-1.338667129662233,-0.38170852492739754,0.11080429162625655,0.5067928507288759,-0.2173842262264156,-0.10263914123153678,1
0.6453464430821444,-2.3136583121609977,-0.005854066462559314,1.271368550078506,1.1788474039574401,-0.48570716269868636,-0.5538007451177819,0.4498322240418991,0.45266189494856757,1.7020747982921618,0
-1.1274591498928925,0.33249526217871134,-0.7098931176766585,0.43218840071680903,-0.6995270156111411,0.04831514892216359,1.8244185173298566,0.7955595407943072,1.1607919014362775,-0.35476279387703863,1
0.2245144207327693,0.16931042803721305,1.4264705820728683,-0.3237294992186936,1.564879538762938,-1.1791186055751834,-0.17150785418097914,-1.2325305312199235,0.31912454964783926,0.7043029395560928,0
0.10571095020938731,-0.7937807781429668,0.9721971886885332,0.8396898982012665,-0.6812017000547843,-0.6476875351734386,0.26749864853483285,-1.686740689100741,-0.21724240907094142,0.15104992026577466,0
-1.0013467840435817,0.6627323963423138,-0.2816908650556858,1.3082452288076745,-0.627210424660235,-0.61657010700148,0.2664426812770868,0.7748622808533834,-1.7861477362239486,0.6207452199443151,0
-0.1861816445428681,-0.3608878678231499,-0.3539731656039239,-0.437566208448779,1.3932714272556432,0.6319760653158407,-1.0633063146410036,-0.22718296401926868,-1.4947726810519126,0.09569929366978891,0
1.9979515177687335,0.020711239627139746,-0.2942107024743988,-1.1406315253623756,1.7792380521971494,-0.7450085954247216,-0.8623983567054825,-1.848324706818786,-0.3845619936196473,-0.18983943912145917,0
0.5725567515972323,-0.7941234753550339,0.061340310505685544,-1.077897443541954,-0.7778611228734503,1.1793444555211796,1.5404464202548727,-0.97508794939839,0.19045433396400893,1.08528965042427,1
-1.3687162010707115,0.8802363021932996,-0.5818584104767531,1.7298949545025528,-0.8615176317748384,-1.248935730375318,-1.3165891814083408,1.778612790547032,-0.6841573787698715,-0.7873460277738777,0
-1.1577200461261594,0.6419632576038624,0.8542356870588906,0.6043169202200934,-0.6942545494589779,-0.4086669820417233,-2.5582495084713233,0.2271405844743554,0.7898674384895498,0.40293991413286245,1
1.0658262297925543,-1.4213378394308855,-0.49011057428257937,-0.5403223084968036,0.2623054144947722,0.16829955241068972,-1.5153187859373176,-1.4189080557137945,-0.28906758319419423,-0.6585600611049669,1
-1.6549967992364703,0.597857713334496,0.0019749163454156602,1.2297802345679927,1.3356423913172828,1.0425720728550465,0.6819880650770106,-0.25470319913844636,0.3792705618073303,-0.4256981748292796,1
1.4771353822876396,-1.308906920021401,-0.6478885818679447,-1.7250009173301528,0.09958308931347665,1.3737471981271308,0.30476115321485253,1.6045619077259705,0.6199236500334908,0.3034417320824211,0
-0.9328609421342365,0.34472059018565304,-0.016157495018359645,1.3058102997965317,0.2622062233457194,-0.9788169471105551,-0.5729451570892339,-0.29938828190290434,-0.25074532586351256,-0.5790184435312258,1
0.13042091725382485,-0.7604693781582598,-1.036373861579367,-0.37483135229591485,-1.7811730924498796,0.12694452563106437,1.3598475071667357,-0.9494964753894726,1.0077575205297962,0.8230217682521987,1
-0.031028697570925873,-0.1406772722856227,1.7534621789309606,-2.12988392980997,0.36215558198826775,-1.7906399197227036,-1.0326168701542544,-0.4507879449351108,-0.44200607983754414,-0.9706010526012376,0
-0.08768373982573438,-0.600455406863254,-1.0209336107741496,0.056965361065359384,1.0677961559821125,1.5847236894772965,1.0321257676949207,-1.7500111612147389,0.617630548442742,-1.7651691708267443,1
0.6177594707762792,0.6077192689730406,0.414010300358567,1.1818592955326808,-0.46919444871189425,-0.1346797529954751,-0.5881974565060202,-0.5865936818160173,-0.5228068863994471,1.6414451839168265,0
2.8857517953922764,0.5614393396589403,0.9538202262303096,1.1756423141912948,1.4303692003116184,1.4597732614702694,1.169248237394644,-1.0229711906437986,-0.8432558754272823,0.5430132512409559,1
1.7598211003608997,0.5758643380026099,3.8191921901752024,1.5364828166986797,-1.4773807428821402,1.4921777183050347,-0.992967362960661,-1.2917651646827015,1.3629481739108718,-1.140142551998025,0
1.0913309075290665,2.3036455913612075,1.3517840163670587,-1.5776022503698854,0.6476951797552701,0.10666167750142175,-1.646455416046317,0.020067965803558064,-0.959263324734575,-0.18829233191683584,1
-2.2134606073911924,-1.3521850848224095,-0.2210508317846135,-0.2395230822906097,1.8538518716216243,1.3352373670192652,0.322554515732417,-0.9376797686731422,-0.17558643594641726,-0.37131763487525216,0
-0.023980761898605114,0.40210659978009916,-0.440128120093882,1.5068897831518364,-1.1156574730094724,-0.3574139797408001,0.16119791549849985,0.7246971836894655,-1.0285211083783259,-0.18342592731902005,0
1.2372535126873845,0.8990413385545436,0.8165132932025637,0.22687513999867145,0.8172734547761792,-0.28200980576474793,1.257757592238094,-0.6798709431394733,-1.3121124225711627,1.1900790587347367,1
-0.45619206614093344,-0.41057612192261933,-0.20531006812362246,1.2860058797097595,-1.3771492158574932,0.17914999242977023,-0.6405230538185984,0.621198086098156,-1.609928482317575,-0.7183953107805315,0
2.124745399513117,-0.9382963538204352,2.2810937142497263,0.22338174940582078,-0.3180510664048204,1.0314162492876613,-0.9198266426362594,1.4373557256541607,-0.4536008427275525,0.3669824760124415,0
0.2407422845881994,1.4500512216749324,-0.6610263937269415,-0.871546713931174,-0.4655565377344759,-1.5073732402012467,-0.11059251862014056,1.5313874080031635,0.652248800010921,-0.13686050351114556,1
-0.05864391264016893,-0.846281540145089,2.261689392312619,0.48330997566377937,-0.03162858763127815,-1.5638575754352417,-0.822783261400934,0.6153108883633677,-1.105864039608156,-0.4898032243923447,0
-0.8739999199474732,2.403227849746885,-0.016700699928856123,0.20689472993577368,-0.6184583810956705,-0.7982980705845091,-0.25178077043926445,-1.5443057544880805,-0.5363582900701451,-1.0421409072089145,0
-0.12278570026442888,0.9245445397828729,-0.7751934366676673,-0.38071174491786697,0.6949829710221622,0.4767861147852588,-0.2699479640878109,1.2393239469297523,-0.4418827207462981,-0.8257529505799094,1
0.9117965623133085,1.1326544341391687,0.7833392670532362,0.6575731254912341,1.0693296730724682,-0.9316295261314889,-0.035579019339676915,0.26966509914059633,-0.15450451699674592,-0.9508209866624756,0
-0.10746411474278562,-0.5931063550125552,-2.5561738162662215,0.31247971693281057,0.6497211904036004,1.002607412352529,-0.6850722786636008,1.3531853241598095,0.19370218007975362,0.32573869531945293,1
-0.7274708346047783,1.5138219350025444,1.1269216053050466,0.25486482108742375,1.380689636886559,-2.0491539735100393,-1.3672523441925044,-0.16777461501075328,0.34235705676725864,-1.5377104285227479,1
1.5957629012804186,0.4411823253796442,-1.3815320121572354,1.0503612091480887,0.3061868831739983,0.847829746926666,-1.5971033705510416,0.7183681090944437,0.7367503839450589,0.7063736788998226,1
0.9877470273404159,1.7295916255415493,1.355856337050229,0.8525365698677042,1.2814914890396107,-1.010217000091954,1.3916840168484672,1.806004639454557,-0.19220365201651665,-0.7758881257894831,1
-0.4881110169164618,-0.13072742282138733,1.2655334310787594,1.1189186370869013,-1.5798295641564963,-1.5840198702126402,-0.6186141120253701,-1.4735974473987754,-0.7181215664100439,1.5975442404182623,0
0.6296948056302356,0.0705517775160157,-0.04677204433257678,1.0775745004619859,0.413406503512303,-0.1009881597193116,0.8610461441626354,-1.1131907694709904,0.35344899292321075,-2.587479700548793,0
-0.4533996984310992,-0.8587971088986452,-0.23395647038079428,0.6570782667125122,0.7728969850842533,0.2937523184534129,1.0041069255756705,0.2716061551624882,1.1624185149233603,-0.00904062005354103,1
0.6090995914299342,-0.08707681322173097,2.373157238571454,0.6140449908704068,0.3886380922897798,-1.7948411410941822,-0.29377701967902375,1.754252277509411,2.4476271501686653,1.726034484053235,1
-0.8522489506584864,1.0218105803276376,-0.20673969695637698,0.6999263889753075,1.159503941432795,0.30701619977952865,-0.6268099837718414,-0.5965205728422492,-0.19522587290683652,-1.4479793488415862,1
-0.05454962931514019,1.7899511444030378,1.4408305054561326,-0.39075210726745396,0.1666704550186469,-0.3388381077572713,-0.5495365696200019,0.34363040184654114,1.9215250464698033,0.8184547413171193,0
1.0907946273414781,-0.4417120965359326,1.1456171255775651,-0.3349868569504361,-0.6684638374063099,-0.7668439809022504,-0.33250564504257746,1.5524609646091454,-0.2475296789848123,-0.0012450911638156527,1
-1.8463416145538356,-0.08314082723386619,-1.9432195116530286,-0.2999293264756464,-0.8951789667964966,-0.5060484884238615,1.5601457173091096,0.7302660040986119,-2.1391936709704527,-0.21465323750795148,1
-0.41243382161399256,0.8204867606039337,-0.7776913934223052,1.0005530904853688,0.16572962012861112,0.8216896633873403,-1.0569853726293095,-0.5364723132357764,0.3940927564545244,-0.8288725705959776,1
-0.41546602951164513,-0.5370960901432748,1.9477244468908494,0.3917905339290322,-0.8035384648151589,1.8634609366707793,0.659538678504458,0.8269815303062944,1.7409883105175057,0.8105246172479355,0
-1.3017565892197434,0.2929855844016277,-1.146919631079917,1.1571536655993038,0.02691745554003825,0.4639056788364676,-0.9174990317603289,1.0149593465546,0.07551849655459669,-0.29488688592418133,1
-1.1360989745400003,-0.053153311160889775,0.5122040498313156,-0.5962773394827265,0.41094723742180744,-1.2039730638337112,0.9561610008143084,1.5594742580766863,0.9794862037128853,-0.5085781628726456,0
-1.7976375781681988,-0.954528203228581,-0.38515756062353546,0.7205982631457422,-0.16547206242113174,-0.43751748201836527,0.14363658230433862,1.1473002986180298,0.017865527994346726,-1.2319253188013917,0
-0.6615569434901911,-1.2962325529079044,-0.5004671163504015,0.615398473762151,0.20120545881285173,-0.40291410854953086,-0.1312044822348028,-1.18458272624733,0.1316433163322452,0.17391357100093588,0
2.5492856987737014,0.28922996107465865,-1.1377959030271023,0.6722546712670792,0.2811453594691109,-0.4245620999280158,-0.2177009154985869,0.4270411746189784,-0.2184755705685967,2.2004551644899273,1
-1.6376756241371526,0.39412136243439416,0.1285025122313227,0.24414829520697232,0.39240169308852674,1.231707914354412,0.15825266971506188,-0.8791292245717615,-0.37922670568722955,-0.7904411542943209,1
0.006317661817300752,0.9574408494931212,0.8432341164232815,-2.2931421367038407,-0.6792415991624081,0.954271973832281,-0.0830792756484696,-0.5763993441095951,-0.09576831126501183,-0.0095762172587173,1
0.5417126512741955,-0.8347735000559878,-1.4029158094796281,0.11745262455474437,0.17999789020040707,-0.001970207671438754,1.259922723834584,-0.5867755139217143,-1.3129452998295499,-0.41600992196115266,0
-0.13210003839031914,-0.7222573654548228,0.017599927783791828,0.9820069685186176,0.8855816495699065,2.2816789401801745,1.9555908327880336,-1.1144188904885794,-1.1784037272666896,0.914167454927086,1
-0.378736298456714,-0.5197899006366578,1.8539641911806322,-0.12856690978264584,-0.33215654994872906,0.25154124062672983,-1.0108891078005606,0.354152030596541,1.311988660135645,-0.8502008137018814,0
1.9406228046678644,0.660610340697349,0.6234016294038589,-0.5335702646320465,-1.9295034254105479,0.28330320184978836,-0.3940634559130686,0.5741718116668336,1.346811745111795,-1.2979613135157309,1
-1.0418743710911664,-0.3525074506460879,-0.5492257226675166,-1.2361021091629047,0.5950764553059649,-1.3709715529485202,-3.224019480565562,2.2386301501064927,0.09009989631927919,-1.0355663738466108,1
-0.28559377932836866,-0.512561938428032,0.5934612796655057,-0.6684965113908482,0.8376333039156632,1.104722705691153,0.8868870600389317,-0.5210099574902336,0.45860913642513756,0.37794697366249425,0
-0.59892262579212,1.7834974202272331,0.18319432148914444,-2.503950962457007,-1.1839300614931059,0.03289582013219474,-0.9124957606462559,-1.0280667356307547,-1.9186206431687287,-0.29651816644798334,1
-0.3823403780460225,-0.032143872684150275,-0.046408511292052625,1.1451668513443543,0.47019929619209366,2.4997757873786046,-0.5062486067699612,-1.2063562886761239,-0.9096349139473044,0.5059491435400365,0
-0.9859808115749349,0.9964032938239826,-0.6650404076362083,-0.6981061507169981,2.6279589153531364,-0.8572042411326214,1.0704051630100029,-0.6243603443818211,0.512544342040972,-0.23348864037929662,0
-1.3644765720109107,0.2563608162224948,-0.5209179177227259,-0.030832901164907126,-0.17481213164627454,-0.44880469326973127,1.292502082282948,0.5280762614513662,-0.9063878061832132,-0.5938611826662701,1
-0.823533424001803,1.6755845193589909,-0.7299363231416183,0.1402548250932912,-1.8367754948378592,1.7781440728798092,-0.6068141340776241,0.9694490545135016,-0.5177107461115384,-0.11323641626556684,1
-1.6813868155498577,-1.040844033605032,-0.7905264315789527,1.8109037901487315,-0.16960389701774736,-0.3127836328514911,1.5626667595735162,0.4569946964746916,-0.2213044326371879,0.16790618076321692,1
-0.9162199391704404,-0.9075141058327602,0.9016190328656732,-1.06899305996407,-2.0711871628812397,1.1101115414415752,0.782219218197163,2.653588953029373,-0.7906603876615128,0.5231521028040272,1
0.5436279322698345,1.2415823204823428,0.300155128794571,0.0003403475576645703,1.9897631513813863,-0.730078459861375,2.49653822755296,-0.2152621156643464,0.9629922782395384,-0.7917208000463637,1
1.5248626005482613,0.2699774455987329,0.7710961647356046,0.2148840583685121,-0.5303828950041909,0.9883751113341691,-0.4047168352154843,1.2769952754684737,-0.9355194595063464,1.439988439099723,1
1.1974173477959238,0.7305726548737476,0.4026276143823328,-0.7620549262627956,-0.011858100108703529,0.7907666590730607,1.1884173388253907,-0.09065239311865605,-0.6698539396686501,0.13785093601769724,1
-1.2225052973966217,0.32892274884153416,1.0162748622592548,-0.9072625409556403,-1.240871582675427,-2.3730202476072066,-0.9773469393072332,-2.213972184473255,0.1610451930544942,-1.2603808684564857,1
-2.023763530020729,0.387036936995438,-1.1718814985310801,-1.7158145798474405,-0.2601416401687911,-0.8618389211697012,-0.7728127567834535,-0.9417545030019583,0.862598649621207,-1.5737410694143628,1
0.0537117476660896,1.2506267841469898,1.2045364390224977,0.9264240026690946,-1.6422032964380104,0.8099332061133055,-0.7029349280230083,0.25392055985070344,0.9220963636320674,1.3136694058779976,0
-0.5362903624231383,0.2595430091883984,0.06612758134607696,1.2492190664175233,-0.3505743824172765,0.03468229725061515,0.1168588947743419,-0.6033208935028102,1.1653947867521093,-1.6433092535858347,0
0.10714253527293145,0.8358459997033395,0.3238744803028134,0.66107830142591,-2.237451754058863,-0.20608658302260302,0.19963625401831436,0.2077876722599223,-0.5673093897639575,0.10164034445071564,0
0.6151521853927577,-2.554814050397111,-0.4453365180317241,1.1167934655349565,0.7347133310448914,-0.743533626642001,0.07572938948994885,0.21887033357577812,0.6714943843234895,0.9433970260443033,0
0.9050654404010442,-0.8754962876583221,-1.2727630154212888,-0.6791269796667451,-0.7852565146867478,-0.48956273799354966,0.8200675823489344,-0.31096176370621836,-0.8249346783598672,-0.03028092603634997,1
1.6525856413988107,-1.2595523882418678,1.1245012214199912,-1.4465952801077002,-0.4847653705829971,-0.6033204640001257,0.3930006621438954,-0.716314616555423,-1.14518323908038,0.11203189181655404,0
-0.8428196875999223,0.568989816200262,-1.5006085473298636,1.2931692177766863,0.6674703963926928,0.15336199735783568,0.6519420550994004,-0.4593384521162796,0.3163918561219358,0.35457248375566724,1
-0.06340532135397717,0.36295138311198694,1.0994384715996157,-1.5773715548911829,0.3685233114111773,-0.32788346419826997,2.305012102174577,0.8174822197883072,-0.6157679753986348,-1.012961976455773,1
0.48905360189011937,-0.2449316579347589,2.0420753202115476,-0.12928023961540164,-0.6548103148823281,0.7598498465596047,-1.5246639918367813,-0.9455950424496306,0.4818844313932231,0.30831501843152215,0
0.7045354278052993,-0.890627187960851,0.3412945090937264,-0.9546656013151076,-1.2725225374605178,-1.5120359696464836,1.335767721609417,0.8842084183610621,-0.9968310585142698,-1.3148238671297527,1
-1.0717355675879099,0.22746085677059893,-1.2451284750748055,0.30735420707644684,-1.6972330869558037,0.7397799996693589,-0.8451392061271793,-1.5913506306108474,-1.2587389234575157,0.7654540395813981,1
0.4137586484133794,-1.358874202170808,0.6042965897730619,0.4230144032849985,0.9892579092971484,-0.12298812741339425,1.2703734843118561,-0.33556608309603925,-0.13663059667681254,0.13893578511468554,0
-0.345025274037323,1.1208866152739076,1.5532168103591544,-0.06494287131141628,1.090622747126326,0.2486749594641305,0.6810876810460132,-0.19950951560372845,-1.0279670772124834,1.1285199178472352,1
1.2401898182121198,-0.8122786693590682,1.7976325384859286,-0.2607054314308963,-1.1425641935255577,-1.5726090354354518,-0.7710020637263871,-1.8839825154010847,0.706786857050775,1.5414656686810448,0
0.10342901781618742,-1.3654998780993912,0.10129882011110349,1.4136760380383426,0.9781710346328316,0.10126883906899391,0.7220321247041424,-1.3896277933881471,-0.6904798678826702,-0.6221825809120737,1
-2.1418516144035475,-0.2010601851997522,0.11272865538094472,-0.060127599037072835,-1.4211881767584336,0.6609322197219185,-0.39640504828766765,1.3643603001195295,-0.4827953906185903,0.4571548314870472,0
-0.6836501416815086,-0.19413827519552213,-1.3875090799274032,0.6785252953793146,0.23699235966438792,-0.03462255215091266,-0.453180725373648,1.396833878715815,-0.5701499451905969,-0.19498857095956484,1
-1.1807980275906318,0.7614609058505148,1.5889355270575416,0.3088195543984344,-0.34619658560471955,0.6002390064710731,0.5886215504823114,0.5676415043162195,0.2569471288542966,-0.869192374750428,0
1.1810021618172988,0.5222339347763687,0.8025596678070541,1.077895458422027,-0.33078878726875643,2.49998503178814,0.8857057739519909,0.46726861443380163,1.5642941112942426,0.05274033221677801,0
-1.0660552581621128,0.4366211902141396,0.34971084067282443,0.060369252798424734,-0.5519431090639315,-0.2881928202343731,-1.4234696052169395,0.042516728050631745,-0.4876383988464647,-0.13423320765910848,1
-0.7430459223148423,-0.4638213629129547,1.0340860109433332,0.7647793965918843,-1.2175891280852678,-1.8791068862718174,0.15293426007595745,1.8832885271617905,-0.18718415120109458,-1.7402364541805817,0
-0.8859252495127169,-0.4303966068454211,-0.990658000859943,-0.0379223796821234,0.6594904940704593,0.7050415377031694,-0.19031909076438497,-0.2709736730973093,0.5107449696879154,1.7500855657756254,1
-0.49581833514279516,-0.43945835995993865,-1.325888234279224,-2.0831621918731735,2.2212710261470625,-1.2662545715925677,1.5636911282786492,0.777577547179073,1.3461265840581278,-0.9037393356924112,0
0.527387687628702,0.8445375760837507,-1.236157192357061,-0.5123896163162295,-0.4380645465510402,-0.40774465769547674,0.4472663251396058,0.5083013374088,-1.3151884324787642,0.21961907825521668,1
-0.30175139488690217,-0.34661930103527633,-0.18751598407183157,-0.6183570069568701,-0.14423950421968876,0.476205511996242,-0.6678843144318307,0.23165724625347628,1.068389508532141,0.0994170299467856,0
0.35564438892659067,-1.8550623188238975,0.05089796352466331,0.05453262972311679,1.040883939338803,-0.720621293411947,-0.494585260840339,1.3503938246267206,-0.37668426842571795,0.41285484879001827,0
1.3281321131436516,1.3376655897119476,0.3926704240548042,0.4355729229584457,-0.07956159245813942,-1.6368204640794646,1.2931249084863172,-0.0976042861299469,0.3421929071779397,-0.6643098903365438,1
0.2380742569517034,-0.7167619828597596,0.043919715276932086,0.696903966333936,-1.7420131119651325,-0.9784402668013508,0.8802721320494802,0.22050711497479628,-0.6347133540887495,0.14265665280152245,0
0.17185882517030615,0.2939662108682466,-0.9195411473156772,-0.4866691874945593,-1.002451433029201,-0.16826608901302756,-1.0888293297963296,-0.9264101247711674,-0.6126569025552565,0.4534671915761661,1
1.1167682468088798,1.5823697336020464,0.431380592347287,-0.6470158310196088,-1.7415268889798203,-0.8827904658026761,-1.3212365039732274,0.22915799869523648,0.1703010138061078,0.5409738039985823,1
-0.013688855208146944,1.2777781023739858,-0.07529992286534308,-1.3173932302991924,1.7822132576402199,0.32479937003309334,-0.23418947090427664,0.06286779494183548,-0.1664555579622947,0.20379388090081343,0
1.2829097566144694,-0.3190156850701858,0.6708947014366068,0.8599509434842139,-0.9904711343329962,-0.37920676918049656,1.7864826656571078,0.5650335425389289,-2.0952062182172067,-0.07573729307749097,1
-1.1299710458171193,-0.21472822782873424,-0.5587225234995357,0.3680512876785904,-0.10908591451768135,1.399421525909529,-0.3958859150078176,0.8651492767784167,0.38603676575367113,-0.48420864570925853,1
0.7587214440890531,1.5668464460560432,-1.2753280988670765,1.0910332181942188,1.3060240939669268,0.6839453537424451,0.08279161956535619,-0.4923824392600627,0.3002562000544153,-0.6317557201848271,1
-1.0986042355701349,1.6474738430928832,1.553336689753659,-0.8258380600197619,-0.2110933736364886,1.254756212768011,1.2446450019661641,0.9883520702989637,0.08842763992076454,-3.023454537156427,1
-0.3029040483924579,0.40983883442266467,-0.9131993274356129,-0.7977529363452492,-0.45708753515689166,0.7679055695273954,0.26614074899748436,0.46411613582852257,-0.13340897466176344,0.28011609469682447,1
1.49961056170431,-0.0015227145401484246,-0.9007550649183834,0.11797021995522372,-1.301451370703162,0.6209548779219137,1.1768221456716852,1.1430252562860395,1.4209351619663688,0.17817271567491946,1
0.14614254213307512,0.4034986202367133,0.34781783390270155,0.8642439646903032,-0.30327060515073173,-0.6330169371001053,-1.0845629231217908,-1.0069178724542724,-0.47235410745258716,-1.0379625669765755,0
1.9034164161920542,-0.5206128104740666,-0.3318743267333761,-0.5361217345104521,0.406124222286605,1.7979814231076727,-0.09091105623419246,-0.24861695236063397,0.5729988139150151,-1.741854416330692,0
-0.3062063943698761,-1.1247227521080672,0.8680895045648126,0.6331931214047996,-1.6268015912873093,0.29161657767324545,0.8489160548771821,-1.0627131950618656,-0.4850595058844777,0.49143110765615344,0
-0.45706533906364627,-0.4160634652067836,-0.5879635546303504,0.8486382392431465,0.27158504715500054,0.8136977842775092,-2.033603391272531,-0.07964633111329904,-0.15567945847061898,0.30182593308587397,1
-2.38861407368411,0.4987641057674319,1.5524011268417093,-0.6283273767770607,-0.27209262493018577,1.0372580381326304,0.18857209482594517,-0.13449011818616086,-0.19887873047208993,-0.662418363341051,1
-0.8617991799058063,0.07212492808792567,0.4083432700553488,-0.08212033961560326,-1.7299613315353013,-0.985709912962172,0.8213234335641839,-0.36885924457198077,-0.5092631999649271,0.06603350642833296,0
-0.5343938353030584,-1.9213963222948693,0.1962630977782408,0.04192163376628835,0.7657902614929223,0.44465222481849764,-0.5350054647923863,-1.2911659567523988,-1.0987992672950895,-0.9323822880082416,0
-1.2626042854762183,1.3682078241753455,0.22614263862303996,-0.4756019143328072,-0.3942441038284118,0.4759162845316592,-1.1323157032269562,0.3118582057305341,-1.0731697302949255,1.1696312915787253,1
-1.0231988412194268,1.4363634524155202,0.2433405905942266,0.08915409897519654,-0.2264091389058318,-1.8025041475639587,0.20094814735063724,-0.7514851235731984,0.4091083963306731,-0.4154904299904576,1
0.5384660112416041,1.1318256004478195,1.5681199855420251,-1.1424660446039017,0.022859639259813533,0.1942038215883961,0.5273885405206645,0.07477781886138629,0.36127770133120546,-0.37006712513654977,0
1.7165027742351253,0.6577079271066337,0.045464818037079996,0.5324010024488179,0.5017929422482121,0.6158535517995914,-0.7212431155534194,0.7196668339109545,1.348477640157112,0.9789040677793973,1
0.17912390469970796,0.22260596043089323,0.5403704315252325,-0.2910558127236988,1.8700971428312274,-0.13139233942872666,0.2882661797288488,-1.6452302509924672,0.1056171951992196,0.25954752002174813,0
-0.4559683500449692,0.3318763604869935,1.3385152608307533,0.01807358134634661,0.6821258173244856,2.2535337103195694,1.4602201553251963,-1.4985654107255002,0.30246748396282647,-0.20780025727110826,0
0.32669169909966733,1.3096961973406098,0.9445143269195884,-0.11159017823022409,0.16750088240986186,-1.2205743104226612,0.6355349515388347,0.49233946387756483,-0.9586719258865162,-1.528238681785983,0
0.6819648840132921,0.04613231639449186,-0.47931886366750953,0.1465039169447053,1.0893197882319086,-0.027296264323246285,-0.1708613035936807,0.9505971353895445,-0.36608162082237955,0.4347266006053763,1
-0.7379887070817857,-0.873506752741301,-0.05941500240542288,0.8607015658041686,0.9920000155204031,0.16090840758200337,0.1315280406499171,1.9389972099669892,-1.1746021972936962,0.654413273818457,1
1.3263448403293359,-0.0557449266511973,1.1205015070795452,-1.2644777017349351,1.0262646110594908,-0.5432880759965173,1.276908988006013,-0.23565198692705625,-0.1104797017983427,0.8671629260894371,0
0.9270035239969678,-1.4931085495929537,0.06346235424028387,-2.036012465290108,0.6126601380737181,-1.285586731079337,-0.5936679724262458,0.2061743255167677,0.5837353803364724,0.5266562783305548,0
0.21309224825039347,0.00857057873711778,-1.3312041355391173,-0.9253209264002744,0.9140267375361382,-0.28919989414391745,-0.3881285497259169,0.09357825282557446,0.015855085036363698,-0.2431559832823142,0
1.3283330921381156,-0.5994988634208177,0.6198035808926764,-0.7393298745638927,0.4376259375378635,0.6266650662135872,0.6860009980882795,0.8403089224033248,0.31641437296428776,1.756991170687828,1
-0.2108673539727271,-0.0549125179026859,-1.446316001204991,0.8433549248094109,0.12207306986972125,1.5093942401666418,-0.24450008853472308,0.42616370086749605,-0.6941133815736903,0.2134868465355818,1
-0.6769151658288148,2.4107573315584117,-1.1448971209429855,0.6365278206737911,-0.31628495384432037,0.6618975907225909,0.07852506816732632,-0.424492893826103,-0.4922533073975141,-1.5836455994364527,1
0.1351177762474505,0.3100602971798463,1.9065964797307375,-1.5613702996044183,-1.302327888537662,0.9065346314637791,-0.6534588604273219,0.053924617840219354,1.0246867796221957,0.7162978497361235,1
-0.16425303413718284,0.4942312319586998,-0.4935143775781184,-1.2177395382884222,0.2418478440802933,-2.2576284614088533,0.8670665908776023,-0.06980150659314915,-0.7328611828086632,0.018758424872492064,1
1.099720527820615,-1.4030081704512587,-2.646293296293553,-0.2523214997215569,0.12365707251804829,-0.3105855267818653,-0.6567294105245792,2.2920959358947632,-1.8075686814334113,-2.3625143122198176,1
-0.5857366554551754,-0.39683153307267155,-0.0582415057117433,-1.0968252036640886,0.014682473135692015,0.28083659174704984,0.5242795371935252,-1.1120853075658246,0.015639071246758493,-0.601032083150447,1
1.0326537546555192,0.9289217690714815,0.8366452783370826,-1.4733740433043776,-2.124533789493936,1.0583835533385972,0.29525294243596284,-0.14505908412453752,-1.1030988933993413,0.4834822162098691,1
-0.786824522255031,0.8966357429103212,-0.3988459000205521,-1.2408555293833152,0.8485152428055726,0.3877068768574668,1.3428619679305493,0.6374225209854126,1.567481628821488,-0.6568767181085953,1
1.617741961423047,0.32275553462582884,-0.17448841397392895,0.14144691390380665,-0.8866957885331845,0.5416992116080732,-0.5108649831707919,-0.1159218391976313,-0.544001706464763,-1.3019442264136498,0
1.7668617516726024,2.017397578340806,0.6855364862553506,-2.029956728716783,0.26631313525128736,0.6727750855574302,-0.7232381903530856,0.8094538570467009,-1.7671682075295625,0.7576489536448412,1
0.026714277801613007,-1.1809766307020855,0.9789842607419063,-0.5015362462983524,0.6512999299291404,-1.3246823829433023,0.42845526275362295,0.2547910124838519,-1.1998976549397067,-0.7696273211094996,0
-0.6938752020747251,0.6233966684726192,-1.0596390892575,-0.26393368269564604,0.013124550116005091,-0.9697654207511498,0.6903719057246593,0.07755907311903176,0.5299836934162991,-1.570721286080039,1
1.9753281712575461,-1.0613220038807043,0.23852982942962941,-0.9776866930650036,2.015857419172973,1.6999937019998124,-1.4646953298607477,2.290989128488942,-0.4826134086299561,1.0309898689119465,0
-1.2203869916654786,0.8386992187684233,-0.8053140950405908,-0.14663930025565122,0.3562465177027987,0.37768741383587046,0.7391020244962022,0.7733798663170699,1.4230890782852053,-0.059776901622864836,1
-1.1314983848532563,-2.674814438512866,0.7871040721446222,-0.899207952723695,-0.8226609931729122,-0.7240519063088247,0.5910407080485046,-0.3471215136727469,0.3160466707224389,-0.36051094725320526,0
2.527070920782692,-0.9145892322203668,1.976677027556592,-1.7407809254652782,1.2920362265163687,-0.21590579934450213,-1.4828179096441128,0.7993943545405756,-0.07712471634825681,1.0041920269322269,0
-0.7368148416525208,0.615393492901773,0.5995685095364299,0.6776013579371921,-0.03573415359095957,-0.9097597608149361,1.091969719602114,-0.025772303994880345,1.158777059377552,-0.6924146446638726,0
0.2499136810467275,0.11702435033107478,1.125783615924232,-0.6849859888728255,-0.1411073160914383,-0.06014766530703503,-0.5511543655776578,-0.5455829471838579,-0.28445264840780704,1.1661658396328936,0
-0.4072015719616529,1.0166544966244935,1.4443462768884263,-0.5774586009733412,0.5200258462506334,0.252419396113324,-0.38125954648005417,-2.0465830566134726,-0.7048537624168384,-2.2542020695995038,0
-0.5283333516589073,-0.3866112904938636,0.1845204000538479,1.6468618655355396,-1.4714972265540462,2.2716680578259463,0.03563583414404019,0.7360726014700171,-0.3568308272005653,-1.2376756808061138,0
0.7000452723146847,0.3128491785442516,1.3973125791335586,-0.2353896181208124,1.4193683548655733,-1.1403002834598117,-0.8233665589972695,-1.3317495742768857,2.054766940484087,0.41093828454923087,0
0.07455981071053643,1.5463151302209646,-0.3062544898706742,-0.89377575486935,-1.3420098615261835,-0.36915482664382193,0.010416470118363058,-0.2479276379186028,0.45702367294089635,1.347117593650555,1
-0.09180805144899466,0.2665188298474402,-0.7976219502118782,1.2600798075545394,0.43998672043956727,0.3381227129674994,-0.5202972140135909,-0.9094615723318724,0.09930961125761868,0.49139394339670595,1
-0.8105601159173703,-1.773902379796769,-0.40151386976975134,1.4873610454650523,0.640453658995647,2.119524254234752,-0.5745338344113854,-0.055086852290375125,-0.972440103007244,-1.5990782214723598,0
1.9998578404574014,-0.31496343501988133,1.2623072067070402,-0.821041615118045,-0.8815841950767983,-1.8605812968343913,-0.7025643375482116,0.38549167746724483,1.2565330851874768,0.9002949728201383,0
-0.790472710889662,-0.4955365061567787,1.8207914876493103,-0.41431530732624416,0.3023845682334613,1.4956821184597684,0.9405540371000566,-0.6490728232978673,-0.8241180690382746,0.1910170298392378,0
1.2720349278692757,-0.7344758558142588,-1.0418678041321559,-1.5371975354586085,-2.177677464271924,0.3188603391055777,0.15914407061116775,1.2382118132289903,1.7312439564050395,-1.0732904580555007,1
0.12340670941539608,0.10719287249680484,-1.589665213428925,0.7954839998268701,0.4640528954739388,-0.48504631947345084,0.8284949670950542,1.2134651731228738,-1.419053169163019,-0.9898404127302642,1
-0.14471976544476078,-0.919793628868033,0.5307364716391962,0.09121968868825808,0.2952204288389036,0.03996524534684849,0.34566814333619883,0.9026202880097332,-0.7049432046927923,0.1633476979940719,0
0.06339992712334852,1.5701749836726397,-0.7922803547040447,-1.2314321251773734,1.350156802959085,0.2757501461382755,1.465646891042043,-0.5056064071713623,1.2316026333737335,-0.9656956511432185,1
0.031047952046710476,0.10011845364190239,1.1017576064074774,0.5462201725115994,0.8985004597400191,0.7591053135266526,-0.7601502551387354,2.2512343572345523,1.101284926764392,0.8358670244734278,1
-1.7390992728519505,0.7045091995263103,-1.0678527622740026,-0.38243791333295396,0.48752899347214373,-2.1349918736399203,-0.6651944208697845,1.521821591216992,1.7554614074656816,1.9300901613269543,1
0.08649405653783686,0.43371435429525856,-0.9445982960407311,0.7258634970801728,0.11946347911826125,0.011272027366460297,1.5564552276616839,-0.5096779855596592,0.7099348051271424,0.5562313150532484,1
-0.49104596911569837,-0.6301649907495976,-2.1011971049841307,-0.0783688445679277,0.6441508581759232,0.21331501400622746,-0.3584225220760144,-0.166436648005668,-0.9411249748185898,-1.1911609550510291,0
-2.674354948547689,0.20479266970356375,-0.11413232110538522,-0.2050075017541461,-1.968387659493763,2.363214913861601,-2.082250760445412,0.07500273731403435,-0.5698876417830449,-0.6671287356475022,1
0.6443593624326104,-1.6923388444453182,-1.222003337203902,-2.0560743143878444,0.5247070781616328,0.47873332071122954,-1.483221793656701,-0.19828744178413923,-0.15531727630886025,1.2680297249698305,0
-0.14505356097389743,0.3847395431932847,-2.4550466142310423,-0.08767313304112496,1.690664268920968,0.1254102187346709,-0.21305115056302074,-0.40889058418237684,0.3051795923829064,-0.28617992526973257,1
0.8116910518786606,0.21755165324757852,-1.1201845678212112,0.45231171037813694,2.1709654613230214,-0.771403684418448,0.03368381159851749,2.4125853280022445,0.027685278062173545,0.654315546482708,1
-0.24481231922778438,1.8486585402635474,-0.7156252974248424,0.10245113568229763,-1.0136706919309186,-0.48360733616557555,-0.021963163664174473,-0.14781537787399332,1.2925785702615822,0.5605025662947395,0
-0.696350741910387,1.2451768851066742,-0.025760816859393108,-0.19096216376048333,0.6000468780314554,-1.2851877456763685,-0.11300632308623682,0.3670551121631472,1.9510233167373248,-1.3914919268326122,0
0.44909883424446956,-0.8842697497439428,-1.8058408019479073,-0.5891073431903397,0.375179674468392,-0.26815929308829295,-0.7453567971739352,0.6691613437150191,-1.5307845177593458,1.3995544827910236,1
-0.823087860995007,-0.7485795086261474,0.7366186955374812,1.3903853547569527,1.9328307736289065,1.7754226083118958,0.39120077452150354,0.6069240314030137,2.6127751715911196,-0.5272773984631948,1
-0.402495596969506,1.5250972072860398,-0.32080614910166755,0.16334941058451058,0.4387293977766493,-1.5686423119355395,0.7113323838696127,-0.5555503821424722,-0.2956981320655803,-0.6911684339217108,1
1.385783766454507,-1.050549240910125,-0.4330613886387762,0.8630847218050486,-0.8574749544508523,1.0727418845304966,0.22402584359783098,0.4955944049944796,0.8775470095080579,0.5271224446178788,0
0.5845207431072055,-0.14049754781225188,-1.4962992713815841,-2.400654254435443,1.4978697993519374,-0.9321570022125212,-1.158951429466654,-1.3519701325087243,1.965863350374583,-0.9437742106790381,0
-0.24814981566368804,0.2063607191440174,0.40508582774258556,-0.2157557403547649,-0.003860054042357225,0.32130229565487584,0.686654082143448,-0.365341934308163,-0.13306985269305216,0.09022841575036815,0
0.32847783781427603,1.7050752199158172,0.4413887293067582,-0.17966311319183875,-0.9183389424851244,-0.06465021875344794,0.5793884384055699,-1.7829199013411607,0.20628954090156332,-1.0932547174114484,1
1.1430734254415746,-1.065889385275902,-0.5490831404626035,-0.28265362184995074,0.6708870870372063,-0.8779849219187352,0.23905317041440396,-0.3007103185272046,1.1925864791786829,-1.4662092926806989,0
0.7158372997438407,-0.8310556101158835,0.6100116286031322,-0.12952804666948112,-0.2870791935038229,1.6543155437454993,-0.08796670792090054,-0.038807999962173656,0.32179232215783604,-0.6070760183613223,0
1.3508013650170736,-0.16704848061303224,-0.828851647296513,-0.291084893126003,-1.9333866169807823,0.74725771437496,-1.0539659680831404,0.7101591332255525,-1.5978277494425965,-0.07576134379179793,1
-0.17345609362160444,-0.22516071659483092,1.2375305062148136,-0.6618428060827077,-1.1227397016148466,-0.6944751793241982,-0.19057082585127316,0.2887143279765571,-0.6328983913376816,-0.589643758327841,0
0.03192366589002642,-1.2664169895910844,-0.5192383517609591,1.1769223305637035,-0.3985146640495023,0.2063703614398911,1.261703595828443,1.3101870590664926,-0.7159013111718755,0.19239370493235286,1
-0.8603704762851204,0.1823342685288408,1.2853732452582287,-0.36447638495207335,0.03148748801069257,-1.536964586846298,-0.1692350602362233,0.6066601701827969,0.29500059197510337,0.29915435578805993,0
1.4178789398571483,0.4757179729515804,-1.567173603615006,0.5845368093821827,1.5457917312226372,0.6246466754285559,-1.0172563068829108,-0.8487495700801868,-0.5807894773598137,-0.6996388485273869,1
-0.21636159151507584,-0.00624749909608451,0.028276392213320543,-0.6850728421642271,2.9424143014213713,1.254275221227796,-1.4903362656179324,0.07451789821426016,-0.002437836039437605,-1.1590648049657373,0
-1.0154893571166628,-0.4286006895038369,0.8139881757232938,0.44984557061249175,-2.5336590731240025,2.1402153207098387,0.426748585947168,-1.6518852354325544,1.310372403809571,-0.9809768771981047,0
-0.7259753124258116,0.09281635295594677,0.5463410857422811,-0.022235076161645974,1.1234469710504094,-1.0037023072903322,1.3172841209796415,-0.7978217217207678,-0.06490586956342449,1.7482544411531238,1
1.2277054932407083,-0.1530993652222406,-0.06302357453906617,-0.39713889021961873,-0.5773875130644036,0.8723030162994745,-0.4880653063047603,0.2258746130379714,0.7743326061513508,0.40212074661403346,1
-1.1264854630318841,1.0816642101965943,-0.05500426148539334,1.0537798566617114,-0.7646477280245032,-1.5259464411028958,-1.022535883884279,0.13294848431257217,0.6655686371568377,-1.786931676670558,1
-0.601702497867707,-0.6296621402997927,0.0006425951063431532,0.8847677006845723,0.404578799206909,-0.6698892294630606,-0.8875398378672892,0.01335156526925021,-1.0536074221491292,0.5582237056381697,0
0.26686482080895313,-0.3876766335113583,-0.07145737231420544,0.3583617965505829,-0.533225584780326,0.8774281060337171,-1.667755548283465,-0.40592341418613714,0.20666041679611882,1.6010952548730515,1
-1.0280706824933712,1.5482059998936735,-1.395001107132957,-1.067422358751519,-0.012471050483270565,2.2823708680257355,-0.7726258506825668,0.8663968319618265,-0.5776222962014703,-0.2259403024185335,1
1.6204683987456092,0.9319163634092831,0.28458137387342325,-0.15903336397852533,1.2587677724980035,0.4288126194805066,1.507856857654964,0.5327479304855135,-1.1098531903353674,1.496105862435004,1
0.07902571896854252,-0.3668328388540765,0.3867916033916995,1.293737269350701,0.24730211968121227,-1.302240123022511,-1.5612581074409126,0.18265417270467746,-0.17170610878736967,0.6938841453271479,1
-0.5695736471796179,-1.5327674513107599,-0.7267249384746718,0.7740842490663494,-0.6332233371715508,-0.05709125114641378,0.05850844713329654,-0.03557675627744155,-0.46193780303071924,-0.928924375000929,0
-0.14829295739477777,-0.6325507885752846,-0.1849607732851202,1.1395730208816413,-0.3315962572331058,1.4927514833437299,-0.597695310351366,1.430198856599628,2.2219972209209153,-1.2313649445284818,0
-0.1504880604676619,-0.8605729723885422,-0.6748996601314392,-0.8205290564233657,0.7019863891662613,-1.1595910888209873,-1.2240707779850561,-0.38625628430594244,1.3300322294680265,2.087220054642838,0
-0.887961134764646,0.6926734140423703,-0.43674374808586897,0.07820446740298999,1.4191198637260645,-0.3198668241438924,-1.1925877851281517,-0.5783129229197926,1.044844596242824,-0.5169403525702729,1
0.28675094725200034,-1.3995135467888482,0.674819738063599,0.4662476759597397,-0.35301065614124605,-0.30297143916476993,-0.23612824900562993,-0.42917499140129484,-0.8683296597100442,-0.4022766487185399,0
0.2859729425182367,-0.03900084187523604,-0.4055420715795304,0.5617654010982673,0.8853777404194053,-0.023334615133211473,-0.39440553576385473,-0.37874682317502456,-1.1408765184001595,-0.30401783210535877,1
0.3074302518646544,0.6869376770616449,-1.0069633092095855,-1.7500643783086958,-0.9643176933899287,-0.3059766152576227,0.32326223203460913,-1.1456288962353458,-0.1899324955516181,0.9801037325795493,1
-0.6575191404509574,0.024610924354389847,-1.2688817610198302,-0.6561173245659092,0.347955545093867,-0.6342462715271503,-1.1002472937654375,-1.764249056091392,-1.8197246260538953,-0.21726207051592988,1
-0.1251848370827014,0.619951602914075,-0.32042678881723646,1.1637309715250355,1.4735983705778015,0.455509706142699,1.2581818846925659,-0.8807800584767422,-0.2706408410892096,0.04628439454879602,1
-0.9041652092433549,-0.018432613234157926,1.0352039943343663,-0.0006858558462784903,-0.8359863205473368,0.3901244679380476,0.494981403290545,-0.551330746395885,-0.18543189690840267,-0.2687462589265872,0
0.07971000908831376,-0.41866790047304714,1.452287979486792,1.2876462390847354,-0.5773502295426414,0.3731356867782449,-0.4335961235322077,0.10598506765558334,-0.020479592184002634,0.2685874516647436,0
0.4892337648335795,-0.506437138633781,-0.9663420310866527,0.33185087637114175,0.7187160398235004,1.018576385878728,-1.1003861988188197,-0.30292681771034696,-1.5393619643193515,-1.1138000808560058,1
-2.267876921091358,0.11816520887303691,2.010059685469909,0.7237879974844459,0.539673037289212,-0.0642409242442492,0.09353888590127643,2.450904686655536,1.3359280544342882,0.8392761947110853,0
-1.4363920287788075,0.2801935087625301,0.6382535885768728,0.0456772190186637,-0.14018824801579935,0.85287607233452,0.15583128603312682,0.3102015669141068,1.809559062013307,-0.24491016205836413,0
0.5923394212109696,0.17609060654774036,-0.3721075714225364,1.1528810614708094,0.9109874760500989,0.3834419764847109,-0.0687238877514739,-0.47541176247760863,1.847034566034904,-0.21935927184742451,1
-0.12518243894874598,0.8532425839939517,0.10177233182573647,1.6840490468373557,-0.7949707599812128,-0.887935064258599,-0.18209799815531624,1.5994973831802697,-0.37826785580864375,1.4055920196489329,0
-0.5372191508425196,-0.20772226152839787,1.1158189890375427,0.16364693611425385,0.8817013979829448,-0.8162247722043974,0.9372933225851174,0.5733166667822757,0.7893306117933414,-0.17640376037154895,0
-0.8699566545276876,-0.4036369774289267,0.42214550402037104,-0.7596761546528479,-0.9720121748582311,0.5504707300389158,-0.9645811122529873,0.7072791827674153,-0.12574074599967686,-1.1736247526699006,1
0.2098594845826785,-0.6376266407920901,-2.1823257723449716,0.7400768301283761,0.5254421983522573,0.23934847468017598,0.4128691855990826,0.6651804896882438,-0.39038971435552516,-1.6452368360075078,1
-0.6514435841992149,0.9815725775432228,-0.9066512150662098,-0.4418005661596678,-0.34564002227471075,-0.8811395724838382,0.7034773026153115,-0.6732266231880806,-0.6326138411488339,-0.15813303908329807,0
0.7644150970416564,-1.2094225514937764,-1.412316839028218,-1.8804082509512832,-0.3079391242616804,0.23711240946141388,1.1439000036569777,0.3573857180101076,1.338583899757978,-0.33927408591697894,1
-1.0594997311547119,2.453333085059053,-0.3306263767151245,2.6592164069045543,0.18917215898206755,-0.7489145646258382,1.3880207454274796,-0.03163285354465274,0.24608668309133622,0.27862434157451105,1
-0.23003580655162623,1.5853204184544887,-0.7142440680403472,0.09919945586211687,-2.7763756673441695,1.0605703786390046,2.3352381101974995,1.6761625243759601,1.1871470713268655,1.5009139595702428,1
1.8847060544535634,-0.20640389337347098,0.9231332509108808,-0.8970009081654574,-2.478286376653287,0.12451517848484935,1.2057390236277894,0.7867934970666199,1.55363566766585,0.43831503817181927,1
-0.5498117799824236,0.8014995302321771,0.40749776579756786,0.01470030364576839,0.6662957375534807,-0.6590548285607905,0.8267657914389369,0.4663977336478782,0.5563395441834632,0.2397183142301716,0
0.25069797962239826,-0.8992991285777349,-0.5078891532344042,0.5735044774215887,1.6683408005200695,0.9661059470657294,0.7069983344311774,-1.5701317992707944,0.9117826132755482,-0.8357967962915742,1
0.2629482684151777,-0.18178378221098612,0.8874790066565631,-0.09418897057867942,-0.7819311429100614,0.9430759067488301,-0.2560390077676675,0.17981619219821018,0.6279827142791382,-1.5295486972183332,1
0.40492907257520244,0.4562579201281703,-1.4181696233434609,-0.6885626905869919,0.7283193204481766,-1.0342350379589151,-0.18507244636547143,0.5816867371946872,-0.2751355633607001,0.6244004769179368,0
-1.6024845301638289,-2.298244977524934,1.7326524695395533,1.246749501630115,-0.4307764837654095,-0.6715250316017051,-0.02923686727540736,1.0140459011836431,1.636940026986625,-0.516873299252222,0
-0.06048301501585981,-0.7571996627483097,1.400537549212823,0.0039800208922282235,0.0947261791710886,-1.2130779484278864,-0.2956866916938884,-1.874546084304888,0.11948676431035118,-1.7083303841540836,0
-0.697530591149039,-0.5123494614427917,-0.7765281127198043,1.9548209635230893,-0.43538661170923343,-0.2930751285037791,-0.4751983924873714,-1.386182301158422,-0.38218561950008473,2.1240342774944034,0
0.1503781049950916,-1.5291176127709625,-0.7750661967244074,-1.1711656767339191,-1.0455016527206786,-1.1140160905081733,-0.5674338688373199,-0.2779100974242815,0.8569357593959693,-0.12495521457039996,0
-0.07780687825586112,1.578710018765323,-0.039442465091911745,-0.310075036233117,1.5147825750211064,-0.5585825335858348,-0.25936057485573083,0.3996053108501395,-0.3895883735110826,0.11414992601018484,0
0.1252126858419551,-0.29179516831965935,-0.18435061102908676,0.6212982337973397,0.6799194027055647,0.978848852747628,-1.204636999889254,0.6677921111727686,-0.39729216402303313,-0.165601992233505,1
-0.9984660716843727,-2.891511480266465,2.34264998959277,0.21979090754114772,0.1492782673373222,-0.4001070109572498,-0.09147332655119393,-0.05380681885416542,0.7861285414820862,-0.3025294646032073,0
-0.255975214092637,1.5813434316140553,0.24730882154569564,-1.0304466752004873,-1.6616850237477663,0.4053558391954031,0.2238499548470869,0.6010808670614217,1.571107175791185,0.34425497375831643,1
1.479116981117545,1.6790709139375262,1.1167623980241432,-2.020613925559832,-1.33259714975685,-2.0435970893529842,-0.461686023103354,-0.6772754159248963,-0.38583750988940974,-0.18453415767883058,1
0.4759463602670577,1.8429948292589102,-1.1710167277951478,0.43114580639317474,0.5617738337360253,1.9772397265542483,-0.47443947166190703,0.36289661492184444,-0.5258345681743802,1.192789208509727,1
-0.18580560212243427,-0.2410490433934643,0.4840451626849294,2.0751806602386136,-1.0866653102716322,-1.0447233956312025,0.13484960917367217,0.7165730798438638,0.8521354115232078,1.5660736163101636,0
1.0540424748134019,-0.4719770498589021,0.6129896196691065,0.2110369402613072,0.4088855280646666,0.6846022093203823,-1.7790828594028727,1.2749647846989953,-0.3338844202442113,-0.8286739577902777,1
-0.7858761582110539,-0.04472071656060325,0.7861749091943397,-0.19934792265669268,0.05121908104306714,-0.598684489907102,-0.45387968907879767,0.4562829784553435,-0.09362855911650035,2.653628395562387,0
1.3190200056340993,1.2485175519153422,-0.4567328276144244,1.3436927067600135,-0.16673637708091021,0.17149562206442057,0.049387771292638424,0.4014590715412249,1.1420164876222862,0.019738287537972632,1
-0.17228886477186073,0.21077639827867464,1.196021773740542,-0.2138894455706278,1.149868596798354,0.13970347861652774,0.7861397040723462,1.6592000650690157,0.4415986166638487,-2.8513076291274464,0
-1.8460295965152045,-0.7236007880901926,0.6185824014903878,0.2796735395285932,-0.7862125354125198,-2.6564077580631897,-0.9675719548075189,0.7499837209047886,-0.5841677332741908,-0.2900177440496872,1
-0.7247573669263252,0.11570072469252614,-0.8052420193164351,0.19058337157147834,-0.3801560891961415,-0.6644720119722866,-1.044392602532537,-2.130430366264133,2.2988024660836075,0.0028951842435169873,1
-0.013805770284701622,1.568495238469606,-0.17371537721976824,-1.073263517782151,-2.6905267732062215,0.6601566252313398,1.9131511635603877,-3.583107311293464,0.4765570885765116,1.1364649172462225,1
0.5844426958957524,1.995204914958134,0.3886063354203737,-1.9172831749453954,0.8054823340229464,0.5400129682878572,0.5813354777082477,0.184015460639279,2.3599200516979573,-0.029659972782373215,0
-1.079448951686073,-2.0473869177809916,-0.8519191815769896,0.9297065323454977,-0.6779660056580246,1.5178914946770867,0.43379278181661735,-1.567928637254956,0.20682203367251384,-1.1684659650038784,0
0.7146958272683516,1.0422508937478188,0.777798430756629,0.0416293585462274,-0.05494179267373339,-0.6245494316098457,0.4667217342922728,0.7113741745892995,0.9336515706787034,-1.084656060040428,0
0.22357751470350606,-0.04894159950049813,-0.1956740246011355,0.59974845797551,-0.6802472143622343,-2.218307783243273,1.6924716626189118,0.06046917629428256,-1.0932811702687104,2.3451829373933215,1
-0.9060867789442381,-0.9883241555598781,-0.9818342986021706,-0.10106640228787227,1.4814464379270926,-0.808925136899799,-0.6878317325247879,-1.9666923105023566,0.42184582327349074,1.381835504962525,0
0.21453403707113433,0.06264861100813558,-1.8082747202412792,0.7415088362944089,0.13371545432456797,-0.013382287095623948,-0.9743122831654715,0.8026187043815857,0.5551146698244397,-0.7728234324324246,1
-1.4313384494982322,1.1726310798401003,0.09109665891070905,0.3268443891932742,-0.38286207619564067,-0.5235885245720456,1.8693905160851045,-0.7945127587801895,0.13933479207635607,0.18696504670187536,1
-2.2704132021611114,-2.145906490992007,1.9720632551331263,0.687050572400467,-0.020614596950414777,-0.14269601382900002,0.5156533115716624,0.40864998454709267,1.0838427156150756,-0.02051846606373753,0
1.6680351279664263,-0.8175495463745879,1.3087050447054585,-0.3174954113645242,0.7233924574243712,1.013486984777737,-0.7499898825677266,-0.752270779310528,-0.468357180798582,-0.39372307334593404,0
0.6877174913431068,0.3380181076719186,1.4745596839225859,-1.3423601702007997,-2.065829906511696,0.036003627885380446,1.6258704070300354,-1.2976764160520164,-0.10815718347738154,-0.18917675255202576,1
1.4692083028521956,-0.010027245263731388,0.6743856996913792,0.6135459844852978,0.410244576062888,-1.5355314323229017,-1.1995973456665476,-0.9888450448478334,1.0508959176017107,-0.3992941787865419,1
-0.4470343315836607,-0.7650440765531352,0.5076045771539546,0.4378424750970571,0.04419924239694415,1.0525262785651484,-1.3193519021409594,-0.2613953550647014,-1.4060079804480254,0.9057875283855851,0
0.9692133398427439,0.11139191480130796,-1.3435344804535878,-1.1755094944337179,0.16167364778029567,0.03849855357637758,0.35454964757519064,2.15283591824325,0.4042613067682539,0.6998647227048775,1
0.8466872377493828,-1.0831436373754542,-0.6271086563292855,-0.7266980765572219,-0.14356696550522782,-0.19850931954121967,-0.01408252746949588,-0.8090243549264902,-0.8874127586191878,0.3575945379966909,0
0.6108180939736211,-0.7752892613239524,-0.06417465757776492,0.1123588034670643,1.692054151999198,-1.394068055970099,-0.6344581273386837,0.4007125140846764,0.6518197032564903,-2.077511412715597,0
-0.6652888855585158,0.13709833236789584,-1.5347653622790542,-0.703394094108779,2.1355640188173868,-0.039081529722720554,0.6738284474047559,1.901522158784617,-0.16048912608268934,2.039362966058092,0
-0.5390686415774785,0.3982485625926226,-0.2838814691027685,0.23988258483361652,0.5626403510541815,0.11284462532245183,0.39078222715257477,0.24456977812336744,-0.5149771337882664,0.1211901265025179,0
-0.5699517962545901,0.4715904875160344,2.0122972992517996,2.1212524843862033,1.4259140976836728,1.5010190176826013,-0.2641701539965394,-0.056830747794279095,0.2612957084685722,-0.27307840063911765,1
-1.4893434370374596,0.2672589441714726,-0.6978430052129182,-0.09198885175717765,0.8588103068988386,0.009587822335239055,-0.3224102442017285,-0.5027742874080976,-0.8992081386256809,1.8858049873761142,1
-0.04884518704139992,-0.08696044863427461,0.32760478280433014,0.6106080379381148,-0.09780720162058408,-0.37467791948655665,0.4151650083494961,0.3730811442523052,-2.2268936522332496,0.691836206667511,0
0.5499305970570395,-0.23623063578079662,0.9262670775239829,0.21648139758672102,-0.5206889795994738,0.746682811260031,1.184627772629225,0.3187831590012322,-0.07533667342120584,0.06869361937194485,1
1.3048378295965286,-0.1923738760159783,1.7736649633589774,-1.2807459450268814,1.751652835148067,1.8151376926981029,0.5915427868613486,0.28914452476934893,0.21273567976604205,-1.4165637173360588,0
0.5223109585785488,0.6355857670152736,-1.8016661117426578,1.4973892876920742,-0.3127171496608268,-0.34719832246904975,0.4602234862863662,-0.4371918911058694,-0.22989836791031443,1.0542122959759919,0
0.8438100462780511,1.3387524515407794,0.8466908472824773,0.9607202262106791,-2.019935071090866,1.084403169051417,-2.0362691931144683,1.4876270147871136,-0.37818017790783215,0.2940328179926962,1
0.055686488142052015,1.733914404378866,-0.02744135898987532,0.5551356855499004,0.054388363671525324,-0.19289448356975195,-0.6219478246539024,1.6993700551882631,0.9343155009964128,-1.1776798903877046,1
1.563792608618236,-0.2823033089990523,-0.07821244380148357,0.487592104599216,0.341201513768361,-2.0692263041337187,-0.4312361681567899,-0.13917362391472396,-2.345814609395681,-1.153997458245017,1
-0.6380407350109051,-0.06746988975377556,0.6842111309601743,0.9086086262901357,-0.25116023785999153,1.3032764823126977,-0.45689114596860275,-0.9081192557281874,-0.3596327940039769,1.6068650452008237,0
-0.7047392202425459,0.12769130229012166,0.23005842525377157,-0.5988021072188863,-0.8928544867005862,0.4874873875231836,0.5520043308415932,-0.647247594699466,1.5715957194891856,1.1318513964813635,1
-1.0466273798176675,0.13357971925722345,-0.27864006963781,1.0131824187567446,-0.0012509486183098085,-1.0772997719752928,1.13116660606143,2.2872729947740904,2.034729590204251,-0.4406913096943306,1
2.049778771444076,-1.0170469446175625,-1.7847049893555713,-1.6845092703832605,1.6916191812369563,1.4293609371561202,1.0334416629248016,-0.368124449157099,-1.9618774998571225,-0.8929880022529729,0
0.3899429971033616,0.703370129532403,-0.5732207905423437,0.7797333821701756,0.12493520503791108,-0.5717618640047153,-1.5871614687246531,0.8882187848783696,1.6407957004609395,-2.0859268580013346,1
-0.2279594058376745,2.018173105408419,-1.7756735671858839,2.0256690870914644,0.8967106464809802,1.251425816687584,0.10513405462502662,0.08976789703117237,1.4316627337126229,-0.6090759298973686,1
1.2652993760910154,-2.1184436022043336,-2.7743429256349788,-0.2116520854891289,0.784315018123844,-0.14375711013410963,0.8240712316181475,-0.11471853423347028,-0.8361315420441789,-0.5119096140687162,1
1.6850310129308619,0.9340750865112839,-0.203481067272865,0.7373581394820369,-0.36123763488767463,1.0227200947217812,-0.7213716376550832,-0.23715704386091677,-1.5675064945566297,-0.041005235918477025,1
-0.4307541449118705,-1.2065215329274852,0.05171883427541955,2.6088273481016024,-0.2217896301773749,0.05900107821342583,-0.043018100839395716,1.3015075410268035,-1.3953019427160025,0.6433090715686544,0
2.4944056179800698,1.0973968223176775,1.074577822721548,-1.0472722219613295,1.0588769081857716,-0.2697944136084428,-0.48507717426839436,0.5017988789310254,-1.0316492402144084,1.0609281636585113,0
0.6062782036825521,0.45649848502097917,0.8425893427526947,1.8176876017318875,-0.7473575623100633,0.33354443522926974,-0.41894927287815475,-0.3959044886294085,0.9495109877192456,-1.116804989804566,0
1.897495684900051,1.6812252448367369,-0.9783414180126836,-2.8064866543055857,-0.7347089197140942,0.5990573303936313,0.5928307556230362,0.7146548062057243,2.055727817538546,-0.7668429063382518,1
-0.3652339819814644,0.7947226037501349,-0.5662391541683488,-1.3190843332651632,-1.3576071544097421,-0.6693951918423376,1.923685113011177,-0.6098213882288746,0.3089721653742086,-2.0138553146241067,1
-0.3501200079640903,-0.0799031455189001,-0.4246048158085039,1.3419139603377028,1.2720943643197722,0.45048709413157506,0.45453018432954917,-0.5828807672064793,0.5717674946586677,1.2874908878545495,1
0.8968935558620045,-1.341192092810752,0.3350393042548078,1.217745365495101,-0.940052276815269,0.32389815959347573,0.48733198308493264,0.1414366614807343,1.6276842774565934,-0.3280685445752939,0
-1.2961422703619865,0.1379875725041552,1.7093797620922129,0.781137796478218,-1.0920832682312824,1.8826458417672451,-0.9563326201022152,-1.6613920007613825,-0.12795187013838147,-1.0614974395780252,0
-0.7661022207718267,0.7800431541551157,-0.6158464089070147,-0.015410819613568263,-0.21024913193892864,-1.2341656732066715,2.6705370542903357,-0.7879899096146313,-0.17220999520902547,0.508183336227594,1
-2.2362527882016288,0.48669587923112334,-0.5337698988511439,0.7529859371041957,0.4408538910914544,0.13566253862341712,-0.309035997532048,-1.136242610398945,-0.24651180830750666,0.6342478801244823,0
0.046327557310846944,-0.6647352056770366,1.5648179056074947,-0.5352377690672926,-0.7757139121350228,0.8133848797621932,-2.8224026557039625,-0.4975368041505823,0.8449689217661127,0.24083588909172696,1
-0.05535106725613376,-1.204047524426513,-1.2008712526114405,0.24765000129749706,-0.6443026081731137,1.257922322810371,-0.19959967643008672,0.5520056814324303,0.05692204486040831,-0.2591843631138415,0
0.42491286095294456,0.17254732987558635,-1.6140594516647768,0.23209075650699956,0.05619764847596069,-0.2242576073924902,-0.837685861305117,1.1770001892245556,0.36484157157680597,0.27893820323296575,1
0.6228215147539629,0.8059834326652149,-0.12634115842088806,1.628215455851048,1.4105497970231093,1.1907563842257136,-1.5471003543988397,-0.5681274696360594,1.5275685045508984,1.2079609213615699,1
-0.20458977846842988,1.279221063744146,-0.41067155295715857,1.5162688111097549,0.5331604300027064,0.5523397895097593,-0.27606297468972985,-0.6385602207103294,-1.1532710330000069,-1.2503590141308951,1
-0.9035207258064066,-0.46393585695803224,0.3631710205554516,-1.3091441404169006,-0.567351002162035,0.590115268976289,1.227570578680504,-1.0416390614730386,0.05138390288378477,-0.021545221191680494,1
-0.7077880082031884,-0.5364912567801339,-0.6255286845191469,-1.61792052902001,0.16894697547463874,0.6083169508832439,0.8091470958682881,-0.17451045387660738,0.6610083661714523,0.7276790489345661,1
-0.28824269480756903,1.02388871112381,-0.2807183222784557,0.831417318401251,1.3521161833313182,0.48142666383280514,-0.03158540757561178,1.0406467166602014,0.2526144047950178,-1.1292215616581054,1
0.3752751708285271,-0.17773979821252014,0.9023232843483289,1.4713620423719365,-0.42095692730695417,-2.1608915568770044,-0.09984654362238361,-1.0289060279927622,0.7962793874725443,0.5101240249574179,0
0.04209531864771717,0.7349322928680153,-0.19571829101336422,0.4016104160313803,-0.40986067108185353,-0.29120540419410645,-1.689071219595271,0.8529321407788784,0.2919480492572578,0.4671268147788817,1
-0.0899568402734146,0.21762562625293622,0.027557541194770604,-1.879920036236128,-1.368548419483016,0.568944887509225,0.5623406748628303,0.9974475842919764,1.590083663225134,-0.7399391030829575,1
1.3144282945889445,-1.3454961307000246,-1.6592898530757696,-0.9875715261193589,-0.3202039435812321,0.31372667344423966,0.026225190522701516,0.8677034504830788,-0.6633914532609547,-0.6173111957371756,1
-0.2055219060653654,-0.23246046381217153,1.5009570114190063,-1.8781160946814375,-1.5066999564793035,-1.154666225398512,1.0635015003248371,-1.0310185063238397,-0.45509474950995144,0.141845395544616,1
-0.9611185195569437,1.2701984850473267,0.6657781696863295,-1.496431377418074,0.4642317258002321,0.8782682783761748,0.9660433276583267,1.4433243582522899,-0.384752869685364,-2.473299689281178,1
-0.8770797047105753,1.3061053422646105,-0.6704602583140391,-1.073073243300188,-0.0570462822413695,0.011478517137160022,0.9439497044361409,2.4342363685639716,0.2917160512879265,0.0819503289241226,1
-0.3493805390110045,-1.3303550582969932,0.24281495777843717,-0.2931788206772905,1.1885899804646345,0.7554211880653072,0.6589482099745495,-0.037524749681450344,-0.7142818534278084,0.041456020434371826,0
0.6595634650916563,-0.27240144950646744,1.536107505720211,0.35791137249758714,-0.1001420595086777,-0.32912030535623116,-0.2895780425411996,1.4987644314222972,-1.3531434366831476,0.14543662772267404,0
0.6790203045104227,0.3994450386798551,-0.7933775833025974,-0.7807087381324165,0.8914441973417631,-0.12663467936190506,0.22422668821061506,-0.5906552027741794,0.29302992354437796,-0.4629145917341365,0
-0.4093739891492758,0.7221275341358864,-0.5151315532741864,1.3278862845253863,0.5434328465939561,0.844174675506667,1.2804353141704077,-0.3211452740690359,-0.09836976853511888,-0.08008888400126737,1
-0.35331772809174306,0.8509706508402413,0.3380206875385828,-0.16191813343796396,-0.012817265293427242,0.5949849273303548,-1.5239415624044865,0.09864632136151827,-1.0741086412814047,1.1915070173800422,1
0.4293192866086668,-0.1649762963450529,-0.4499035011217274,1.4949969122750428,-0.13303103961508664,-0.0894015187217196,0.31403076835982674,1.0776441823899359,-0.5038565826207987,0.24019469697140736,1
1.3487878682901,-2.828130839035651,-0.3386655447085998,0.9465516110999885,-0.6209824912190365,0.9776394991013666,-0.24938125194037908,0.004827154510604114,-1.1468582759830002,-1.8653664247410535,0
-0.2728913561712938,-0.8525632915864112,-0.02418429990430072,-0.29811446939434305,1.2434444929403388,-0.14276343897385207,-0.3255914889901357,0.6735211512558796,-0.08181671470205046,2.417560913291315,0
0.18393634027606567,0.9481930155134397,0.12286788044018263,1.0586392558400066,0.3747148422313098,0.1138526723637302,1.1007125996289608,-0.33683762811205437,-0.4016495264340397,-0.4705534764805041,1
0.5588657879489666,-0.8229046821037809,0.3087859657273903,-0.9279305898128927,1.1602072604866744,0.9868319155496126,0.4317690668908053,-1.6895332690328377,-0.7587258613691726,0.7639254037334384,0
-1.3713232471471188,-0.1926273103751093,-1.2551889589393765,-1.914395863923052,0.6836147870949778,0.9155008275243893,0.4894915887750902,-0.7358164580249902,-0.16126453956851516,1.9748100356792668,0
-0.33064387147695085,-0.5828427350759314,-0.4625703725405042,1.8404854317493091,-1.1204244411983264,0.32050105577428406,2.0333734666726486,-0.9362324764474244,0.6016227679922365,0.41340488825764893,1
0.4522332723500524,-1.116670914632246,0.29288447162777675,0.8162966609498616,-0.376630504778423,-1.8436039558974926,-0.39356635797068146,-1.8013536800001997,0.056354502594519226,0.4370491781814861,0
-0.5305183143587244,-1.1470305042127322,-0.8360625358379868,0.24015099483488148,-0.018131629481926505,1.323594578201787,-1.3661825687844762,1.6864880959841275,-1.8121423692891707,0.8617779299369093,1
-0.28145821900384405,1.0123301291535707,0.5954613309081304,1.4126279741383028,-0.260693147031354,-1.4177562397719286,1.3704368893535226,-0.07075281040313357,0.1965233613245465,0.15593098054975227,1
-0.6441278738693271,-0.6033969466944596,0.7907530948204978,0.26828061437881073,-0.3767203596734453,0.5389302752310984,-0.3977261298993146,-1.1489041289154733,-0.6943860614469485,-0.7557960496562128,0
-1.1300262257452833,0.1690265657500107,0.0833073909643145,-1.985572395100393,1.1371310452150731,0.4159082941273156,0.32311243756887253,-0.610233593193788,0.012546845047570256,-0.1555010243930203,0
-1.1617665339422667,0.9967769868870562,0.19590182711116344,-0.07775726556080484,-0.720706627843464,-0.48859892421546813,-1.6138584753839773,0.4273043278476642,-0.4606758972379333,-1.4129851569412375,1
0.16933309281863,0.3075686296840664,0.5905957644227936,-0.5838894193164164,-0.6924447678799871,0.7198152801582045,-0.6639672627813422,0.7750043599243119,-1.8634999293549062,-1.2162470098552352,1
-0.059698139612798386,1.2471602380126536,1.0661051818428542,-0.2982376505961686,0.779687111190004,-0.8383324100297415,-1.563485606268477,-1.9093818351304588,-0.7051400729303516,2.434423487303294,1
1.105836446597426,-0.32451917971977035,1.1637520134835566,-0.6741276924573802,-0.5168564798729451,0.5856674770810121,-0.8040571358687816,-0.451808630872275,0.41897587958746374,-0.04165663648388175,0
-0.6618912758728542,-0.5324216153785134,-0.9188341767307739,-0.9893371686522084,0.1541157002176537,0.10612008813224516,0.25937327321437137,1.215488496049692,-1.9133366018788798,-0.6550204595442808,1
-0.35850443734187276,-0.8706231866538897,0.5772373355184163,1.2260588180066483,1.0956221987916932,0.8313439493761142,1.3696896542156343,-0.1759097835780251,0.35083214903639687,-1.3899449523508394,1
-0.07117035012372852,-1.5584676326209697,0.5103724277171079,0.24832602576701898,-0.7092909378098062,-1.6506347475388508,-0.5905152219200014,-1.2393723628595301,0.8008674121568591,0.44846049078381905,0
0.09786380091576943,-1.72518170846262,-0.8738271957295554,1.540463539679037,-0.7061498859949643,1.077575156821445,0.7185302260869793,0.09623394725225265,-0.05254496968857821,-0.2657438359576467,0
1.770668260834617,0.6192917812367374,0.3804291254364946,2.0058065401383764,1.396166580371436,0.6585992785017531,-1.256664288558281,-0.4494676634431058,-0.14218708360593765,1.5514870294745273,1
0.7161109143496656,1.1142304312209723,0.392951369269321,0.5336409989243953,1.519014004390277,-1.2270813118544377,0.4387670293414535,-0.6328624570840738,-0.601904323310269,1.212545734215527,0
-0.25203469271235573,-2.1726880350973126,0.22000216981798504,0.7817463256938588,-2.2258571370737137,0.4740544792657214,1.4234960585292098,0.5618066051613435,-1.9638949208966343,-0.4369416218467954,0
1.668179441254334,-0.014061719858579569,2.2028314121022055,-0.8192884301262435,-0.8128351413961515,-1.8088210203991733,0.47960679398008293,0.45501383888196534,-1.4326661388519937,-0.3451417314347775,1
-0.833481645415412,-0.9810467702986106,1.4868004913943795,-0.27062910186445505,0.6320027325598586,-0.8687075251166136,0.5940666184736488,-0.9420066563197541,-0.41385867625833944,-0.6270749907729769,0
1.165181781246556,0.7744539177078257,-0.9351786674290512,-1.0784285665634306,0.33889602906515665,0.660511446233301,-0.7725076838545839,-0.4263149036744389,1.1414390385314899,-0.8962460279178904,1
0.16824138572933983,-1.5213902937719854,-1.949630543776907,0.8774482454073996,-0.6784898290568849,-0.5869954392345355,-0.7241570700297699,0.6020326864039525,0.4283994809606867,-0.536886155197818,0
-0.0970197604214342,0.5835337711580395,0.2406530695047059,-0.5722300032298162,-0.2801673000047921,-0.24443658705967503,0.2505210513291392,-0.9184885447607994,-0.4375840368897602,-0.0682537261228908,0
-1.108371640458861,0.43229829833763994,-0.003747825693963896,-1.3649454861128771,-2.187273592189684,0.7405691843544473,0.6437340292421305,-0.8310390061442757,-2.032474985128294,0.7513928090740103,1
1.1631257343736865,-0.5832435290683634,-0.6451351056518659,-1.5169257674735261,0.917979384878909,0.9008442513148279,0.4608008551134021,0.8425529461735034,2.2070962562060124,-1.211446622648751,1
-2.204226920077547,-0.5526203252585131,1.171762217011991,-0.3971095477834073,1.516469897519029,1.1444800315192825,-1.3801732011885852,-0.6444836971742042,-0.442887120591291,0.6814500384269906,0
-0.12336287720355432,0.285659043697623,-1.1411290409541617,-0.9099400188719851,-0.322179106625589,-0.1281864639260204,-0.48910736665855026,0.9871723720530811,0.6849810319201358,-0.5266001284410696,1
-0.4391047192362273,0.47105343515245557,0.2084185938174562,0.07146070549131028,-2.0317106418527504,0.7254985520336559,0.9938270754353438,0.3071902907109115,-0.09401325486718157,-0.06202637156865939,1
0.6299876168291397,0.05389801515569181,1.2045787622771371,-1.6123636928119243,1.2352628133814911,1.87270963677741,0.1354555309867361,-0.19183940644078398,-1.1543223802376485,0.9285691426867768,0
-0.8695507065224324,2.4287544917989123,-0.339842677387262,1.9311794190283689,-0.1345356502360248,1.482569934878513,-1.5877836489271637,-0.6308677847965231,-0.44769467483869924,0.9999962155301486,1
-0.6080810819389247,-0.5378665459552227,0.19388181547746636,-0.5929421601700255,-0.8019532397709312,0.521863669247119,-0.3251962191207342,-1.0403051700114123,1.1756457574951538,-0.1458455534810356,0
1.1993328107538388,0.4434335991832058,0.06581618993434415,-0.13771186564607885,-0.9410303720301805,0.41902689258237097,-0.5006886345914622,-0.974645541430295,-0.08226590552511784,-0.2798114628862178,1
2.7250208073497655,-0.8411355742162048,1.253650683850298,-0.33418548590687036,0.4748376009754389,0.7338302429400935,-0.5971359117681815,-0.3865831297366926,-0.678293603619443,-2.022071325492667,0
0.45076298555579936,0.6071172007963179,0.20100174039756027,1.0195111645951787,-0.46700181365169674,0.22174211538451408,-0.5951063404615242,0.1668067469725751,-0.9035596731651937,-0.2437759200918735,0
-0.8394777244112416,-1.118340365126854,1.2262943516989004,2.0752278707016867,1.761472187473282,1.4229861007509,0.6258290634933156,2.641021087875642,0.8900388502882759,-0.06747374908573453,1
-0.040195475275759104,0.911583508699734,0.6255021454270382,0.04306225121625309,-1.1592044495471274,-0.42942821171250406,1.438004594974875,-0.4525394371641979,0.24266917301967314,-1.5730428849071272,1
0.8850898918686639,0.4957066058729871,0.6857170790713546,-0.4250064039763302,-0.881143096433573,-0.26107434462170603,0.8572725226897374,0.31413523144532124,-0.9928269959103321,1.6541931061422823,1
1.5860651416439473,0.21620530529444812,-0.6496079842372976,-0.4547917386741965,0.00879925977189256,0.3158971703390974,-0.417210774832851,0.8880312194968684,-0.6274082228426521,0.6870565471482827,1
2.02577923393804,0.6694230802233578,-1.1432054506456542,-0.5941139321323604,-0.4376185353758294,-2.566806460470204,-0.8028207575263177,-1.0793043180270465,0.9851745421900604,-2.033037030544422,1
1.5303010308595233,-0.9262024412366738,1.8839452148810554,-0.9019274993998686,0.6326497625849407,2.3907743640235855,0.7182529528787318,-0.5036141231724572,1.2091223016989463,-1.3366354355553127,0
1.8327334301292564,0.13713873110152852,-1.5047721087806447,0.5633100275033806,-1.4695042986883764,0.6129844315941958,1.0813294873666122,2.3244249050341375,-1.49478674603554,-0.6749891001494732,1
0.9689045577333327,0.8222401155337418,1.907643095978683,-0.04170664725735867,0.0022972569729656058,-0.20155566083711196,2.6903820085715644,0.2557341815305169,0.4030400432945849,0.7965480493268388,1
0.170770931967963,0.39523394757451724,-0.43711167209021173,1.9601718483900783,0.24665462553992665,-0.5911725303378108,1.1075041318981427,0.07997121775221017,0.8720703681379659,-0.8768012718298916,1
0.7079943796338916,-0.29933287109747625,-0.1193228387652899,-0.3082204292991191,1.3916121569677722,1.6889792058366706,0.4523411541038984,-0.7260836802562382,0.10198502622400524,-1.1021256409858848,0
1.3016102245353771,0.08802660199277589,-1.0529998904114222,-0.9430039920399785,0.3973810238724913,0.9397780701844151,1.014814066362153,0.2895856501128197,0.12259336833988714,-0.3615708785420311,1
0.377426024051308,-0.2390432735446173,0.8448218393442166,-0.892660368012725,-0.40404535771284217,-1.6245533412884763,0.011111822374902146,1.8094734487624484,-0.704549162909227,-0.3355773647785535,0
-0.787901129200937,0.8195566836206314,-1.7639902046150118,-0.8805108446999613,-0.4661055705453633,-0.3631093566899662,0.23262008445848542,0.986097658705687,-1.4618056930065029,0.6854518616742924,1
0.9282123550423084,0.32615014517430196,1.4329626363854293,-0.21894353343128875,-1.1720436179512435,0.5584260869496303,1.3331877799315641,0.417692192050274,0.4935658858711918,-1.1577700767713444,1
2.0333233170635046,1.4846690084683545,0.8576058258342905,2.1257978532561683,0.7595965037041527,0.7689210082059033,0.4469607767101854,-2.1990945715724566,0.23313566616926099,-0.54386528902526,1
0.5812629099886915,0.6467529287837123,-0.6676631288849537,1.9389350416637832,-0.8945861692698862,0.3916435174485295,-0.47353362144906763,-0.1498215092969975,0.5122157195185668,0.49284731482749883,0
1.560723423781778,-0.3641414700016927,0.04234871251329468,0.23729977991078524,1.1554287833102477,-0.3942013217684781,0.2567961194731339,0.34353690429918154,-1.3071088040851062,1.4722499707681136,0
0.07371157701560777,-0.7173229583954034,-0.4209631104346465,-0.203820705643072,-0.7099463554015418,0.6998744598808815,0.6894101105221113,-0.22107952784228188,-0.6254743252009708,1.5042401735683473,1
-0.022356711144941453,-0.21098957751191205,0.5319177055849824,-1.499810806603477,0.9071340170807703,1.354109443306552,-2.0481391205178503,-0.25426910465655894,0.579975453607916,-0.901154653762585,1
0.6855820937261274,0.668591250238042,-0.5033969176581186,1.0703602857427903,-0.32330964199464995,1.0106848544945783,1.3990107947467945,0.5505863358925606,-0.2919999892320938,-2.425319501627498,1
-0.22007309599774338,2.6760202376865165,-1.4163952302868639,-0.8967074445531364,1.0811543121638694,1.0748257119541982,0.5660827428481607,1.0413782017826765,-0.2329679225266393,0.004490589877498287,1
-2.068890495355913,0.9805012447562048,-0.667626318656721,-0.128159420941155,1.6882295263029605,-1.080626495384771,-0.9221381112949059,-1.3215069056462334,-0.5113920754445339,-0.2338742745499309,0
0.6336131127287113,-0.7630629800481941,-0.8072146300468005,0.20593400544691434,0.254459742129625,-0.5450898626392772,-0.2555082929358803,1.0548645809933195,-0.11067843480032645,-0.08019790092396124,0
-2.340925516401822,0.7172732938007931,0.2672598327655385,0.9031031588253989,0.1847363824337479,1.0130710177160993,-0.6873456663909341,0.6347235337030012,-0.3717046596088192,-0.7961680600637203,1
-0.4198460795464502,0.25515027597795337,-0.579200032287678,0.50933313967243,-0.17391552264915155,-0.1835336031190299,0.532970161610036,-1.868275113962695,-1.8748672538819908,0.4133347852247504,0
1.0173191686261756,-0.7604503951132184,0.8010163289068467,-1.2009578826836254,-0.7415818620624056,-0.7347048250874809,0.6623439737454487,1.1652871636096243,0.33700046191127087,-1.014118587475611,0
-0.38910754054643126,-1.9636521318942264,-0.4371792358579671,1.2790884841236505,0.6741661609129207,-0.9609044849414066,-2.2885769227467145,0.3440368498506962,-0.6068495672475098,0.15557133056373731,1
-0.7372621615773305,-1.0133070573583023,-0.6488839514440822,-0.6572958507845775,0.6048849026509978,1.4346544871243359,1.6223464943939925,-1.4885899340359698,-0.9470310377505121,-1.4275243521870198,1
-0.006598203487616498,0.6665456916000502,-1.3718561093800559,-0.685664331800793,-0.3008906478477046,0.027312983451969284,0.24417774220142396,-1.0496049543981716,-0.28215888966289526,1.8359531678402934,1
0.27650295204355396,0.10344156347143192,2.3870154353349404,0.399035595427393,-1.2313318314845005,0.5914327164085986,0.6368021018951645,0.10743035376729773,0.10391350851068666,0.559969421575709,0
-0.5852677365383244,2.0222291803829266,-0.17162990916382842,-0.18775866430006558,1.264153265102959,0.017904123144288863,-0.04625501932261473,0.2550970267054732,0.4014108843339115,2.1861385094338996,1
2.2812721074024944,-1.6648000541693977,-1.8866187066724405,1.0058335432493615,2.5033958646519183,-0.8257235091286262,1.3252303290306606,0.4175505933118081,-0.09502224520357692,-0.5330317680503435,1
1.1535198870555938,0.23212711401667116,0.23636828949395472,-0.4474220634550527,0.010992423784485846,-0.19353365329759217,0.40586010064943806,-0.09900525792559599,1.2300366606502033,0.2619642378980515,0
1.2972505366193468,1.9243468647447306,1.5038921095265487,-0.5260570946219246,1.177082386564076,-0.37866277768516154,-0.8988530875185584,1.8638370765018302,1.5926460696826992,1.198251818520044,0
-0.22290652406605962,0.8079931240320541,0.5231750895350372,-1.1218953528286757,0.5285916154412339,-0.060743908861953064,0.2657328575004181,0.5381151874836972,0.7792660370784795,-1.0113666406787105,0
0.34421346303858386,0.03784392223651478,1.4465452980762155,-0.6428171286720028,0.4547429452692914,0.21865394178351574,0.7032045855182338,-0.13635210035837858,0.9993874181337882,-1.252659895427674,0
-1.998282087632246,-0.8781434407720886,-0.12232719399095546,0.14490783281512593,0.5580037122887553,0.6879817101885889,1.9256937904750875,-0.6570896159526238,0.8517960130894703,-0.4402033343074969,1
0.5515401814060694,-0.23076981760867543,0.24730261710509333,-0.15663124469744127,0.1918193935755757,-0.12074319801087921,0.24347806178281037,0.3357715441034932,-0.45777125725283174,-1.0648009416099677,0
-0.8347002345785401,0.09532380010913132,-0.2296935943601501,1.038333658241046,2.475180423652243,0.992494291595672,-0.7355403701243456,1.8521186238929945,-0.806284643972833,-0.34500179275585224,1
-0.8106258122291109,-0.32644361861668264,0.8092988485296644,-0.4270722583188276,1.0236335762968771,-0.1668916422343095,1.13292557185631,-0.3825018479354039,-0.0435236119386749,-0.6874511035859557,0
0.10382736210532115,1.5230948548283574,-0.870211619132613,-0.6838276896121969,-1.15854382817661,-0.6595923535513916,-0.28084765401140266,0.7740193321732951,1.662374354758104,-1.1782558685509634,1
-0.2885403301648238,-2.0400054253288675,-0.8241577975193707,-0.5067075274006401,-2.0303765904541553,-0.36037346772090195,0.24900614521897146,-0.0407897630667543,1.2085354364221468,-1.4867073166518088,0
-0.9294976841312648,-0.36663718340930185,1.0073936160679373,-0.12132087586355467,0.8815693570079178,0.3756802155184695,-0.24094932887516723,0.3045266027120613,1.556522411447892,-0.1906606425345782,0
0.4487887875734142,-0.9601797244749867,0.10869000584188943,-0.308392441526729,-1.3130497156302385,-0.48867674363848074,0.7150755644096551,0.6695886244355408,-1.2788512883810654,0.18949376632981946,0
-0.5560681594651091,-0.722875853215207,-1.0532314140018069,-0.4876834480395838,-0.054236357238789785,-2.9710158970751084,-0.971185312018588,0.43644093610975254,-0.455756956443262,-0.7683870109553225,1
1.3099523237532418,-1.1826934605270367,1.0016266894570012,0.22923526864040814,0.19527128346778425,0.43789589603549545,-0.010983301325686251,-1.7556013643900288,0.09485879435668251,-1.034536248929932,0
-0.6863958655184795,-0.39546458167579474,0.013307761991401499,-0.4054142026942901,0.9441339255313742,-0.2389510411417805,-0.401329922995746,-1.9741046677307716,0.6201240039297692,-0.49000273011612616,0
-1.1332472710708152,-0.3638443703524025,-0.5805234866700252,-1.696958953754787,-0.09244045209207905,-0.846348645787915,0.6820745330544947,1.3653980298864152,0.31468670859451353,-0.27867983687211023,1
-0.16433173228337156,-0.6092348200836429,-0.06592809584333788,1.035308280196904,-0.06552827105219217,-1.043555600123033,1.8954790640440458,-1.0478405865394795,1.147205315117736,-0.7259041617409813,1
1.0604911834109119,-0.131311193084348,-1.8782160695505932,-1.737965055826092,-1.0100869454852848,0.22548992355321051,0.3498116612217881,-0.6291471382284151,0.4670547721496973,0.2264894579624077,1
-0.5296495025503906,0.8283367901896841,0.5113405349702048,0.5577685543560581,0.607509156352355,0.9855389696048994,0.10475436745004775,-0.27156562647465393,1.407928767824251,-1.2215578885266454,1
-0.4208166097429164,0.22468694646702378,0.19802932566382045,0.3151465504218433,-0.8388868710236042,0.8147202605697313,1.429510299206532,-0.9336800655607809,-0.449423945637487,0.22593785203376837,1
-2.593049387823186,1.2404394323664851,-0.1791752027236748,-0.8133175201817263,-0.05923912787861739,1.9455050205000066,-2.0464689625859593,0.994650131585402,1.8775376959759165,1.4259271604612895,1
0.28768107786745795,-2.223349107587579,-0.6224688949563009,0.7512070037641253,0.6028140820889752,-0.7014641256205781,-0.6421671310734489,-1.6542228772264793,-1.1820558191301882,-1.0556115410713784,0
0.8101916422542774,0.3793429402542866,0.9238862675295604,0.7278181436676376,1.2152177337713563,-2.0040107900850943,1.944469210736146,0.15215155897520846,0.1643246028100053,-0.17461678693538413,1
0.10193764725371153,0.054161384621966145,2.090526850028451,-0.779922399656844,-0.96462867485975,0.8643155425001376,-1.5333816725157206,-0.583347510515665,1.0608075163516415,-1.4253545864574884,1
-0.2805096318513892,-0.16728168369342303,-0.7760461547307413,0.6553167677690954,-0.3146384344471143,-0.2472792316399534,-1.0732374848655155,-0.5672880537956485,0.3084081958848771,0.975920404720361,0
-0.5777727170864493,-0.9032537457005727,-1.3176952619885816,-0.7336108837577855,0.39220770165005825,1.5972202837052645,-0.5718209114697558,-0.5560453058595838,1.8472145500550996,-1.0576768008171842,0
-0.24321111498677203,-0.9304157040470137,0.27285114699822594,-0.5816510748833882,-0.305149440583084,-0.20796944009113508,1.4104890111768567,-0.5106032812826552,-0.965485526868436,0.4680069054961887,1
-1.4925201736211136,1.8258276580150956,0.5834330707584268,-1.315583243557815,-0.7144552557652005,-0.40443516232489457,1.612050614036392,0.6269779297622491,0.7334866371901756,-0.47975500241696045,1
0.24204583536789437,1.8415243301212108,0.32477106605333517,1.7085887406456097,0.02109134639943683,0.12812340642329217,0.3903026070451628,0.5178784303262459,2.2288306182855844,1.5204672939370558,1
-1.4130407277334363,-1.1615542498827922,0.8175293948413807,0.2794328861078714,0.008674815359616077,0.8521818100173597,3.0487454519228883,-0.38313780038936474,-0.5687791035097295,0.8687219674819661,1
-0.9453346120985947,0.5442609117868926,-0.05143464523813897,-0.10325107918881482,-0.22908085663463973,-1.3038494414923687,-1.5701533003632926,-0.7788945372051485,-0.5875826375294395,0.15251290942481077,1
1.5221528599715186,-0.44885245631262605,1.0979906545503315,1.6746108935783048,1.019848347155118,0.5898306479253107,0.8328336771215719,-1.6776508181520702,0.7712256758667221,-0.765685155782148,1
2.000672024084738,-2.7089623509255185,-1.4260797067955364,0.27618727073049965,-0.447440504912959,1.6605330602094215,-0.1362106945324191,-0.3948171090054691,0.17745923789375548,-0.27272412978199806,0
-0.6563789851711918,-0.9052194697450736,-0.6730745041655429,0.9201400118619611,-2.272546165552454,-0.2031128152560868,0.3464643320670625,0.6113892709410901,-0.1885606970044303,-0.4021797452158786,0
-0.4729131940164531,0.374271430104076,-0.7345447151864123,1.5400450539247932,-0.3393723167898309,0.8025821338674995,-0.07397958900871933,-0.9287883535643163,0.34305381102652177,-0.4363587476864977,0
1.746256318275166,-0.26786058872576685,-1.6780231637384073,-2.2677597456235365,0.7726405527046264,0.2280737595411081,0.792822103968493,-1.16059987374313,0.20670588174115048,0.995821718363327,0
1.443087583454784,0.19515911022954738,-1.0011179756879713,0.38464432736402254,0.16496222937818616,2.4366183414973137,0.6556759426284026,-3.1319676022585985,1.1821079069568747,0.7455956231252778,1
-0.9194491847633625,-0.9439915077147799,-1.2068086114449508,-1.4888894253880451,1.4378206792349248,1.7400211174466378,1.8490098216542221,0.3600252658223334,-0.45877046734404187,-1.5422463110185611,0
1.0901528926431487,-1.0306334854354435,-2.0803755375034805,1.7924089110570656,0.7835193978460679,-0.782689421633435,-2.7327215851914404,0.01726360871561968,-1.743400851516044,-0.7966289349675431,1
1.0925633619786013,0.7104985101364456,1.6490341289902384,0.1446282619824013,-0.8192378623344962,-0.6711416653473801,0.38606330143640816,0.6991997352784148,-1.1184966331305222,0.47882615286553126,0
-0.32415019818829954,-1.5347150370125728,-0.4228730741888659,1.2748982798686699,-1.030761944144212,0.39704398629632226,1.66277934828804,-1.1365470797382018,0.2717635165635207,0.11218988956065212,0
0.8237126081224749,0.47920744733531906,1.7503390730573396,-1.225813350132182,0.021035059623601308,-0.28803973385418175,-1.2186571114065716,0.10206885152034952,1.7044124058488197,-0.11410033418141391,0
1.9550554438780816,-2.1184421474367023,0.48737121476628076,-0.6537670491774137,-0.4790987968667514,0.8783664788996902,0.8040565311757834,0.6092038367265624,0.5670655831044707,-0.16196805271511416,0
-0.6511305169582245,-1.1875457756687378,-0.298390701493683,1.0218704603915034,-0.4115803190602502,-1.3751062304059758,-1.1602432397828866,-1.424473805015833,-2.9573080236238627,-0.407348732801302,0
0.968886848221698,-1.4435398156990535,-0.6424280656938788,1.983807689974054,-0.8127606544239322,0.15290767188200666,-1.6919426265913813,-1.0317563763378097,0.10996096782993792,-1.16540319468036,1
0.4202392504617797,-1.6556617787331176,0.22326758776569097,-1.9719286928464208,0.08866180909892728,-0.05845127391674235,-0.8930558556198493,-0.3868615640103362,-0.6252959483494426,0.5176101896509792,0
-1.7077148903852681,-0.13897571459459568,-0.8491233701903722,-0.7677472120881325,-1.5821416138326991,-0.7630058727203388,0.9828505025037417,-1.112571079161925,-0.10214479377533424,1.1109231363356362,0
-0.005924072251181685,0.12927613208903513,0.4296356452238226,-0.5258454123980428,-0.5709662442878659,1.362301204143558,0.5433775264170221,-0.9982618942029572,-0.8824120847606778,0.28140540889229815,0
-0.7404970062580767,-0.15283744229134358,-1.1868496307783283,-1.4559348525142524,-2.694436425421303,0.2860779817848387,-1.400040111814191,0.15065561552083007,-0.3634865012856248,0.15093308124187144,1
1.3521367585609907,-0.6379826172359941,0.8288705234710747,1.1943633299267757,0.052526837781072915,-0.42615840710386454,-0.11799404057254939,-0.8314682549117274,-1.1522924932027905,-0.5608420640090126,0
-0.6449885420999844,1.168447470328504,-1.0087870192830732,1.117089025110139,0.7594804897706907,-1.4719398256127303,-0.10620124786412605,-0.17028208538770365,-0.16680749445890236,1.64918267945153,1
-0.1551428089500599,-0.35437033568282295,0.8360237504291756,-0.04023185070888502,-0.16509680609535254,-1.5104577582929222,0.004128814894436983,0.56241860367953,0.1563520414284613,0.12548969895542075,0
-0.06865025280146782,-0.00853987247179895,1.2861363060093267,-0.4856102898013532,-0.7230063027801327,0.13906986244840613,0.3520283826662109,0.03472258999459442,-0.6962595336536241,1.2192688556789746,0
-0.43232000255589664,-2.0846611248751277,-1.7994705546586667,1.2705501657050176,0.08723507627935545,1.724739363455023,-1.5377809927413892,-0.3322094169143095,-1.2149687720595306,-0.9703787289832855,1
-2.197691926666584,2.724110499215777,0.26017539225356623,1.350728802888668,1.8295774066917612,0.7663497453240659,0.07370444308376883,-2.4723060995113775,0.9842298130002843,-1.5362754200247255,1
0.892257884749868,1.1100008687629395,-0.34264274255647587,-0.633329859343282,-0.011579465480793113,-0.12353896702144412,1.1150303269217878,0.9603303799660141,-0.6648300558177451,1.6910648304470786,1
0.14386099595965895,-0.8706358725550741,0.368939817410996,0.547104791390735,-0.04897766962718938,-0.05843691523907397,-1.9896454782066832,-1.6613125468599823,-0.4088711803627999,1.1412077937631524,1
1.275597323305137,-0.0440429878313537,-1.706382578089405,-1.9973377532515295,-0.3998524686787014,-0.6929208645599537,-0.6064950582060519,-1.2780954449950916,0.5500547105837971,0.612843559793155,1
-0.46898715506363886,-0.08674639175942468,0.009483316344038316,-2.1047139297888244,-2.22417843506695,-0.29200728792920216,-0.5363727697825359,-0.04842743548867685,1.2760734142661982,-0.013983770535774558,1
0.4741248277718854,0.7138518649577155,0.14192653307463252,1.2706661750922694,0.39881132657238244,-1.4853061101765663,-0.39112529088711206,0.13020200337347776,1.0065928812166451,0.47336735184887624,1
0.66839521890313,0.18900662205753851,0.8580625246742298,-0.541203322897703,0.6496983285383273,-0.34726160747460266,-1.2901658925113282,0.5212197377242315,-0.5931844000466455,1.592481294247211,0
-1.2047158798971238,1.4694775818174413,0.2834423782903385,0.16569144238395783,0.7650988525274028,-0.3991141059389403,-1.3958527881920186,-0.8195338363193861,-0.3480047740741018,0.17387435203242266,1
-0.8511320881692872,-0.682173504830947,1.9312236432313663,-1.4710185539374043,0.028059981126228217,-1.596162521239729,0.0399055794305183,-0.19449672325475198,0.3269367294143378,-2.7325623944292325,0
0.8991245292770655,-0.08280882147580615,0.1720681855690395,1.7058668384970448,1.80241704391918,-1.1722324678651532,-0.7595357408506327,1.433717363982721,-0.6960459864931441,1.0706140377158881,1
0.9371915337062796,-1.5839917555507281,0.43284871187604723,-1.3489404110565821,-0.6381786880449584,-0.5563902691833192,-0.8476976081470542,1.6938878170353047,-0.5482151094120655,-0.6641658224725391,0
0.9535866516994639,-0.715022270743163,-0.3493429854850067,0.5821550303123487,-1.1918315447291066,-0.9008165785383561,0.6736539895989262,-2.221646544878898,-0.507078087219509,1.136724768417831,0
-2.2051034645754948,1.8625366481181644,-0.30627904204094225,-0.07915806552111405,-0.6092394325490298,-0.7428761235615304,-0.5918589642028734,-0.8328717114511085,1.18877334926099,-0.7919262157111941,0
-2.281305792694086,-0.482018003658117,0.9834179419033295,0.876792488549103,1.4458175657158827,1.7227231838000459,-1.4619279351170837,0.4137480734557409,0.8189490075573302,0.5025639604839551,1
-0.6116310759188245,-1.7253622415937468,-1.4479994493346828,2.3382325747197967,-0.6055587390680846,-0.21658547516809745,-0.3019065416625219,-0.15119318980753318,-0.9924637622503634,-1.1568178502634945,0
2.8097011435732293,2.6529458804159876,1.5616557736792267,0.9088631287180774,-0.26645352563396674,-0.6372444566255356,-1.445551430046581,-1.4995194350430148,-0.2601058105833051,0.7376657914482494,1
0.17584571165005292,0.5808831105927824,-0.9962090151461385,-0.5098923596697212,-2.8784267689241836,-0.6397399930538524,0.5217942602054548,0.417007728579655,-0.6747221355704269,0.7842971303620628,1
-0.6307555906525206,-1.3089659187235936,-0.77223728420998,0.47057473525496424,1.1773061233564652,0.3292823957244677,2.0500793296880766,1.2265242944711554,1.109747855436369,0.7380651066979942,1
1.8555455403701624,-1.3910032114472841,2.3214717824012405,1.1840017516404748,0.7795923914465398,-1.4288072587287013,0.458625991756571,0.5598732783812538,-0.9575679873704243,0.574858236792621,0
0.16029074988453906,-1.7898343210000371,-1.1803574434412025,-0.4464137471311454,-1.0444874721181916,0.8635096922172061,0.9451165725464195,-0.5042258720758107,0.533912517609756,-0.4079496108497876,1
-1.4228495469631228,-2.200183083335388,-0.2326277096408701,0.283184861263656,-0.7460022009442238,-0.592777227695483,-0.6631528644424535,0.9614509163724766,-0.2834632288976984,-1.4144188143036343,0
-0.3676598535224105,0.9652522152071658,-2.2718815092284594,0.21576931738734276,-0.8588749459851055,0.2930172711093713,-1.0566317482883705,0.27519233544851546,0.48389030332763994,0.7417382383025851,1
-1.8862883675077626,-0.7655097808025378,-0.5440334829850904,-1.1281554820310264,-0.34639849070591255,-0.749613969860726,-0.2709519205794703,-1.249000950157801,-1.3973939406139884,-1.7414784936917902,0
0.7548220931778789,-1.1895748665241923,-0.22004918763242265,0.6082552288328987,-0.8214498504599109,-0.34051038599286637,0.6094125778924193,-0.5323384948881517,0.4411535415367884,-0.9344345481504043,0
1.7812245781622742,-1.5557696896724853,-1.221714403883842,0.9930977956872312,-0.44719966255470445,-0.40635425470388914,1.1608514857584382,1.5590761298705826,2.840934045170846,1.2633653272302192,1
0.6526294599846313,-0.47834564938154406,-0.9272823009826137,-0.8040266973221034,-0.2079123129196103,0.5298104361494183,1.1051594795290447,0.14925465495616747,0.05137496778317731,0.5962801664442706,1
0.2375037940405147,-0.33978304961742956,0.2698612076383813,0.6598739640542651,-0.8170059694342733,-0.0593372929067282,0.7732620488112756,0.35993074515701146,0.0799917644565092,0.2226464435349495,0
0.5942014265411584,-0.38074612241068456,0.6136278782467391,0.4980079458531437,-0.48711735591105787,-1.0762571050969605,1.4417776555550867,-0.42434722079113846,0.6996921477940655,1.0483603443653273,0
-1.1329343313282814,0.6596950619222537,-0.7371941180513102,1.363374386228518,-1.067293741390219,0.3306941277065284,1.3892273403124547,0.16067286415277454,-1.2688126054995426,-1.2382125198448422,1
0.4974278727895833,0.23479550988515677,-0.09527287531892631,0.8264240331578887,-0.555455667235428,0.7515648044804379,0.5021800494162508,0.4036670216097925,0.2171846927249087,0.8506961413219204,0
-0.24423451883692596,-0.5709036842181517,-0.38013003169035064,0.4837829934822996,2.551148655934658,0.3185915401951976,0.8530621844377022,-0.38970874100270264,0.6517331766966568,-2.284413929779758,1
1.0406815179638391,0.2725427308241023,-0.4312794300041516,0.6054626183708427,1.0174041191809822,-1.5913467811636273,-0.12317417004953109,-0.9391925196341772,0.11726251279466149,0.9081083706644478,1
-0.2670710335696844,-0.26836813835056045,-0.6859844453690119,1.1578817643346628,-0.5667300552958596,-0.9938774769303432,-0.43764820056338366,0.9960883221148612,-0.5088280505679528,0.8468342502189984,0
-0.6772836861850628,0.13687042883690692,-0.12639873091840337,0.06553709774386787,-1.4221812560138323,0.7609592993605289,-1.4225710963505764,-0.24357522948856336,0.05622426168019664,-0.39456445640288745,1
-0.6716078230151616,-0.06638489106889214,-0.055572625260679714,-1.6260856974451574,1.5009966877245535,-1.6600813740649436,-0.04393125904077979,-0.4525351488300288,0.11503995419386834,0.6817311522040086,0
2.6256144457846546,0.6190531295702778,-0.33751580279769017,0.6956574030042232,0.0978422915252854,-1.063804685852803,0.1268251967912454,-1.2881261511455833,0.006948720229944149,0.6009330146547446,0
-1.1168006401508905,-0.23438252214542632,0.6078631605696295,-1.8626193673754259,-0.5862928862857449,-2.4624223708052146,1.3279952916972524,-1.1507593449628604,-0.004187720341121327,0.140217501957155,1
0.9362535725466031,0.07043187851424784,-1.0334257291781663,0.5909794781730826,2.5163900748109724,-0.5261850335811442,0.3801997040005864,0.5179098527144042,0.6615532687429645,0.5847522547580648,1
-0.5661823837482267,0.2494942809185112,1.4027376948489956,1.5006047337572557,-0.12217845255771219,-0.3724115302242276,0.2756636517168448,0.7389398808610345,-0.8550331016043872,-0.0750082137516103,0
-0.5053469214826972,-0.8484058423525904,1.3597290745366617,0.7149898086090496,1.1503576150924737,0.5755796755822704,-1.3411020887000866,-0.024935416646806242,-1.834505461405178,1.429505866118926,1
-0.8664172853019196,1.184210292744333,-0.27326271043764233,-0.9314866324975759,-0.4860527435647929,-1.4272612392788147,-1.094884765102142,-0.9676907365699089,-0.8417247190431978,0.6328243283766637,1
1.397031114430776,0.04104710872568246,-0.4640352738948485,-0.6101245348759314,-0.3606480890510257,-0.199227922647832,-0.3579478222828097,-0.670405325426637,0.018052948826035475,0.42718965163251565,0
-0.8619219742938617,0.13548793223522979,0.5585017095146727,-0.8780771766537365,1.6858184306485506,-1.6941808939404785,0.04043193407414581,-0.8083835889832875,-1.7456474033138019,1.118518182780931,0
-0.11515634319648775,-1.6952806929032889,-0.0539282548846811,0.480175678626742,1.093487245295316,-0.5947379717712943,1.0585449181784672,0.5919206092784451,-0.3802886118863579,0.027047342426795115,0
0.010536697447195188,0.17812227233907466,-0.20348049475628818,-0.11645437071570056,1.2027798074235647,0.16258899325197806,-0.5360427858934034,-0.6444739133648637,-1.199207909587762,-0.7358752085158707,1
-0.5196163599941902,-0.0452785625108321,0.014090594074408856,0.12168919181901225,0.9957228558241682,0.25300951521996357,1.387529369206235,0.28808685628287006,1.2971782714052027,-1.022708397372019,1
-0.24957125769621874,2.0519984093494554,0.6163176147649874,-1.3636082486549548,-0.799862231420234,1.1735637908141827,0.6332586339159577,-2.204172857740255,0.43509913546464335,0.8818895320575275,1
2.2436594507282206,-0.5927021697786364,-0.17700696998059778,-1.8545119950918543,-1.2995024562611666,1.1474591129907343,-0.8890919374504668,-0.9010772639365989,-0.09577560017911917,1.6886774438171261,1
-0.4829965988829622,-0.16521378061409495,1.686730749209632,1.4906647105765556,-2.9387002059763834,-1.5406102913706536,-0.24201201210893888,0.051851342771362066,-0.08420214850143712,-0.8893617162550387,0
-2.3689801750315524,-0.20034307182725242,0.9417423919951039,0.6465194369837142,-0.9159613682267038,-0.28278583027824056,0.9284267749528374,-0.6415086392987213,-0.13947649801557307,-1.1665500706800043,0
-0.9215808226333405,-0.7168753887911383,0.3721851854903125,0.7704199067960974,-0.686596406267761,-0.6851447735474464,-1.3972412863000427,-0.5527937049417181,1.3404814810755619,0.14218006576896886,0
1.5190033138842483,0.016677117941437506,0.7109875865559677,-0.1988806552571582,0.648762314938272,-0.7025328037328823,1.3714477744291609,1.1569807491241606,-0.06393638299935273,1.4599970020332005,1
0.5524984188665393,-0.47336487400886057,-0.13803353805903537,-0.9392905063472456,0.6093119214816022,-0.29052305580355287,-0.537500561058138,-0.8763071067051402,-0.010129093070543486,-0.8965410414932118,0
-0.6926816136990898,1.118495904915875,0.4450919481706299,2.465988807078574,-1.5566002243327224,0.3350454307362712,1.147152885235043,0.8466331890803422,-0.24239486198700796,0.6407741417678722,0
-1.0600082591583286,0.48607320858205894,-0.13757119461187287,-0.8165374698709621,-0.7786721659189303,-0.42285700528985387,0.6642010986141711,0.8763960964428043,0.5813366197780404,0.5260193118419662,1
1.4671555504106528,-1.027701575056674,-0.16529336091013885,0.515816403911545,0.6005756585582821,1.7286917113719988,-0.25803755463259404,-0.3053427965147826,0.5562707214464697,0.5037026046819536,0
-0.1679131727874871,-1.7626461453123483,0.3355526312205081,0.05478370225444015,-1.2173676877801605,-0.44650742633083945,-0.21325102168555546,0.10738225334457886,0.4806021496814187,-0.313265725124608,0
0.7597959068113311,0.1043675630233738,0.9076951582043356,0.10839453664481805,0.7384151452362226,0.1720158844748815,-0.6979822110667263,-1.9358601232974126,-0.39393006473036735,0.8036274808208117,0
-0.2086217318530937,-0.8348484075227088,-0.029562124253158358,-1.0920599614712962,0.02299070536745319,-2.3698654034110627,-0.1508198332159573,1.2260096825100082,-0.02886654754536932,3.007934993266856,0
-0.0482216355946755,1.0463334271019895,0.629347008809571,1.090665653554803,-0.6822685758169282,0.6437805527961007,0.005957081716651986,-1.161491234836072,0.9119928575806696,-0.7838104848787901,0
-0.18337459189215918,-0.8959576800770115,0.162857760336956,-0.11219091523466736,0.8191313300288188,-0.13130247876617152,-0.7129888165220838,2.233460601235036,-0.8744572811650699,1.0464171463035372,0
1.2830307747086311,-1.3589161331214041,0.418986520722428,-1.5160263242689693,-1.3516026161944559,0.7231858059746903,-0.5214107124286239,-2.770768821449979,0.14472478620216575,-0.50983460149748,1
0.6847631554909649,1.3304175909504288,-0.6448568401745626,0.9009059073065512,-0.9944655765795901,-0.1014804372520563,1.1538072107093116,-1.2551161636964265,-0.822256895819182,0.14109270393725312,1
0.5078271760432795,0.9293131092505473,1.0106043970307177,-0.7226515773390619,0.9372171377752277,0.4881454414898502,-0.36753873555941025,0.2040055054851738,1.249548821946764,2.0687406898455207,0
0.41614597578860496,-0.04460441452114735,0.19779551234202797,0.4068217821722056,1.5717135634151087,-1.4555495288288902,-0.2681207070031622,-1.4064419265681292,-1.3779059852716031,-0.4006506085367312,1
0.1429569524514458,0.9508983777841041,1.5197336592954713,0.6492235961668581,-1.258234231858036,0.4475192538839237,1.1666370602362581,0.16676456124521058,2.640720063948574,0.5337573066779885,1
-0.06162756634039431,-0.6324254613406854,-0.6348063413719238,1.2259146722541192,-1.1893886159654923,-1.2871307923223563,0.33389253215685744,0.7950428101731665,0.3620569491029427,-1.357799742594588,0
-0.31480674559033817,-1.0611504135468595,1.8652194267312159,-0.3977962361012733,-0.15091759009842828,0.544742029866223,-0.7956620993072145,1.0716241886478524,-0.3502107580354476,-0.613656303668005,0
0.6610574334671373,0.3716595214338401,0.20363657658428344,1.00738642473082,-0.1235077757366816,-1.3638734511194635,-0.6708717974836966,0.2735649558221527,-0.21420582816399905,-0.4496880134362207,0
-1.094868489559057,0.0959623504816614,0.1988528412833094,0.18251326463727086,-0.38095881653905517,-1.4975192134829067,-0.11992067719603312,0.5701933047415152,-1.537834740751678,1.265738064467235,0
-0.3473542636872249,1.3977308654404967,0.1734356421533278,0.15015854720955427,0.030913086241331395,0.07250719305040514,0.7679060081015862,-1.677266705946856,0.1748985388883603,2.2679062078391126,1
1.3583611934492914,-2.062063795738857,0.00237317485420413,-1.0105829827223798,-0.05602552122568877,1.882961756098798,-0.3375808499444318,0.4201848405483732,0.022992489719796137,0.6229730116649628,0
-0.2980589001770356,0.8249172768005779,-0.3207214425056353,0.32372229098315236,-0.22908559155564287,-0.6364736063207221,1.87010566597879,-0.7331602800215774,0.9395822035885754,-0.6596196354520243,1
-0.08008290659022492,0.1179448395046468,-0.12856543154526276,-0.29765994093546333,1.6489152250173131,-2.115979406559879,-0.37037164441957604,-0.01917918493593594,-0.6073432714266748,1.797054617733816,0
0.49468129909971936,0.4781326725715535,-0.28967654343563054,-0.22443489989313775,-1.1188935499947037,0.7082311496240785,0.7904562928357568,0.44162868862831933,-0.19302465000773966,-1.7241889249137299,1
1.3733264119781319,-0.5165213775997485,0.7034996730649041,1.076409372699209,1.0187142044310917,-1.2888139350053638,-2.5289899263123568,-0.08849106101424366,-0.9443557732601788,1.2125786488229828,1
-0.9287657608462492,-0.5133155400958628,-1.7885188722404304,-0.898058952729991,-0.26300212959216357,-0.25432188737398426,1.6502058499180474,1.0952940875839163,1.192410144146758,1.527873862404119,1
-1.0562806080043665,0.9491871040591117,0.9681526823723552,-0.5360886213031173,1.546113105431203,0.012877332937549993,1.1962699647365118,-0.1020889949153684,0.9958567540349768,-0.33555586277497484,0
0.2022550669003972,0.7187735861356946,-1.3731437409910257,-1.8376725610117535,2.009686564224837,0.3544569738052268,-1.999857324231524,-0.8998117370690805,-1.1724325106831495,0.9467905931494536,1
-0.6782509079000207,1.8614263032281273,-0.8940400331875573,-1.34352909699076,-1.7308248186342736,0.20066335710526478,0.32912075125146517,0.027205743185590343,0.7146410948550277,-0.08653608682258576,1
-0.022012467048051917,0.025844223700076645,1.3805400268982153,0.15698317225553554,0.0129472531501786,-1.0299632102583585,-0.004503186815625433,-0.6878572015378804,0.9215638275323317,-1.016634409793412,0
-1.9003696914644261,1.3160200842685132,1.3990337216227964,-0.577767286047327,0.24891428372094784,-0.690731388361641,0.2963702385919988,0.7123683989476419,-1.0681475083540837,-1.0057469652982503,1
-1.0239364192571805,-0.6457011473164738,-1.7077549427411842,0.6621944758480329,-0.17703607150198658,-0.03746910556769865,0.000498109048138435,1.7055631086328384,1.1737465723647493,0.13138811175696177,1
0.21506804700839205,1.415124095979885,0.7940561345096182,1.693880047264184,2.701812336551822,1.378270657057788,-0.8916974216043356,0.2954497580247278,0.0425686539281844,0.01299173921879701,1
-0.5266982026448499,0.3970744553296857,-0.5947547119696789,-0.5040508183134497,-0.6561094953951816,-0.9024688507597776,0.15019075786524358,-1.0547509838053146,-0.5816646503725408,1.0112813605956354,1
-0.524434980542717,-0.3611845021843006,-0.3944584338904634,-0.22241764838241196,0.9840445468139266,0.36079605684481036,2.2245519760661825,0.5041725379405615,-2.5631781725745304,-0.02462543470179343,1
0.547052797574943,-0.5299681009539092,-2.0029202039440945,1.2586548498477939,-0.7389321346087213,-0.7096019021265596,0.4126089850372183,-0.21221279550225045,-1.0331088880420292,-1.1469841864764163,0
0.11873192576862872,0.9566637994975756,-0.39539103096972367,0.4237732801660336,0.8736165028807382,-0.21041565214081911,0.9118717593989546,1.4991759708292134,-1.6171330319135984,-0.34341074420428,1
-2.3053224234261527,-1.4790002043608121,0.9697187924384993,-1.5455453843851645,0.0029531727117963684,-0.9498687707768402,-0.8449266039868344,0.13868813178864547,-0.5978381047221595,2.005519262798446,0
0.719991138685963,-1.3223021520659661,0.3193653790189713,-1.5424247431798708,-1.0665389490764121,-0.1952422190290625,1.4121673420106338,0.6668194951083141,0.8212437476189511,1.0150571070461458,1
-1.2845045596199125,-2.6477887298406766,1.026185410176188,0.7989477086882452,-0.31931166630158947,-1.007994413133038,1.7761329388478966,-0.5840694432184582,0.46116929738992163,-1.1307799717990548,0
1.3569787876682777,-0.5344270753617962,-1.478525316108312,-1.9549001043239638,-0.022744227979826292,0.21969169326023408,1.0282199996508394,-0.49177586508296656,0.30532182565065585,-1.3243511350177046,1
0.48468627798385755,-0.011301867936843329,-2.099307991591353,0.03559433431934669,0.5152584140734918,-0.908564965572299,-0.6706869350419565,-0.4039320419705581,-2.265100571287215,-1.158070703105605,1
-0.2561154143302568,-0.7563988536277235,0.018244306675563513,1.8622503463593616,0.25603199384191566,-0.2456173178530803,1.2538588584257135,-0.33866103153391997,-0.4480351363845567,0.7860005459695761,1
1.3546263068343696,-0.7569098478750196,1.862572930094346,0.413459628677876,-0.1118598022443904,-1.6973166352044418,-0.24237408039290084,0.6210108284660031,0.3603904152784818,-0.12286236067315622,0
2.0759505803869307,1.159745068983059,-2.4401241305257675,0.2793857005274107,-0.12449472384192138,-0.962485437613431,1.156140206526824,-0.3091144154625691,0.7977246679768999,0.6163326761966467,1
0.6668801993571806,0.7064061842456313,0.002330638608819877,-0.14371194228967188,-0.5455311250261362,-1.768638967350652,-0.647664533603775,-0.5822298684259298,-0.13276336268865901,0.6095655214367115,0
-1.0137197024379423,-0.6740797927549825,1.5379453109266439,-1.0453188465161392,0.26924733790416905,-0.86048033948165,0.5869548390673376,-0.10491566403164145,-3.6834254576237297,3.1027154575652673,0
0.19659506908435523,0.1060191820823213,-0.6780629099982907,-1.8324809881526956,1.0029767834933667,0.8380091390565504,-1.3468234158655603,0.32358153190481287,1.0858495615885153,-1.2165829602538583,0
0.2108731700382351,0.74070365495494,0.6884251220541716,1.2106007077770031,0.16207358446253395,-0.6729022725582631,1.026785608846096,0.7709138830895071,0.7354533486845228,-1.046552277862307,1
-1.5523887064375035,-0.5585443102634757,-0.45112484398347913,0.9429497038743158,0.810035192530098,-1.0876562324580252,-0.0470777569466841,-1.6740741746104388,0.1319757580668312,0.22194176505527577,0
-1.1106346720321985,-1.2039043726734797,-0.04069101492096695,-0.3845586262733021,-0.2313138218435047,0.9628401821906933,-0.4145609900413054,-0.43940454533314255,-0.17915483128917625,1.4448654496181506,1
0.4504456177691022,-1.1586952897835594,-0.5626940116767156,-1.280698889625686,-0.5869213861763821,0.8758502720788863,-1.62933403081717,0.38610562270749366,0.2950596733431731,-0.154008963940876,1
2.2803112732391826,-1.0953093674674277,-1.4133233122435296,0.14424192365260893,0.19320748001439358,-1.1389440992635183,1.7312843204041002,1.2996239316261102,0.5897199324461302,0.2554580656701777,1
1.6925906279849425,-0.41196568854744897,-1.8511075076751746,1.313120342405413,-0.9410464625712364,1.0318260638286705,-1.2482491487754994,1.8277595178635389,-1.1732963847387587,1.1718687678349409,1
0.8841718182048186,0.26600487863011624,-1.6858864576152037,-0.504696828792439,0.5157840540147866,0.11539558040818616,0.8642796416473376,-0.4675439540335718,2.693115987307678,-0.771766994347683,1
-0.5384799446573829,-0.8971418788703762,-0.6919641017358582,0.3315080681932804,-0.001023114593134598,-2.181421785388478,1.1514347946035952,-0.2770566975367529,-0.17976412312601334,-0.4145865108000505,1
-0.37667434221349183,-2.0225411872111345,-1.2588799858752042,-1.5005078153272615,1.1587904537444813,0.154627758445209,-0.25522627107687845,0.1642854955790046,0.8828504232504503,1.007458493147575,0
-0.43238636618530835,-0.3570371576956449,0.557739852617202,-2.4688836306677366,-0.3310640450009098,0.03781906976227917,0.6817561439614787,-0.8577605757121607,0.5159182551294635,0.2967452303901621,1
1.580659829411814,-2.193148276506922,1.15974589356045,0.8661964261685418,-0.45928277313274135,1.149676053332438,-0.347393710269162,-0.40194722607707334,-0.5899374933956164,-0.8559640232074892,0
-1.6847064151587414,-0.48781533994924786,0.9035153478501505,1.4900170392809513,-0.9264163189357267,-0.6777828558697877,0.9003903200908775,0.23380205031917065,0.11800999156920727,-1.2214158333981657,0
2.135839579661295,0.727043780090882,-0.803239399939795,1.4398866368577263,1.4412004960173332,1.324192344734256,-0.8289664826199429,0.3355244645418113,0.0414784093810277,1.6134146796880184,1
-0.012045236853271031,2.289768837338539,-0.9382315218687345,-0.6477515848119693,-0.5751169926385871,-0.9944627713966968,0.7014375295582045,-3.3811124452119263,-2.011524123008888,-0.07609483519682564,1
-0.29108659019024025,0.6849129271053535,1.0022898125029878,-0.1402769679857189,-0.43148096202262953,1.318924322046635,-0.2978850380176795,0.9676650172265975,-0.6456221997691051,-0.33748680835009687,0
0.5624562546330725,0.02579473198903238,0.8864395093725064,1.1426908905655233,-1.06513058622443,0.004178734395663178,-0.8180597058792025,-0.9615963932886163,-0.5580565689155201,0.3430537965991519,0
0.7315635547473112,-2.235333221736388,0.4655964227048553,-0.20228105692790657,0.7849989342738042,-2.300642980010427,-1.552674301533117,-0.8206492252754233,0.06793828698074192,0.12014691243481247,1
0.2080936834521666,-0.023779778236546614,-0.4468100913513634,0.2507179416205716,0.9845951580406325,1.1706028993101136,-0.8098402893113852,-0.5503613198862809,-1.3730523528350311,-0.9389980946571777,1
0.14688445026802582,-0.2429578662563032,-1.4310257881318815,0.20031873003482747,2.1793788399495115,-1.3273330313214386,0.05898254346604386,0.48525903387052766,-0.5356909733231939,0.07008867735586703,1
0.5095493726194038,-0.7796146033875059,-2.0185911933720693,1.662303533215123,-0.5405631845401676,1.6259181098465199,1.192440293716529,1.3957355157365958,-1.0022145133356253,1.1067431037162438,1
1.5405555309799355,1.3291709929064641,1.5714199399589839,-2.1118538825115603,0.5940664002897879,-0.019571681975115073,-1.7953085172958687,0.21459772064364677,-1.3516973959598106,-0.36116752108798145,1
1.6862402750755072,-0.9789337717895934,-1.117634849798026,-0.06863771222246444,-1.0318838293851746,-0.6384141516339683,0.07726823744803374,-0.7834144606443261,-0.502018544081136,0.2018076004748184,0
-1.1769248912579864,-1.8452131337364401,-0.915286676221527,-1.098456494351554,0.7911127681584514,0.38041357286351213,-1.3742505280824782,-0.5975759038785763,-0.9944172607400229,-0.821254906240317,0
-0.1895277822930986,0.652498417392727,-0.20047330203809427,1.1512409640600914,-0.10791579130590527,2.557668397801458,0.23657238095898184,0.35316995112579386,-0.6098403768386543,0.8382709203976642,0
0.034288605346101064,0.9713885740592777,1.397794115099088,-0.5052600250925539,1.3498398504205495,-0.2670417697357943,0.11518777206822728,1.1422263222370952,0.18989464531865016,-2.02303227924541,0
-0.3339099307005731,1.4513172664324696,-0.9378246476505793,-0.5270046951596935,1.1688179254227642,1.1174782102556056,0.8601484788585472,-0.7412235881880214,-0.662804995781301,-0.4520953735343281,1
-0.38212536558313037,1.9120131850731876,0.5295679831290334,0.20912814027575427,-0.16191922477841195,-1.6744631069356313,-0.061056357683289306,-0.5960760576809043,0.9417206925111654,0.2689595559623034,1
0.9727972485358709,0.6150656941029948,-0.08737078948197063,-0.7258999380393252,0.1830882024610213,0.6890037780254782,-0.9109365084829047,0.8052455614865054,-1.4883531792402838,0.9051046120783485,1
0.30867526144867835,-0.466844797182049,1.5994972891740282,1.114090020324116,-0.057932990525085,1.6423758342600685,1.1749410711100814,0.041315600476344444,-0.6895326468395994,0.615641298417868,0
0.45675680055100876,-1.7859331125727114,-0.7969233966924795,0.0873408107467065,0.4170296157684265,-0.6439764619711865,1.287929136361502,-0.9875045305592264,-0.5232265149511736,-0.15594582582638236,1
-0.3597035854371358,-1.3040788911790682,-1.6732696348245393,-0.41664673016121323,0.7433856113975842,0.4460290056624334,0.14274569694728628,2.1214470482588084,1.0204136548350797,0.5802175459219389,1
-0.8476549112820619,1.6317935693791248,-0.19957759748309556,-0.06436359974931362,-0.026939834963348213,-1.4554465744051568,1.3664083139278365,-0.07572149819894028,0.04064381826002282,-1.8343208889148088,1
1.2116386663488123,0.23692067333609343,-0.013355366888883688,-0.9058641673925694,-0.9358065642290458,0.5189228969610702,-0.6177029516525803,0.6373807043876124,0.5747316588966324,-0.12845123451945206,1
-1.5451347924726995,-0.6556751111839084,0.5132271699682622,-1.568013166166086,1.2871312790040252,-0.9510792391008455,-0.14542629092338002,1.1836680792926761,0.6900476779972793,-1.5509606167827328,0
0.6830976831702715,-0.24275198853719682,1.0661612691503188,-0.48314224962822533,0.9303409369900507,-2.6024534523188305,1.2007878678518031,0.5072726970124829,-2.7625231071340886,0.8749543664234025,1
0.35618373486097415,-0.8883705780574261,0.4363642618629394,1.474955019378138,-1.7557783042896073,1.1921413728181196,0.9834363902218624,0.23278398614992862,0.345024446666456,-1.0927181046517693,0
-0.11846930012185257,-0.5740368981208421,0.15975930390336873,-0.6646715923251441,0.23534057963782865,0.975175057698562,1.5467725515291768,-0.0784940135422019,1.503561699465583,-1.315849285112841,1
-0.12660063112597814,0.013065526046470372,-1.5089482883326277,-0.015215356256821409,-0.16855729723630106,-0.8902781335786606,-0.40403052836319747,0.7387336298077462,0.49221078436800053,-2.6528221529609226,1
-0.35432027228237667,0.37728424085438655,-1.1991469003003603,-1.6273187937895979,0.295751160157231,1.0032249586074855,-0.22231980192999967,1.0935089002297809,-1.0621742581830027,0.29185062745248996,1
1.6226344780340827,-1.7204762305143522,-1.1234422977732779,-0.5923427083944739,-1.1577472334870067,-0.9687736031820209,1.3664561359599952,-0.13688495692622774,0.48304833712679873,-0.3882767466916497,1
0.4878147649765918,-0.7190996352330463,0.5696615963663801,1.034923250461982,0.6689600452487803,1.3397992600808255,0.5255972602521044,0.5395892481018552,-0.5360353156800517,0.9816869451729128,0
-1.1219892377344292,0.6314445322823272,0.024835266227426957,-1.0118879422886002,0.0673722164972747,2.1686737547383523,0.3950978791836929,0.6251372466864726,0.37352618217741684,-1.0270770612853388,0
-1.2718116679596179,0.5928833846086298,0.30093392414093856,-1.1523203752500624,-0.5048968657263727,0.34499585949803097,0.6578671351207597,0.6267548620486293,1.1853741625910386,-1.8601687255265766,1
-0.24320231504242704,0.9562377764353518,0.9281472697462505,0.23955298039021952,-0.5741063142205302,0.4612570922636061,0.3099554899556326,1.2538222600797364,-0.3005103158299248,-0.17228180038310517,1
-0.5666412777157238,0.14160987398660052,0.7670890107133823,2.26909463593031,2.4562806547826597,-0.32020442119401454,1.353857220256662,0.9851493463135196,1.2158021851682594,0.20622234904163966,1
0.630742979769623,0.10264288919982106,-1.0252449508907153,0.24280066301944475,-1.1358355605605877,-0.13534485634710106,-1.6601129425537378,-1.5911063233718432,0.5572712718549641,0.4013130413492444,1
-0.12917328933680922,-0.377154304171655,-0.16160986786543707,0.27635216206675983,1.5098834541384574,1.0061145630096564,0.11564420913482072,-0.5904970433406065,-0.27284450656041404,0.046758664532049264,0
0.8308526010187456,0.5754897741159419,1.5917628069139393,-0.3465462468702315,-1.0281415907846758,0.22171094601164432,-0.6743943984145924,-0.25127003464622166,-0.9395842128945764,0.13633521591810932,1
-0.9537377215409267,0.19854924559010725,-1.3242380772353073,1.2865553035363415,0.09602740416267615,1.3747021773002528,-1.0597981405960286,0.1673470453813402,0.4472577345628648,-0.3923039166561149,1
0.46020710543895615,1.1565484993871404,-0.5951131266489735,-0.020410063636785953,-0.5997750592199222,1.035848633590224,1.6726149601185365,1.0090562730482742,0.7882800258063911,-0.1283913350720171,1
1.6608354030583428,-0.544590937790256,1.5159570712171304,1.4965416203358142,1.1586515388555279,-0.20395071614384921,-0.26141826975460397,0.2609031780118861,0.24762398847587438,-1.473011609631847,0
-0.7640402478085184,-1.9279945408264916,-0.4147844571574822,-0.017798817191895255,-1.6730006973822096,0.7454081272978854,-1.809022587732365,-0.45009389628522417,-1.298679494260435,0.7645822903780553,1
0.12771181052702799,0.8274128286361956,1.9170175975670527,-0.3341911441577211,2.4744309546591454,-2.5476777082516993,-0.973512191689968,-0.9571786952680593,-0.4971503655941615,0.7081943401271384,0
-0.8291825633597693,0.16397417435465422,0.8803489618197021,1.0207625049642604,-0.30399001086332034,1.1334487295026574,0.718568701090181,-2.1457270784656144,-0.24421799229723357,-0.19129364447481154,0
-0.5004744114139862,0.3158578992291316,-0.07841370544633484,0.19373483339054423,-0.1987553130017557,-0.11459698462673913,0.5807943197586076,0.7899278175621657,-0.33200663452871976,-0.020160834584246147,1
0.6876259510533493,0.27490700974104015,-1.6855592955525842,3.1521717541486343,0.18369621879632417,1.5332597140445208,0.9995809654572949,-0.7780805006439626,-1.3368540570852527,-0.5094648276339081,1
1.5345529929213104,-0.22900212736725978,-0.27856511562301794,0.6952577982819231,1.9831059949676175,3.5498520888361558,-0.21942790336877527,1.0570104676046588,-1.2688412686664279,-0.8733847840865329,1
-1.0372415290485972,-1.061829531326256,-0.5646570977195454,-0.48497500562852636,1.3395367393210922,-1.202416139661698,0.5060242569973737,0.0021594994589154777,-0.9672949690340252,-0.03701478743688713,0
-1.1409669611458368,0.40996865462657905,-0.4312245304843857,-0.06274340626219012,-2.0547931826501613,0.8736819977115003,2.0275482250121617,-2.2271083902413094,-1.5640511160937458,0.7559561197726307,1
0.586065961267128,-0.6493336048160309,-0.3230874891894044,-1.621118752243027,1.2600635406462881,0.2985883521307594,-0.20392784019318352,0.06241809169853915,-0.6692395014511519,0.4592228821394105,0
-0.7203819922636215,0.7359422260973242,-0.5316639587939803,1.0312625460620999,0.29906146501252934,1.0823631527699773,1.1762135342372597,-0.4438430848513981,-1.1526919633482788,-0.006006098385353735,1
0.3136974470241752,0.34947412980616427,0.20046008646420393,-0.7055165360963919,-0.21074865597329892,0.1292367166819561,0.03360836840082581,-1.3303992787958645,-0.29525573267481786,-0.12601162756213935,1
0.5708166717972424,-1.7820673133478881,0.3806548807678977,-0.9284732525637133,-0.3000737314814555,-0.8364743156381305,0.5935513853079728,-0.363291520503251,0.11701607582427777,0.6559676165777867,0
0.9114872277854996,1.3422476930833915,1.058923896792341,-1.0324295731733977,0.8146430888605973,0.08184807936416569,-0.4983446734991259,1.3217865560445017,1.8060424683595981,0.12856299107812416,0
-0.3022998396168013,-0.8368802848084969,0.25054572016926474,-1.5630378706980392,1.7695081288305337,-0.135442664699843,-0.31353516634257705,-0.23997135969878497,-1.643216700924402,-0.829182802262125,0
-2.091922245950683,0.4844840213841734,0.2934564749567999,-0.4701881050286818,0.8638324227547315,-0.7084396049616881,0.6364487704857488,0.7468882831521725,0.47376065779325915,1.5772882249100022,0
-0.3783418745400049,2.021143213769883,-0.778046917978369,1.0787669374775757,-0.8122654934611931,0.30129105071019724,0.9061379627962862,1.5337676925820027,0.7602343594578252,-0.2614795674534843,1
-0.9778311716440287,-1.7886373970999514,-0.367201268699924,0.15594548938541394,-0.4932797606132395,1.4814576262352885,-0.23343815328806225,-1.6318411994065287,-0.07522801723093894,-0.6849257735921963,0
-0.5024439301629023,-0.6100830677983373,0.508121580177673,1.306765726676373,1.203169149193234,1.3808574351373195,-0.5903651142656984,0.23181433939082355,0.2707058563483622,-0.16304454727872528,0
1.1137324694427062,-0.21359128937633137,1.1350526673910086,-0.18233514492739464,-0.4630974173324519,1.7265568288478486,-0.02712766871862707,-1.6755459045554617,0.6316729391598359,-0.09915936950374733,0
-0.6702242261982462,1.3047792526370554,1.577481982062351,-0.1137474175075033,0.03713264534340652,1.715422623836472,1.1151003666493706,0.06956393168346253,-1.2777268124226566,-0.2531936869663825,1
-0.3544401787737543,0.8637146477472304,0.24619163555483223,0.3155587601582926,0.8866862640885939,1.7258342616126376,0.5080521050396949,0.9789089747105704,-0.5535862722398234,-1.2317624112708059,1
1.6359138753477174,0.31611636397073506,1.1286890507706884,0.620545948645077,1.869834616076998,1.2048982291083434,1.5559527719141832,-0.7876260070422956,0.3615474410944046,-0.560499110331549,1
2.929660893432376,-0.6855865825345617,1.1138152328888404,0.7064564454979747,-0.014137949219932036,0.01096226933893261,-0.07849140482111888,-0.41923658282039694,1.5048275929664492,0.2397502449798561,0
1.0249635446624175,0.6630525931066529,-1.6065319935089997,-0.15707370226237033,1.1602355045494899,0.3768726982040479,-0.07609308560382892,1.3767456121651793,-0.2054076568332366,1.1248070393052694,1
0.8263678474871072,-1.296776393403824,-1.1924734228509684,1.2137361318855886,-0.24706455365312216,1.0051425810032788,2.2263421030979744,-0.9568967964582653,-0.7934278806952061,-0.304430720117041,1
-1.204722529676112,1.2772191443082848,-1.2108686407569278,-1.0579410433014562,0.12294783824806389,0.6365100548183753,0.9301005220016706,-0.4603233170019264,1.230652045275742,-0.6661136171912005,1
1.103931098477063,-0.25759205669569346,1.2800658496598045,0.6486146852927169,-0.3848372918602972,-2.11916161385881,0.98421890976691,-1.5189490243376116,-0.6209917498722767,0.17072158540912646,0
0.41080891898717925,0.6140905894514174,-1.0933014604651943,1.2209964953718477,-0.30336060650548863,1.242997106260058,1.338733678089164,-1.467319157777043,-0.4831254279889111,-0.6333491439545147,1
-1.1632958763488586,1.325467379189292,-0.6190809565476028,-0.3567100719552385,0.009562582978820814,-0.17836741137547568,-1.8245885296771693,0.08484702575022729,-0.1567412220835026,1.0911023987146207,1
-0.711126068648103,2.1299625440970833,0.621566645150511,-0.4240495547487079,0.3563334535245071,-0.07463273908544288,0.1430249821742534,0.1809006053804999,-0.7704281898596805,-0.6349486672526332,0
-0.7776883945882607,0.2561313626182929,0.9843563484402192,-1.125522053184299,0.11508933008731198,-1.2872215702455996,-0.7682362220897568,1.5115956441416223,-1.0476798306011679,1.6542192729270673,0
-0.7014811472600427,1.0255298390815415,-0.5144947494243801,1.1697270528878156,1.4615204935611668,-2.4601127433170573,1.069220306200974,-0.2503484925856828,0.2606028317737536,0.8265578929425006,1
0.5167863504871545,-0.4891324449166501,-2.341757142692912,-0.7530578780830961,-0.1153949084782389,0.8789490266611786,-0.8933315544655384,-0.7097374543244073,1.1460687241564065,2.534428479583282,1
-0.4143994932544478,0.01974972012542199,1.415886453762085,-0.5564653128558497,-0.5695798703804731,-0.6630557673742175,-0.16295228209283946,0.7274725510232629,0.5448039157911289,0.35222798654361404,0
-0.5615847942521986,-0.658216554026494,0.3087707879352213,-0.9763999841044234,1.2530915575604789,-1.0985279007991018,0.18492318791855694,0.5301430317812948,-0.5161604415376451,0.7429788673194486,0
0.3437170326220349,0.5460547774001346,-0.6067325562931505,-0.045687162845523085,0.6802627426004973,-0.357384737043622,-2.1303787772062184,-0.3947601581622747,1.1192856073026938,0.574053168038546,1
1.7475220863842662,1.178632207660247,-0.03905224641879218,0.2084114780594177,-1.5166946189852095,1.7971192338631705,1.2827612250051323,-0.5190187713742014,-0.04573242751190334,0.22072377467427712,1
0.5398998770150264,0.6440789949326535,0.45448373349020765,-1.0764851424744368,-0.2337037289283084,0.9219122995921925,-0.907148100267559,-0.03339088280950256,-1.1174141641825204,0.39333235319631865,1
-0.49519737438896855,0.4608463291053464,1.0026137468093719,1.0093868952707927,-0.31865249344574265,-0.4689789590547761,-1.4660587171829549,-0.09755363958572455,0.5099747086555912,-1.4166619567255312,1
0.46301689909689936,0.272215794616846,0.4939539984730039,-0.14837403067022034,0.9391096222694991,-0.9570050512918359,0.2498763312770516,-1.0885736898107707,-1.0441716897758415,-0.654032402983629,0
0.23737629933432333,-0.5779019107698582,1.9462920548907656,-0.9225014709437699,-2.6669162211499486,0.6957633687939704,0.3719241784620239,1.1085879005979902,0.6343580285714173,1.2746654072356856,1
-0.5918632272605117,-1.5545166846266656,0.9481515452438795,-0.15078404618427507,2.118797867010844,-0.12948083444535782,-0.01801054367017059,1.2580283006298394,-1.3050152320601445,0.554616299872595,0
0.6551705283348923,-0.622894695069416,-0.6672303969660087,-2.344552121102723,0.31783329156664414,0.639529923749369,-1.2298483286017559,0.252615627380833,-1.4122778820595319,-0.11488815697791442,0
0.09451199914284816,0.37898274503459134,1.3585286581682199,0.7327476996857668,-0.05685767909322585,0.10360132492654134,1.2588334601372921,-1.5277989432763457,0.9336555719402558,0.8461615392539746,0
1.183412573203491,-0.021842146208187162,-1.9872376444564768,1.3214804188862712,0.49336797667625715,-1.4682565395786344,-0.30847610620082355,2.5058835463522975,0.5731145101190835,1.2239720880950178,1
-0.2216084475817371,0.8842201885082102,-1.5086486354584576,1.5637937908619364,0.12471789843269093,1.4618168698987712,-2.2865463188650548,0.04504376534375907,1.2422914771571927,-1.5837080204335776,1
-0.7767689612363475,-1.1330611818704395,1.326438769445352,-0.19334270600070233,1.2373952589989932,-1.0358570684088781,-0.21665912798153103,0.7304785054135589,0.5172075006910418,0.49275196364922713,0
0.05633894424120396,-2.995659233063915,0.5969461996919063,1.3774209197546852,0.25638795488249755,2.413898614769315,0.2986169313878714,-0.06329098281947923,0.8161176173576298,-0.5777595482488646,0
0.36247267480026046,0.3831997976998351,-1.1205194491071853,-1.0318552452665208,1.012144486447094,-1.1159341478068665,-1.1739479040590328,-0.30531678545077184,-0.3668655396580845,-0.3133862722323429,0
0.43035789354356024,-1.4203007583099139,-0.22269525483718397,0.2041881612695115,1.2547790185240788,-0.9635707586081691,-1.1662694924765786,1.1590635846427022,0.64682977934943,-1.6886446488477795,1
0.061607686265927775,0.08024791004508894,-0.1462147028726321,-0.4058240298575524,0.44410009739368,0.6684321098588321,-1.3409047749432583,0.37879765720985226,2.086857931989087,-0.49654535239735914,1
-2.8186530025073595,-0.4804325339895928,-0.7373628502418322,-0.29409045550462115,1.9044567667082357,-0.9374240915063541,0.5958831914925615,-1.5588309816251242,0.2272803554472606,1.2719049362564936,0
0.827177562356735,-1.670011788423922,-1.2313345341649429,-0.2481568311545041,-1.690183693654008,0.26565279883455506,-1.096207487467599,-0.8745440956199723,1.1984671874118402,0.06895493833247339,1
0.8621190134296215,1.54015320346067,-0.7443723146152562,-0.21842004760876063,-0.8207162936323243,0.5731396334195,0.5845947553746598,0.10200134242066144,-0.8151160781702477,0.30995501584858864,1
-0.5240201725381137,0.7026359395168148,1.2218137857059228,2.257883181211069,-0.19034785706266705,0.08709783803756323,0.51498327865792,0.1788325424781917,-0.9782809211619702,-0.32708608632355857,0
0.5558064722220939,-0.8216451961328126,-0.5765243123023536,-0.8147552243651697,-0.3465955310176723,-0.09889521615344264,0.3988293716834935,-0.4112483755950405,0.4814053158772546,-0.27104410202861184,0
-0.2997158513385201,-0.19949613625229912,0.5284365412426113,-0.28800588066851895,-0.20132502772710895,-0.40370508010604234,0.38459173538532054,-0.6581455918353617,-0.7200807433852916,0.7434149099023447,0
-0.8570825503940438,1.818413133350673,-0.7372453256955559,1.1163587220437514,-0.6978533228188875,0.5786974614907265,-0.54290196018588,-0.15270038581887,-0.6889967579378558,0.7044126483750828,1
0.6675880922360743,0.6265407863780736,0.44528248727668684,1.1757607616041588,-1.38454211237675,-0.935904100739869,-0.17355087400264588,0.11609623638695642,1.83883585205462,-0.6970659393949765,0
0.9417552666999109,0.862952212302623,0.34324784873148106,-1.2411739782537203,-0.849591917908868,1.3814596083046506,-0.8630632284114002,0.2602968383450664,-0.7379559328942746,0.17863241056729015,1
-0.646962111575448,0.2517312752937742,-0.42923760260528593,-1.1169493344551715,-0.5881463095931106,0.3199228424935317,0.3288785157809219,-0.052545706604025674,1.598322697355314,-0.20020871936628262,1
2.297885578997527,0.9583274046746033,-0.7468046924990431,0.37329387064614367,1.2956287647253946,-0.4082683565778039,0.4465380104957105,-0.25431447907605553,1.1463046676292419,1.7226207736002317,0
1.276247945989341,2.477203941569252,-0.3224911627968378,0.6665130322088056,0.5872607882420522,-1.5671805933912035,1.8597578839923552,-0.3910554089989948,-0.47152373831337097,0.7685610341523689,1
-0.47009316461768835,-2.523263820164912,0.46251303301680885,-0.8381316841805241,0.6214563569449616,1.685743735049112,0.09853036210896694,-0.2866037431395396,0.05819184796068433,-1.2215825712955615,0
-0.7192061272862257,-1.0278475015154669,-1.4777142108604757,-2.5326049839908977,-0.7618636269187073,-0.14254839025015703,1.229597058329135,-0.5544914406071579,-0.14621452804210264,0.12427422081761515,1
-0.15806847832806897,-0.9798282743626724,-0.11234304016546671,-0.8982604669406716,1.5802607793269479,-0.4072565275746976,-0.0164543762697377,-0.10055096065657483,-0.488711485942135,0.06655097912436904,0
-0.5482813446368637,0.8851569078801869,-1.8821668844272508,0.013784311971016849,-0.46107039407025024,0.279767862518117,-0.32590627033137043,-1.717526858219591,0.2213560916366698,-0.24295902061229627,1
-0.6950098823438737,1.3446426251461796,-0.4443466601377579,-0.2688045112135019,1.2674850226976473,-0.24748046602192716,-0.6515952226207402,-0.2655274337636021,1.4654627100589352,1.1304268575827403,0
-0.5080798628815741,-0.14907056457726997,0.9679635386555066,1.3727141910749432,0.9918757608541503,-0.16546607577341185,0.12014174998403256,1.658417493980499,0.8175707696430663,-0.3918866386385758,1
0.8451070985370979,-0.751638492324697,-0.026044617767167634,-1.301497992003889,0.213208158745775,0.2113791270147933,0.9637067417455845,-1.1375516161524533,-0.6866099129770709,-0.07531819014605085,0
-0.3641863572992026,-0.7941273269595929,-0.5150376257585929,-0.25812009439425154,-0.42539393261142455,-1.760240273364674,-1.0169628286605077,0.7102227448971378,1.4447355580305374,-0.701970572565774,1
0.10415185780639113,-0.32487923813193004,-1.8148040029285544,0.6989365584245133,1.480376154374354,1.7008383451370372,-1.6541365050004346,0.7623617237763982,-0.8749174011865701,0.4709884789281272,1
-1.1327291781835451,-0.8179547597426929,1.6112827706369262,0.25216685749132517,1.254864813861003,-1.480729766545723,-0.6676380252659455,-0.8060217317381269,-0.6667370939580209,-0.1288144040129048,0
0.9951843831205078,-0.6203946109376212,-0.3668423309417446,0.01965559559330921,2.183707174278031,-0.6544477213571929,-1.4595101443388456,-0.19455523296281385,0.34798843935592527,-0.5102849455326687,0
1.5038046653372112,0.2756099526050954,-0.113337953458445,-0.133940652757172,-0.47263253661850685,-1.7429321146627148,-1.147496647982482,0.8340099486209954,0.09987720817675334,2.0317164195525304,1
-0.35779084437972,-0.6036384776299004,-0.9258767368754403,1.356673649685611,-0.970024335660911,-1.09863109446013,-1.1918949441625308,-0.18262011141691523,0.3487068317400604,-0.2343145501577118,0
0.43925107369417943,1.1328562884910964,0.1777710089141465,0.046488368079762546,0.9694637257559384,-1.05643999818916,-0.6107833991691769,-0.8497189821455221,-0.19459815214320633,-1.0729010567108832,0
0.9761767931804848,-0.6946370780006456,-0.7858367655431093,-0.6391052342367627,-1.0331962266773704,0.4367414914679121,1.1045458685217144,1.0903463310811217,-0.49294822744589983,1.360599468088804,1
0.5485566605075846,0.7919982792628879,-0.8555679668911443,-1.3425929807001573,-1.8459326473118394,0.11077874580288562,1.2642720514623522,0.8610924652394031,-0.5013279982280351,0.6357204473043442,1
0.27987375745446136,1.7455242194304705,0.49337647822693165,-1.374046180486352,0.7793628164145403,0.27065888259206744,-0.4158406471916909,-0.866271909360557,0.8560454075141318,-1.940605620844348,0
0.4605439023890654,1.2046817049580716,1.8616313772579653,0.41402652545069546,-0.39467675892004295,1.9605065710199843,1.0148485799991296,-2.421100525217661,-0.2121245233803154,0.8531241027230652,0
-1.8155995691953226,-2.1364710128675486,1.0341691600197098,-0.3503380465814479,-0.6113301826810987,0.20626997676580652,2.0378679107552506,-0.5659128811488092,1.7607838164447576,0.6815199065274562,1
0.7389509974901849,-2.0741253704067573,-0.2716945358506792,0.7587228112880786,1.5101988038104093,0.6218056871695556,0.9516494319857052,-1.6215424156960678,-1.525854812470503,-1.429873226158036,1
0.33409134205811086,-0.34752899289413064,1.468279295492582,0.4291838041279576,0.2112569253899631,-0.04982855696438777,1.2672596510633307,-1.2886503368151672,-0.8650245299389395,1.215853186293015,0
-1.1366259127066474,-1.0620080413629769,-0.6923900126873692,-0.13639695871916663,-0.22977365259891894,0.4966230076642814,0.4402656759813779,1.9501258463007496,-1.669700637850485,0.8020365533331777,1
0.33687080618689497,-0.09626509905956808,0.43031257692041514,0.534537373169277,1.4200312740149819,0.6685446461103028,1.6621345052604624,-0.11787542092382908,-0.9616076951813216,0.48123088257313085,1
-1.93022327109422,-0.5402239128062823,0.919301608669477,0.4309278751432562,-0.36119467511111425,0.3068390701088264,0.059411090049989713,0.4479729633391975,1.1188709905810248,-0.21463004836948626,0
0.9404548194318197,0.8047997915349784,-1.0009459165866128,-0.16830955500926142,1.9175739224803707,0.6710189326066232,0.4236815621492676,-1.1188274762276516,0.26006840792833197,0.28136757871207346,1
-0.07844206283832174,-0.582081898942726,2.006049833157912,0.47399974979802406,-2.0326340530492066,-0.09272106220072,-0.6681801958005368,1.7880400617066818,-0.3078701778426684,-0.6625988428169769,0
-0.6885408976578092,1.355681829582407,0.7696582428716685,-1.0692003973662902,-0.6250592090237954,-0.8474457251335968,-2.513424172509187,-0.04715265283929211,0.4723313592779459,0.36816842519546505,1
-0.7230597875372071,0.33479222224752186,-1.1651767386076535,-0.22162012209543505,1.2395980541684481,-1.1787083038096249,-0.3777370603863532,-0.24630200624759013,0.4981739512701375,-0.08996900537295499,1
0.814324613537393,-1.3237556203344953,0.6962749159551423,0.63656697009173,-1.2177516237871895,-0.9322700034970104,-0.2403911108770551,0.12275191114250586,-1.5951420698926986,-0.5260294679359347,0
1.2140595171215174,0.05739620711732568,-1.0750340599272297,1.5555203938608462,1.8870487752598704,0.14431900925682906,-0.12864920675812017,0.5152664874653347,0.8786811312842483,-0.08675694547023083,1
-1.6119503393696952,1.1725550563368747,1.1552568968586299,1.7816655874009395,-0.07542311139203546,-0.982347872025414,1.0256078069905965,0.018959704780414702,0.8213044353339226,-0.190655352292842,0
0.38265856161425904,-1.202268051991203,0.3853580505457705,0.23215015115032014,0.06517237355439204,1.467706057583011,-0.52420225034488,-1.4324279461949565,-0.16379340416135882,-0.6793445233910015,0
0.8459134704189475,1.213198685931469,0.14602577944168102,1.9414618283465657,-1.9062464743660703,-1.2551371788311187,0.8247283313914573,1.3027781768135656,-0.7323501614438012,-1.2056524815381393,0
0.32351256640857523,1.2387851442840487,-1.01016487537234,-0.0013232837866166951,1.2815798098708513,-0.5282623823484338,-2.095729355809732,1.7246417474296283,-0.5782445247377506,-0.9866806942598079,1
0.17759075527122256,0.8385173120430706,1.7290318316873317,-0.41137252459850676,-1.979542057417369,0.3790913774900358,2.4996886443885646,-0.58430493122697,-1.5072661427790546,2.333696407222393,1
0.022725782621203446,0.6262673312201238,-1.6949588002888007,0.35486942122589726,1.5123326979597742,1.2771269233466593,2.76666487929871,1.101681757924658,0.8816874232280826,0.020290011055440118,1
1.1092738552242762,-2.807021342875716,-0.01114125811106992,2.5540189498465145,0.96649543616414,-0.5231294922964521,0.27439112474609606,1.8560260029285442,-1.1791742474554547,-0.047516634393376715,1
0.7463122829548583,-0.9698023062124117,0.1963213806270806,0.01317822458354068,-0.5523990931199767,0.6297639913229902,0.06599643336416447,0.0016227181863565615,0.2304749651124652,-0.6891472781965122,0
0.8493202690407095,1.0408148657380014,0.5356453050681494,0.40776699302961217,-0.3075880047618622,-1.6205728137552249,-0.5320856811490888,0.5510733941056384,-1.0889427741665212,-0.30944022242265506,1
-0.7171971284211488,1.6366638716361075,0.38135869916276954,-0.6540124040366608,1.2263811337443575,1.8430180341326166,-0.9153520691414593,0.5083072709884324,-0.5220734037606071,0.017851781584993086,0
0.6271956315522539,0.8694104625859098,0.32875674946433975,0.3720701267527418,-0.15553540707587532,-1.2646103577403025,-0.049181116674825325,0.6618820606708236,-1.9415689875541835,-1.4330280611735469,0
-0.844608668797061,0.27995293275756494,1.388950186999115,-0.6560358127514184,0.8620873242502685,0.7200688917163095,1.0779826475253713,1.4779834489076011,0.014878702067629106,1.7931751815199122,1
0.12548690045124972,0.7215168337402121,-0.7896879574519162,-0.46751923807039725,0.8507747430608485,-0.6805081882010039,1.1742963127122734,-1.592947461243171,-1.0495693827891757,0.7203381134090622,0
0.01971106661270503,0.4847054917762712,1.8691686500468567,-0.9472916892254881,-0.7666236339521493,-2.218311944386794,0.907473469833227,1.467758823839515,0.43142498221747594,-0.4966676560671531,1
0.3312851879047735,-0.028968819246387372,-1.0567548840364027,0.5613521997860556,0.41424975264252123,-1.0194602472592655,-0.7731598897359682,1.2059955113147742,0.4330585698146207,0.05572405538403349,1
1.392872207641418,0.29199124075082106,0.06953533435910608,-0.43362498916251097,-0.3756562553951425,-1.1580540851138887,-1.260079829472088,-0.26308095174472895,-0.6116894374108254,0.37963684096327355,0
-0.365800592740796,-0.15594119624565747,-1.3377011261623235,-2.0787074504922067,-0.9288736426372137,0.6096862411138799,0.05071962738404917,0.44938778689808684,0.28109429974601496,0.22685877722492687,1
2.2751079842809023,0.4384723609886291,1.0530691663226022,-1.5726378228147069,-0.7787769782942964,1.7117699327829357,-0.8588650182161854,-0.6809117811172622,3.275617365711465,0.19452657634716633,0
-0.41089883250021403,-0.6649283544831086,-1.9567290798794694,-0.3409509954760995,-0.654118332103225,-0.39648392774332786,0.6430549133096143,-0.6160771702110106,0.11878830130476423,0.08017391108449974,1
-0.863695134710848,0.6536491899457063,0.09674317141923917,-1.3320066052416975,-0.7686626582335528,0.33835605985224854,-0.4935369723582371,1.0664826057682606,1.3917509719844934,-0.5950866204647229,1
0.6091057104482803,0.6427463354807537,0.47933986192259825,1.3713400483332603,-0.9701508358758765,0.591377576416603,-0.09457103530595203,0.6827218260495191,-0.3230868695871695,-0.04992620878478829,0
1.2619572530223984,-0.23061690629814352,0.3373236577018771,0.7127907999118515,0.31434860887191146,-1.0339066944233803,-0.5747833494427267,-1.0658237762774896,0.6085910763443342,-0.11663684689100792,0
1.2455241795966359,0.8171204646905834,0.03161298322821941,-0.04238655950546576,-0.7253403837498188,-1.8008171156350583,0.6553894374281887,-1.216015416818298,0.6275488944129571,-1.0173358492876199,1
-0.6045175428606584,-0.305156288075076,-0.16714531392306853,-0.5720159924568701,-1.1871155943889546,-2.307754615021808,0.6958935789631354,0.41650272237895714,-0.3840587533079116,0.9294784825568106,1
0.2092762944699149,-1.976294895730925,-0.047847061965282045,0.23616828488443417,-1.6281457280931149,0.5919117961303065,-1.8568192184629386,-0.305292158475748,-0.4585684381260975,1.287420003401541,1
0.06886762106070753,0.09135888719420779,-0.4962002374472135,0.5680556221693536,0.8211403459318223,-1.1593407666086213,0.42969492603499193,0.5033735726450013,-0.21818457470463182,0.09460714558855969,1
0.920622863636502,-0.8813147145221318,0.2365723697803081,0.4231072447175073,-0.2884556158799418,-2.2330423042910597,-0.2408266020802282,0.18986561366143007,0.63465095883121,-0.32351665152688286,0
0.8686502617410066,-0.4866440867259624,-1.4472320543806443,0.9588791110942781,-0.1107662122164189,-0.435272160457217,0.28382742682021517,0.0431997902145248,0.8310400806953708,-0.5009978074630815,0
0.11248681150043587,-0.5355480466541341,-1.8386065199228014,-1.2753823944478306,0.329951445896007,0.27377496927016276,1.1945802525337192,-0.3624401283889017,0.8945910847601497,-1.8504851837509844,1
0.5333662646860791,0.07083612541005647,-2.488160123813197,-0.012742997750521413,-1.6454296255610945,-0.27909138109666315,0.6659293763113378,-0.24471400522361889,0.42656037278595327,0.5296130778019392,1
0.2657401234141504,0.6202978159880296,0.8530866213665806,0.13416460556865975,-1.7251177335021226,1.6027354529449442,1.2648792273979403,-0.01268722487621968,-0.17594324230579542,0.2275545086770183,1
0.5106942988951843,-0.33602630838451275,-0.17573857964070888,-0.29194311372863735,0.22200564191644662,0.9860796875416833,-0.14935061492125837,-1.866937477244726,0.2862158913862498,0.5741946244712683,1
-0.6255334005329436,0.26652334916816506,-1.1292828087566025,-0.3480679639613787,1.0253653932332771,1.8517601845807468,-0.5293263894224921,1.4254798340033075,-0.5813327770945454,1.6333802003335125,1
1.1907316086258812,-0.01599908393883183,0.8400798787511585,1.0615181391567656,-0.1485613376561709,0.7945036399489418,0.39900482272156507,0.5182346194607168,1.0413957712284256,-0.8780060891460669,1
0.6701565503321437,0.6102747482694508,0.2257581899845441,-0.06611326127524787,-0.4426449695589904,1.1325939594781314,-2.6161897646474976,0.4980265638781334,0.9262616840416348,0.2145838380710291,1
-0.5369047713298828,0.3900756831914427,-0.5131575558424251,1.558440700912101,-0.4827920187557486,1.27787753077868,-0.3789963462478601,-1.594472737387667,0.9125608999394378,-0.0595200175522074,0
-0.8750993854125558,-0.5479595862037875,1.1341000264414258,1.4219445976652503,0.6771225943038504,-2.3019113536231415,-0.6272331882268268,1.61220392793916,1.4700106839663887,0.36474947274846686,1
-1.3820347260227162,-1.7852286887467474,-1.5376601656576674,-0.10046770431771714,1.45105027532467,2.124618386489254,-0.662449341623982,-0.8140786867465011,-0.31326019996400245,-1.1027672780661335,0
-2.6192806035910072,-0.9286541093425598,-0.6654423678480663,1.1363979818137637,-1.1152048889292996,0.5340734546134602,-0.17968518172709044,-0.0642331212262014,-2.2083544955091305,0.38478068180810676,0
0.5861653271698655,0.3544517990843895,-1.481457143764554,-2.0764091551161017,1.5049471902417935,0.8749538669016449,1.7231505622036858,-1.1280254878458844,0.8269192076023478,-0.26423262141295173,0
-0.7624907593835051,0.2658154213566088,-0.3913201768881446,-0.47833344856130394,0.2557688596625924,0.3567943528623098,-0.3529423989639725,1.0793984200600244,1.406346161668233,1.4872748039219768,1
0.6397705674189378,-0.5614622188822107,-0.5607590621346954,-0.5552221000067502,0.12213993725439688,0.1756386100428001,0.13118161335241063,0.5178451187645283,-0.37919596746080236,0.2614076697168511,1
2.1560252861535147,-0.32725492547191115,0.493994887292568,0.21331575176342665,-0.3711355944517165,-0.3715447648052243,1.0469556535741318,1.779001483168359,0.5337424956110441,0.9985245430510546,0
1.0854940115848073,-0.8031505725783407,-0.26713582161611676,-0.6006398932518432,0.6294727120945202,-0.9984407079711543,0.3549212560914075,-0.16152032152289933,0.4063808862970326,0.24713669804257174,0
-1.5795988238989795,-0.006198233338073983,1.422161444160768,-1.476604473354087,-1.0695724110432596,-1.0990016217179661,-0.889371699180933,-0.29410425802385026,0.8221000257371119,-0.29166164988387994,1
-0.0843840216296024,0.20317556111914978,-1.3465196615817676,-0.439624589212368,-0.3780300644396052,-0.40743406739861837,1.271322237451649,0.07527005703211596,-0.30946960434883997,0.48282481148387424,1
-0.10678367894303217,-0.8306577383914422,1.173333010154979,-0.055247263198889104,-0.5235561782531916,3.0493597246635527,-0.13524724196671362,-0.5593838610432191,-1.9598098482543396,0.36953237471697636,0
-0.8713026470236783,1.0918468227292757,-0.42417481887472464,0.30344541675144365,-2.937212794084849,2.5581382858525905,0.5575889536834022,-0.249288258242437,-0.24822948663480426,-0.8675422117506646,0
0.7085263301324782,0.2772925172108457,-0.5734475462981597,-0.5557571862756903,2.029589519216152,0.14862526268504017,-0.7320841957654951,-0.4113967893745746,-1.732093121573239,0.46739391547992826,0
-0.17704463664703687,1.2030187500810614,-0.6538367910875328,0.9180193162891035,-0.38180161144719205,-0.3697781842520981,1.4891084845329066,-0.11108230338134742,0.27012846734847185,0.8104886237653155,1
-1.7077448427289017,-0.05097909198986569,0.5727994627929842,-1.6696514714772666,-0.032145750992225545,-0.21411117145144845,-0.8118658043333897,1.2474233793858047,1.1772304192704672,-0.3399866799412935,1
0.49356800079005453,-0.6241849045203524,-0.008263757122173563,0.39855418546269294,0.34234423587787727,-2.120059479016146,-0.23964164867907328,-1.0176602066909695,0.6201446395214746,-0.08415175842493358,0
-2.2668849557948265,0.49735882101322426,-0.14411459170704866,-2.3988514986691922,-0.5932016268005494,-0.7638103568383574,0.5453015855059833,-1.140120171274563,-0.4559298533537475,2.533344749648885,1
0.9592831641658773,-0.6984978222948512,-0.3589184370108233,1.4723695953750258,-1.0969513938983004,1.3047562202317324,-1.802789423241087,1.548441319645593,-0.02898273335653276,-1.4421878820907579,1
0.9973927328851383,-0.14904244468735744,0.5058759517984223,0.6207215979274977,-0.778744209001751,0.5569604821569238,1.3013003324258554,0.8686174419715944,-0.5043567819352085,0.2302253307643952,1
0.12372879270054708,-0.6449049680274449,0.15646945616991476,-1.8969018919463556,-0.39480747725036996,-1.3531096946550842,-0.051206760543194146,-0.26347057912266253,-1.8602693543263522,0.9698403867523658,0
-0.6987088119151889,-1.4176191308588217,0.2660479366382109,0.894486782062176,0.9565084295901273,0.45059988628158837,-0.3008651629286845,0.5027473632759479,0.892663819030918,-0.13166981613422132,1
0.29032122469609184,-0.6137041991174018,-0.5081766242450472,-0.7155736321732101,-0.6240741562699607,1.738771790195292,-0.35470373687254614,1.2501552002168679,0.5780211121925788,-2.5415947096658256,0
-0.8707192095484595,0.3161693434777883,0.7840505600285013,0.8401305989477423,1.0956852648368087,1.0632149132785573,-1.5137701270076336,-1.1429319298881413,0.10808270897687249,1.1412982447649895,1
1.4456183940991385,-0.17888572021406024,-0.9964262679198013,0.5469407766974457,1.8683114749657286,2.8022225418394453,0.7934707864545291,-0.08135573030765272,-0.9983157192290119,0.8563870745151804,1
0.4949902726326138,-1.0767850088217787,0.6921277140031163,1.0263438991413933,-2.146797611047869,-0.6863597514773525,-0.030734707721447197,-0.8866274597413795,-0.23325382782630705,-0.28003676891810747,0
-0.8451664655381013,-1.1385197167177394,0.6608984605481664,1.715603568924863,0.2681053968325592,1.3988155078593447,-0.16538798771801894,1.3894266825521036,0.40909371066566913,1.4239412050142977,0
-0.2628130337984583,-0.13057675888246012,0.14138147777016194,-0.9605024194893186,-0.2455328755227382,0.37379663582597406,-0.7630082112031215,1.044973614349079,-0.7628331645662754,-0.4167911304317039,1
3.1974829539733727,-0.3447938471613036,0.41213287132793686,0.6478881660817789,0.34195859832714304,1.4417938926501022,-0.7415814800356658,-0.11293228140176896,0.2539629520440203,-1.8467077181947924,0
-0.0010588423370812654,-0.6607359578802224,-0.34066262128922337,-0.8467756621205764,0.7373175598586964,-2.4872317196060605,1.6887682929476564,-0.15781291652578203,-0.1684279097792362,0.3544362113051773,1
-0.37829745272534815,-0.049491009068181366,0.3141129374663702,0.1812248708384155,1.4192882006301442,-0.35945943997721685,-1.2971169644256912,-0.3328502539305639,0.9075381900485673,-1.0201146402456083,0
1.0110108162654712,-0.37102435419105273,-0.1836832892394328,0.23083378179179245,-1.3777255143970573,0.5259265709982839,0.4374247811630907,-0.858927417301502,0.5661017818034008,0.002000929361036231,0
-0.6334300503835257,-0.13901760781044623,1.2552750354598283,-0.3195954736262775,0.35013914822537684,-0.04899942083928408,-1.451411343680724,-0.27104924073416936,-0.16363894429244674,-0.7678742572501103,0
-0.5856061645692245,0.29921569652751856,1.1506432682625032,-0.36622520944108705,-0.13612424676207266,-2.2259829686483696,0.44196331375671605,1.228021483281653,-0.17294616194488052,-0.6102801827068743,1
0.7771447267055485,-0.3831087417318337,0.6497187574955308,-1.7322934991889325,0.708612443120185,1.4426459014280733,1.6512963020866935,1.0680372533161384,0.8052606048249799,0.4584808781041116,0
-0.7685061144460843,1.070220492376271,-0.30924008807326275,-0.10983352066907687,-1.1961669079806165,0.3400828547651753,-1.5296166153978625,-0.19397751487442566,-0.6152475228282018,0.034976453020968724,1
-1.2970277152025405,-0.25735009443270523,1.1276442197769443,0.8682489414366875,-0.01893199830376808,-0.6922211210121865,0.9256369214367194,1.571129972521067,0.7698686507318977,-1.0095565720427697,1
0.7375706675328788,-0.22877881799864538,1.3351095867335379,-0.2708073855551726,0.7374260649332379,1.2067845501617542,-0.29549584941226364,-0.30138473110654107,-0.8851519619103735,0.38526290328736323,0
0.7529184295240164,-0.10011796387947308,0.3443684831187587,1.2804959408255503,-1.285590941664141,-1.268790888271511,-0.7614981152623991,1.0034583649817106,-0.13194904914396574,-0.9967907377874061,0
-2.306182941147614,-0.447602708006154,-0.7180810101830857,0.34434856482531073,-0.28451206526997014,-0.4996306804819932,1.7085070197757928,-0.8082328326439941,1.0148268926326587,1.2656731344668313,1
-0.809273033397095,-0.5811961700590117,1.521383867365326,0.610275971990808,-1.5660420605699477,0.8288087794880532,1.6238573677606112,-0.3157989212701337,-0.668054472714387,-0.7450639922686377,0
-0.23693404546697278,-1.0320348099520724,0.4266411522994515,-0.43883400682281076,1.587695586228187,1.1382595022225808,1.3357830309533112,-0.5781915791008203,-0.8944413931175152,0.058623892382212675,0
0.3239072506712229,0.6388768159460956,0.15186923108825132,-0.10290457813006734,-1.653947875664638,-0.5169643591501326,-0.8691974685490294,0.6882735300732068,0.21019482842224912,0.5328768734846648,1
1.0720688438114894,-0.08985101768707786,-0.9922396583265071,-0.15162394516087355,1.0371826748437267,1.2031410147336734,-0.37147117589506395,-0.32113787566307606,-1.0188710680082356,0.11213930628765358,1
0.08645024003597679,1.0251448309701119,1.2603438721792484,0.08556965981153539,-0.06294586010399364,-0.0897855774675493,-0.5297280883559683,0.871122507813793,-0.12295504076383744,-0.4855646779471218,0
0.12369973790391253,-0.019482394208877433,-1.3490766043444686,-1.0401989878686857,-0.6694098252907617,-0.4646458802210632,0.06563992778122803,0.038707399135064324,1.3925927655599764,-1.372664723895852,1
-1.0622293344492408,-0.7048056277502418,-0.41883139041301115,0.8212667366552351,-0.7453246462400812,1.17548060537941,0.09848319318772951,0.9338604418143551,0.7198749317376983,-1.0661830930322909,0
-0.8347039847535137,-0.19776492953636807,-0.060691845885141545,0.05686376685022412,0.1529545545486844,1.989511624591992,1.150765216101897,0.4825267838269039,0.1987683615281052,1.592002955599301,1
0.8983820725024066,0.6609550877737689,1.2331176704274283,1.2629566479348135,1.9902558794028924,0.013827526144781197,-1.356792487393571,-1.3758078860881304,-0.012413181267393238,-0.022481621410362668,1
-1.1004879462237114,-0.16572132238818135,-1.5264646882570332,0.5398574445528856,1.3065441514813447,-1.2746079927460936,-1.8365542758655509,-0.9740905462746269,-0.6088930527713253,-0.4526271017512837,1
0.6338708137850724,-0.5269147362081124,1.15440811805863,0.2982713999191231,1.0119055124981942,1.440050781550863,0.16517254958664995,-0.4744752685036911,-1.5011070882076027,0.2271660732451795,1
-0.9152704846639929,0.8005240452151636,-0.5425346315669003,1.006518545836724,-0.5609560232001597,2.3566499498153304,-0.8934956612685301,-1.4322179693769632,0.4670223630817151,-0.3418656746680817,1
-1.297471755359271,1.9901147977037512,1.0760817328140941,0.7184422852350681,-0.48261053662651987,-0.47681746581747114,0.013593496395206885,0.2034873460162745,0.24780362451366816,0.9463024498219157,0
-0.4322117530530746,1.5749611786648763,-0.4132386445075098,-0.5338887250649933,-0.20853374850379316,1.0027449979662046,-0.4898588200084655,0.651292335513494,-0.029085976634234924,0.47476847915705706,1
1.059455516811933,-1.2580102352752884,0.5689736035327203,1.0825071824161614,-0.13098928899192694,-0.8723335559512782,0.2810105309207466,1.0553510109845001,0.7128111110763384,-0.5249025849398976,0
-2.1595920504682318,-0.6023871756911366,-0.8453679453485914,-2.212788342102181,0.6563613048017292,-0.8689541038293509,1.7063877148299338,-0.24728070592178486,-0.26053884827334556,-0.18025674109990056,0
0.2736075032324234,-2.343451103090524,-0.7058211954605975,-0.05705078534083213,0.05467451421144875,1.0151116177631778,0.06858963398478458,1.89722399574992,-0.048152616983957126,0.27593078866468884,0
0.2178924553288528,1.1381667721605566,-1.9947681074967263,0.457390833113439,0.7259143432754593,0.5083920528459905,0.20635198292884524,-0.1681697028865095,0.9680429760359305,0.16853820701404768,1
1.0759409181533681,-1.4231365899858077,0.7051096613203273,0.5169550578981938,0.9242216571536879,0.23382095107130127,1.6615844726704068,0.7916304979486716,0.02928934886062733,0.20871078342996296,1
0.06937008395653746,0.9142746604239324,0.450375475662995,0.31582375749697444,-0.6042623503305863,-0.06160316761728732,0.3343911341612132,-0.932758121213434,1.1854780037135333,-0.42274472943429736,0
0.46665199638203264,0.22725393740230113,0.9387628930813943,-1.3950605689071869,-2.5219592803910875,-0.6628192908275515,0.06228244793774135,1.029780693065145,-1.0076926631390077,-0.7491509246367064,1
-1.5287869947378168,-0.4671491612940152,0.8456515042775745,-0.8740949934097919,-0.13257632036996037,-0.2580340454671304,-0.7700163108411666,0.4296110252166346,-0.5515472956185499,0.576938105289682,0
-0.9256383920977915,-0.9284070921758049,-0.10239298875771558,0.6432385983110587,-0.24188888726089455,0.6596523603242227,2.008516616773217,-0.3927095911275073,-0.6463323386395872,1.3331678150722988,1
-0.6631329812615014,0.004831809736324765,1.1545836536835894,0.6300134201615363,0.7303957447148828,-0.1121343144154225,-0.0707235291065182,-1.4853573196230105,0.6766941968349902,-1.4101670834626718,0
-2.274070053731467,-0.025616676700960912,0.17655580084185238,1.317906197692586,-0.7456112267115789,-1.1900186007119609,2.798634926808456,-1.1955973462096765,-0.40291227045970157,1.0606766318918939,1
1.1667980284973485,-2.657425895585784,0.3986864471683304,0.4226798502018705,-1.1297027335906586,0.02070809674954176,-1.2646314978963105,0.5499392096975168,-1.7399238177610705,0.9058041276705091,0
-0.7249330776348837,1.7930252843222956,-0.7645236789905788,0.22947735705149858,1.2542850633430254,1.2607609474762556,0.24276706806177575,-0.3411629064021308,-0.05706883661085907,-0.5281122714279556,1
0.7411405179848544,0.8763798704993517,-0.6514870139236872,-1.423746904438031,0.5649159030955928,0.3714306455621127,-0.5065974758025595,1.0200197808764606,0.9839780564546721,0.366633922618776,1
-1.0020134142607244,-0.29509828981324193,-1.3380428603616008,-0.29496641914311317,0.1459293295046159,-0.8431859166820685,0.2596396547544313,1.0634001410443796,0.24892807081197502,0.15807566154835007,1
-0.7316650418582739,-0.6402731797731381,1.7778355670502801,1.0455628167321545,0.4675903940280982,-0.41857809276358143,2.298804718904727,-0.8338794330665841,-0.6192339719013864,-1.0061927063025211,1
0.5963143554325262,0.18406998905191826,-0.06802109100978877,0.281402624016837,0.7610086341183061,-2.168603758971786,0.23860233099593284,0.820959996852197,-0.012637104022108884,-0.3194870870248873,1
0.5363444440333102,-1.395905535284401,-1.208961319665956,1.3638493868191721,0.1669614882121496,0.606166210926425,1.1789464269580208,1.0881833477512275,0.6937402548586544,0.02442515347188432,1
-1.379225616134922,-0.08307465728395254,0.7462305605136367,-0.36737865130905634,-1.3482581118079073,0.7610352172459632,0.503050135185067,-0.24732684163364838,-0.723025813056958,-2.533355539319241,1
0.1390867505544731,0.2217753462714224,-2.593274487232623,-0.515844386180395,0.6758143698616809,0.21443676298711836,1.041765743057543,1.9331612790413124,0.8809921756181853,-0.02581457080526919,1
-0.06451309551365764,-1.4841784339724746,-0.6535529089270339,-0.5364118129973303,-1.5897848995882065,0.43825846181649264,-1.0356918868164315,-1.6097904608100468,1.2128100387492307,2.7070486559899294,1
-0.09527290234272089,0.834568090486547,-0.3136641659056701,-0.027784983951119193,1.251415219915554,1.5657157851178567,-1.3301339289547889,0.6717194451694317,0.09470901301521023,-0.5215366900524492,1
0.3379535699933314,0.7029284905459972,0.3366376896859113,-0.6472069439552665,-0.980285723801681,-0.6782073867146137,0.6775974739376246,0.16634168802970326,0.5818838527724537,0.11121012766050421,1
1.5807860908438993,1.2773660132195808,0.8437489546033571,0.513092069602141,0.695675626324597,0.21361458389023585,1.1662754014142764,-0.22725087114971754,1.45702133911897,-0.1381443854858438,1
-0.6953396335230776,2.376437138715728,-1.3557248555596295,-0.1802942087798089,0.1478841631862092,-1.3849195069057874,-0.8189293102569094,-2.387284000638183,-0.31931931496252214,-0.04149429513107055,1
1.5870889370740489,0.009164431450487722,0.5158992539615812,0.4389945242863542,0.13493974556283178,0.20216148096684872,-0.49516362318420204,1.0101431862824708,-1.350040087941649,-0.858820443969003,1
0.40043811487947506,0.5754414984606511,-0.7562091419901767,-0.13760068751872676,1.5103679034377353,-0.007855384326069848,-1.0290652795892579,-0.4504181359932409,0.851487405508199,-1.6452409005636592,0
-0.6418145875587414,-1.5121417472306429,0.6857603911699767,0.0705648181512328,0.2861450697374502,-1.188304159010891,-1.8473795944150742,-3.0804378882994867,0.5022073619100016,1.176132231547446,0
-0.6926221975020497,0.8745738469370288,-0.7254325614103937,0.13150039586303316,0.6434954277179554,0.16473865934662763,-0.3158434011422041,1.056895444436028,2.600134471972234,1.2041220713009722,1
-0.5627558800719191,3.209153971751537,-0.24203939089470672,-0.02015216264470634,-0.03772553245359229,1.2206217080232937,-0.2975436602098251,-2.282580185654339,-0.5248342592350455,0.09529347148436768,1
-0.4694866980716366,0.5515188411550755,-0.8276365329021982,-0.8285994352629827,1.2098907593803372,0.6208810110877033,-0.014706117819036755,-0.9587918125866123,-0.34811694815854305,0.5931138004927868,0
-0.9429787966287079,-0.0008089925731088823,-0.9587734958600939,-0.48044322255341004,0.21666429568091386,0.020112033588260705,0.15773409569506588,0.35690597207481733,0.1878133730482386,1.4767496840482162,1
-0.3586531509541748,-1.092256759834908,0.5750849006335024,-0.284699708128136,-0.3059413766380236,2.24575084266749,-0.11580556973329612,-1.058699895527098,-0.2024945802176055,-0.6534560933655484,0
0.5813591730005884,0.7514561773830121,-0.870845599571712,0.9961089116542513,-0.7612972174738938,-0.9204908737986155,0.05878383535790747,-0.2180753437165896,0.9609315282243789,-0.6475753821599056,0
0.11220827271785544,-1.4484751316035767,-0.8722561927580625,-0.47015322100417234,-0.3293718448641067,-1.5729142598737793,0.5943115890390365,-1.3404990697349077,0.3593718573123588,0.6795893389466433,1
1.5988127102205738,1.174713707137013,1.587465505526781,0.3492929229394584,0.14522393930551428,-0.7930625657316432,-1.2764993097015807,1.750764347215059,-1.8295692274740618,-1.412481643154936,1
0.30430567959512733,0.41191998359893073,1.069036008474829,-0.9974786484975223,-1.0461948648683377,0.5532440904120215,1.1810097149354593,0.08110609743472223,1.922493725073769,1.173478874389183,1
0.9287687328933728,-1.5846094718497032,-0.8274373859491894,-0.6556795605372715,0.12369830040614258,0.1588891477948823,0.1887396456411589,-0.10150135449496321,-1.5904380803268587,0.5429584334207783,0
-1.890064241013992,0.2659151424992497,0.09824812897172139,0.5244918017650954,0.2703912487783965,0.0927712442512054,0.5648209971279237,0.35621450288924095,0.4666780703545214,0.6579820253422599,0
0.9911844589581342,-1.9899921801787537,2.1683598497217034,0.15538222556681638,-0.5100956505822759,1.600735676320075,-1.457237199462209,-0.35687549808434277,-0.2561434511500723,-0.3000629417177921,0
0.5476098176306101,-1.0244698945624542,1.5309306495716881,0.6060145173294424,-0.1201307436771469,-0.3985574803188141,1.055706690106767,-2.0366763291700516,0.38420424259326186,-1.1517932469336618,0
1.3874400614164746,-0.7787312876838084,-0.0766552153227058,0.275015371375862,-1.5261717696891486,-0.49307400515142397,1.181931663783287,-0.11585588685320444,0.05420452004213428,-0.8113851056307372,0
0.8696564647003973,-2.4854216723645184,0.4893195125776022,-1.949169947538008,0.4381230154358529,-0.3913854017341924,-1.5569069826683632,-0.1226491806687952,-1.7574212131098905,0.8898938190155107,0
0.5418393251037328,-1.0776544373364145,1.0402303097379875,2.1615512833598953,-0.40220065523742504,0.14779716688681185,0.18186074461538157,-0.42161947368583597,-0.9302507609540777,-0.0829194771287755,0
0.5706552646301977,-1.420034018325001,0.41738270335268707,0.15892284401728043,0.2109615376768315,0.8093710800198097,2.080825157389319,1.1945112354379723,1.2411888399167437,2.057610735495714,1
-0.2677426807372017,1.5361952383822592,-1.7980015253269355,0.42161806347964775,-0.18340097086397333,-0.9367769085014258,-0.4965444874521883,-0.9923841156297891,-0.3033870977772807,1.4965265850743017,1
0.39242735549607893,2.0905820190061566,0.2812756770117941,0.34526073327210566,-1.0715082759430754,-1.5346111370996938,0.10769647557960674,1.400215732102919,1.379758138347685,-1.090971073291737,1
-0.7126300388983264,-1.3773057955142256,-0.6376182480855755,0.0553470867319684,0.3194233395394389,0.6976886624519948,-0.2844154018537651,-0.13352654542294606,-2.1679091963504273,-0.740731493562827,0
-1.2510825198094822,1.0732452145615914,1.2075044198521985,0.9563241719821506,0.8764163583181025,-0.5635011894938446,-0.4930143326128709,0.47357320828600646,-0.15904459763031392,0.14271227676719037,0
1.7893962060023398,0.13530051854730252,1.7999704320310472,0.18911314310958072,0.4025435307908659,-2.0218421917293306,0.827552452445857,-0.013225433176513583,-0.16702837783987454,-0.46275425211948124,0
-0.38542737502404606,-0.07627348942622383,-0.49887518525136415,0.6538613747849279,-0.42977393550483056,-0.05449804718514209,-0.38693980998969635,-0.0627341424828863,0.14937872150432513,-0.04432903175769512,0
-0.33937719999794,-0.26332748481914514,0.43441897442106264,-1.8218741881047422,0.8844543610737101,-0.7375633469257823,-0.3379973211078054,0.24824166500041436,-1.0991106359880194,1.6649739364165335,0
-0.4653767839296524,-1.1610723726428056,0.8908572580461135,1.5520578870956858,0.530772934409461,1.7347138759464427,0.2664350940467079,-0.7868576504380989,0.19800720431278343,-0.3376915011747261,0
-0.8543980754353178,0.327619500886888,1.3461506879648475,2.636419346647105,0.24693551449209872,0.06824203062510091,-0.06371644937513028,1.0565187157369733,0.1953045262945686,0.5292544048872344,0
0.17840259925316965,0.12936993315251655,0.00739671636934949,0.5527767754682709,0.26670591981881653,-0.41968645996906984,-0.6197934797118749,1.9285052821802007,0.210217026518776,0.3186476135595337,1
0.23731164772086588,-1.0031973795577793,-1.1110474738203797,0.8471757296462002,-0.9472940926296224,2.110354671624734,-0.01784787317509563,0.3836416030700826,0.49018197885757137,0.36268771708845415,0
0.7427861661062981,0.5830776453738716,0.6832533134029032,-0.9400333025740317,-0.710765645585421,0.09179620255575212,0.41600904768678965,-0.600225781296337,0.6020464238894785,0.09582718655047397,0
0.24930998597507595,-0.2517110543744426,-0.5935919769022964,-1.6242442440522937,-0.2505028006779496,-1.1648343674232327,-1.5867976658581973,-0.070995463921853,0.32233815640483915,1.6794641734521576,1
-1.9315293250980572,0.4716215616955218,-0.16565361556733865,-1.5676552098892296,-0.7279606711395501,-0.3309073464957257,-1.7448323167283937,2.322071217567155,0.0890867674136862,-0.4980250759177551,1
0.7929518975841817,2.6606277672419796,-0.043100811287332876,-0.011865199462668336,-0.28973021175149805,-0.10262649028645988,-0.4752575539153159,-0.7896785653132121,2.021384889466194,1.0141909078011278,1
-1.5376848226493998,1.1377096548596732,-0.023783200734815813,1.0591264336136899,0.6885024658971624,-0.9447981419283157,-0.792699675335637,-0.6681581683011726,-0.14651147229463413,-0.7784144195255681,1
1.3897142939008622,0.317280727479626,0.44706268946329814,-0.502129960878585,0.18432173306856606,0.7896363319947339,-1.0915421956269895,0.7994928170019547,0.4683023172831155,-3.1548554350120024,1
1.1836559269554183,-0.0944544297770226,0.36536771336861906,-0.5692089563754809,0.1501349061917658,-1.832632295284817,-0.7241530392062815,-1.79556347302506,0.45490572760826525,-1.3296463724833807,0
-1.23787039502056,1.0949187731553738,-0.5744363227524742,0.21009123683658718,-0.2957640386241238,-0.38314384432157356,-0.41939729496311356,0.11445291729003722,-0.3275860902037367,0.9368874699403024,0
2.135545601595113,0.49889004555144395,-1.4902514593078127,0.7564608039261036,-0.5063378304522012,0.9927394976866096,0.546394168658224,0.41635034256577474,0.08289952788026125,0.9216721570498807,1
-0.1667210430129357,0.1958029548889917,0.7545091712357432,1.2304576723881118,-0.9161079663464491,0.392575962357125,0.18734703492496577,1.6019861368450186,-0.6062420084216179,0.5145808637487904,0
-0.7169675793179096,1.5673165762414485,1.1342929243912299,-0.6641183098195316,0.35744219788802095,0.6542816817505392,0.40825395140006854,-0.9704689350113453,0.4634965687249688,-0.3626612893509473,1
-0.4438538195629017,0.6581687012466169,0.9272662986816121,1.4313976863474354,1.0293973002571224,-0.4001789100681682,-0.46003154877447794,0.7845237311353984,1.312527345247834,0.7830427480051244,1
0.6325447969724978,-1.2026720729140015,-0.9052230051979337,-0.4170443776444159,3.2437067347107544,-0.7701630553536205,-0.18902977495586132,-0.6178808542444882,0.8937443868829268,-0.5647443214696862,0
-0.3704887551777182,1.509925098728897,0.09258761536292157,-0.9306359021498576,0.4581331221372724,0.6168742640052054,0.11421537220836078,2.1481902216118205,0.49903931966046644,0.8577119645079005,1
-1.9260882651788052,1.6802391874113263,0.6169556462548613,0.6204381749934598,0.19068598014523278,-0.27532149148360413,-0.17896067017948464,1.5853763664260294,-0.021357678699424645,-0.9440023741166319,1
-0.9895111468738925,1.1856531865355087,-0.9101072640028659,-0.16675731307953306,0.13534081741856704,-0.10661150285733677,-0.6443189474840002,0.9291301028355784,0.08411111849646848,0.757795642158546,1
-1.0938410824485512,0.1388636281468362,0.9343665114365438,0.16309921015450857,0.46066251017031495,0.7264343052466992,-0.5804386090303377,0.6748369527877428,-1.8060946983625388,2.4745102711727474,1
-0.01527361681359736,1.389119548125638,-0.9505276476924995,0.04737997785399402,0.7092653876355849,0.8221908985057534,-0.1008511905396773,-0.8800303591592341,-0.05974836418957331,-1.158358536315423,1
-2.2724393778493805,-0.47951423120958114,2.117065496124798,0.7214680028547515,-1.648958684229827,0.7502351281880443,-0.12295401819929662,0.1414630752354635,-0.10835283132760822,-1.3959100643451459,0
2.5707645107660437,0.4701754284225408,-0.4248871186220045,-0.651745638708919,1.2467172718516935,0.3102611399008289,0.7350668532151095,-1.3938193764760063,-0.9040117495007599,-0.4818003549142888,0
-0.055598926892828825,-0.4947467625308443,0.1847056781891817,-1.6394110131779314,-0.8935284465101277,-0.8588194510765754,-0.22415899799336897,-0.6635287329815386,-0.5941602717775115,1.140903818718541,1
-0.7091400944632673,0.3520113899978598,0.017190882825145106,0.8212876137763089,-0.2927627665905506,2.378254869924544,0.8951033396199173,0.8038410208260592,0.4853868946217957,0.5108418172026251,0
-0.7448891733298583,0.061606669970642645,0.7410800609108512,-0.5514079410858411,-0.0017918473130267474,-1.0221379223143605,-0.9984909608828978,0.3285297432563136,1.0430671996294052,0.059882672579394405,0
-1.1604505895963486,-0.7800138708023232,0.21195232049156706,-2.1503993611555425,-0.6585689700909167,0.6147651858239869,0.9478956256167513,-0.6367798573501147,0.2328147365613502,0.513583352106443,0
0.29442208903978195,-1.0507763770862628,-0.3446440860454737,0.06895659361416402,-0.6745474379952886,-1.062747214278106,-0.1630774045003925,0.8995862423445704,-0.1772650620949674,0.6882101797527987,0
-1.0099153635800724,-1.744835382031072,0.2736318047797473,0.00945583339502008,-0.7178789244927405,-2.3094209589649872,0.5828798733719569,0.12182579985748296,0.6820354302443399,-0.11910685741327136,0
-0.08405908275243704,-0.4882288728853951,-1.6600353011045252,-0.795215557644392,-0.22008582993340925,-1.4011467724049258,1.3674188923469446,-0.25999794624413725,-0.641145941592425,0.763215114497701,1
0.6364125215344348,2.8644098213527793,-0.4645051429962235,0.6715053855442408,1.2276575979644475,0.36721087982034767,-1.3068986264868314,0.20452718153643262,1.9949970410365634,-0.25959385974109556,1
-0.12031642840440407,1.289508891208988,0.7860525901345911,-1.4830668140755154,-1.1397098099706968,-0.8622203461789336,1.0496389317086756,-0.9048003919421852,-1.9830462971712988,-0.792441657670227,1
-0.29672975912512006,-1.2851795042388277,-1.2913920474306386,-0.1610444817026834,1.9160928812472533,0.0103449769498185,-0.06417220833304803,-0.592104327183479,0.946420280651653,-2.419525662499244,0
0.2543420370586476,-0.7840641593872114,-0.21026301056465346,-0.34789771373063666,-1.2948639641041049,0.6894606545803261,0.2947174139109665,0.2278584753219892,-0.558359435801665,-0.29518898852299613,1
1.6347076109296752,0.25534181555395397,0.3935083592281719,-0.41404176748924165,-0.3478505766267469,-1.2873943591324095,0.08642878981834652,0.6882497415181872,2.348249004631265,1.1039103119531475,1
-0.7216707082208504,0.05408430234131625,-0.8361271151075981,0.33374859054090517,-2.0410424157800118,0.2407647755956614,-0.9115688983124645,0.7121578265357116,0.8667535041200152,-1.357640281274157,1
1.0219251961145952,0.6363177555180423,-0.5755109178676994,-0.43005210449501535,0.284428173888727,-0.6817392400814557,0.5015698047975412,0.3688446216865998,0.8563644107429265,0.23126212763449883,0
0.19299500589830051,1.6506105751542899,0.5094160995627045,1.97031310327167,1.088031769220706,-0.9307529585099986,-0.1955089025045743,0.5254184639099825,-0.7123339148678473,0.6289508055174342,1
-0.47729389928282157,-1.8827391233856279,0.6671845334127657,0.616061111837509,-2.117933850827455,1.1198904935775427,-1.195310657064855,-0.6986107541805116,-0.41156087512218614,0.15523003318355683,0
-0.27166980167059496,1.3157324260086198,0.40349598675387655,0.008550271882831188,-2.1077800044616746,1.0476205682397062,-1.0677700859066455,-0.06949009696227332,-1.073793523904964,0.2856544250288097,1
-0.24751855177125084,-0.33750264324332296,-0.9526218374366926,-0.5763323906743444,0.4603693020294731,-0.08957020813292346,0.47088635195156986,-0.01881183149952841,-2.4784542006872963,-1.3508221014445911,0
-1.1322412716856916,-0.39040121423881363,0.3763894063293368,1.362381647736486,-0.2725045641544041,0.5700566167244585,-0.279366520967387,0.03450647723146593,-0.8790840231115762,-1.0152903759070757,0
-0.8110222905403106,1.1464879638124925,-0.7033405644420884,0.48029513530512136,-0.19409476681267507,-0.7527986321675243,-1.0424164034728303,-1.5881455668610018,1.6371401399155896,1.239808919722768,1
-0.10473605798933078,0.13277769142147758,-1.5217051153600218,-0.6484338627961727,1.1291835860707187,1.7635970864522232,-0.4829970010369156,-0.4844431144704963,1.8257976693208129,2.595553351439806,0
-0.035928362941471184,-1.8981997649674243,1.867694893829666,-2.064944509046849,-0.7473212426980727,-0.2312231628411474,0.9986892725414618,-0.9875099822519774,0.4613262136481971,0.44274522552205703,0
-0.6534723222613076,1.01715782762861,0.4532811126811505,0.5950334490750525,0.06232283297483519,1.0110905996299118,-0.26895349338729074,0.13686272551200626,-2.32963829740501,0.7711957126984611,1
-0.8154578692172377,-2.4621493596535826,-0.3834743981091138,-0.2173285056032597,-0.3941323739499584,0.828573713240444,-1.210035673021198,1.0097746907427496,0.17462079448777026,0.3597747414900471,1
3.2529008023011587,-1.0445261881952568,-0.4949205103765123,1.7393745736132362,-0.7841120601887923,0.34713621124372745,-0.7093644057650261,-0.2079953250222928,0.8882431393071787,1.831725730253073,0
-0.32230874972038603,0.8227359851763542,-0.12232105489847837,-2.0811370893570533,0.16492772415374496,-0.9524240104847594,-0.5519832833234923,-0.3537474932943299,0.4020227084665405,2.3668755237179795,0
-1.5958813690320397,0.9738577532852073,0.5252702106011012,0.842378831760531,-0.058807743953678396,1.126898088974961,0.3117260157609785,-0.2940811557751131,1.4964554951410303,-1.1236439778288645,0
-0.9471392661729446,1.1604110866390398,0.144139585833561,0.9365571236883692,0.8636355237655334,-0.053757258046079136,-1.1077518213955286,2.059433704086895,-2.470322409458582,-0.7546962007784445,1
-0.4661557022161254,-0.36022735174714365,-1.322725488408789,-0.5882091473335016,1.2436105245059899,0.8215308532079163,1.6487508851424781,0.1406101514357838,0.568765388845961,-0.5929667708879561,1
-1.1963099714035128,-0.6176547883496321,-0.04961878313036621,-1.2825674368280096,-0.3897142475655351,-1.6358543103684386,0.31686250325672427,1.0704867335278905,1.1374654131923696,-0.314282816769011,0
-0.6788102101595077,0.2295764862428117,-0.24900450820726022,0.8677101841087078,-0.17030126829075518,-2.0988744014845184,1.474494975520019,1.228081223186215,1.8004637700609187,-1.4423932925534437,1
-0.2281547965833843,1.501734771150253,1.0628652193478203,-0.4774379339366215,0.8368355371853556,2.387462671432377,0.4475698394369369,1.0975234700893404,1.3612768649543636,0.8062590346406654,0
-1.4737655176136435,0.48126589816264936,-0.549531675102533,-0.1315060937520766,-0.06875758750577468,-0.1495812633705581,-0.9917419096546439,0.6170832838278824,1.053656431547029,0.15388864062398763,1
-0.8116419957449114,0.31785297189550127,0.355644466939794,0.4419295578281793,-0.600509897431958,-0.6570829458222994,-1.5025978085439855,1.0344960824444378,1.3414445625497082,0.7871536620614213,1
-0.093173526942104,0.04039473148272651,-0.08589378375205582,0.9351364499044429,0.845548989081431,-0.6022812924922382,-0.7222124627386939,-0.4976480985863955,-0.2126630964236831,1.1331438879677078,1
0.11250426233136833,-1.6640717602594555,-1.887631051177205,-0.2922312937924706,1.663307110555293,0.06485763631433714,0.693072819395866,-0.894030678015982,1.0853165331064356,0.05430447300369607,0
0.09207904862564406,1.332101250904695,-0.4563089413781191,0.004125144170757847,-0.3844843174171136,-0.1441178233197676,0.11265106094922224,0.5297996799199953,0.027288582271880697,0.4290616793366012,1
-1.3867146526153864,-0.8628948040503263,1.649248009414246,0.6315218027218709,0.7376768174229673,-0.5037095726421773,1.1506362521580102,-0.029696909718938957,0.43608836614197016,-0.2699095611873016,0
0.8282908984570213,-0.03536832084080098,0.0917569910206539,-1.3163658685605468,-0.7609995782297004,0.5142521065244434,0.7665164031008346,-0.42050209940501415,0.7972767081794714,0.7361235242060908,1
0.009430420454783334,-1.7407288999988542,1.855244919759571,-0.3237703408058791,-0.03933919024408324,0.16756900769179509,0.6958493669081363,-0.23071834208458064,0.7601918859815628,0.5985712909903681,0
0.38416436496131556,0.9258714554717684,-1.726334762903537,0.31588166775504917,-1.0610845916386569,-0.010778893947637492,0.6885644211848325,-1.3830149281185813,1.0585543442099583,-1.056405374094329,1
0.7831220308214599,-0.9972740478126174,-1.3529563650284693,0.4570421414389706,-1.727729270253125,1.0141440625071287,-0.5230010771121493,-0.06402892894911454,-0.7448064194864259,-0.9751242663065592,0
-0.028677866459869465,0.20114044005615042,0.836532625998119,0.2279427592114595,0.5661384200572952,1.9085711486577959,1.1412431849707096,0.30763415417913403,-1.0420114334705224,-0.8585373852106883,0
0.5748209312636592,0.6347269068525845,0.910258021261465,0.25454471691282393,-0.1805991612434466,-0.2670736729012709,-2.0002290731987333,0.47651435216619725,2.378017852076423,0.327344016357807,1
-0.22085148462505744,-1.7838370167658224,-0.8501736520620874,0.7690753279644087,0.4144282413504022,1.418992869892901,0.1818147926019745,1.76600141817897,-0.6735352267552333,-1.052227152664017,0
1.483178916134393,1.589866170365828,-1.1669610522389977,-0.015139848368182413,-1.4371461719929517,0.05470008364037414,1.7181707168942222,-0.8237822435047779,-0.19137460168753143,0.3382973969557865,1
0.5384714676400842,0.6198144899963995,-1.259540927936699,0.028485569250005345,1.7975901596390442,0.8414449679357558,0.22964673863510335,1.8488178736409489,-0.30254503786584197,1.5270713665436386,1
-1.93736462781153,-0.6289621412789438,0.29893708958149956,0.638628508418497,1.1711732053465735,-0.7863295266490408,0.15518788333297392,1.37283091919002,0.6460967989220421,-1.3448691533936563,1
-0.7742446220627313,-0.6879085319880399,0.07303474450566955,0.7395286524851635,1.8841307846077195,0.06454555102428615,-0.10186026100299833,0.49030660317882707,-0.24751401467289388,-0.7553461118600663,1
0.9863681649066736,1.8124164830502372,1.5736935163071337,-0.19851695038155878,0.7560525911100106,-2.8074484777163744,-1.5507380699970308,-0.44786402880954285,0.48891727266474166,-0.10837650387078657,1
1.1375377820834534,0.9615072025278373,-0.4093475582750313,-0.8160456236768572,-1.57989972003189,0.455788458366241,3.426347652419654,-0.15540094490332515,1.059023458906097,0.9305512712751863,1
-1.328483968518206,-0.17457636669612384,1.5280396914328835,1.386297391012854,0.731205059239998,-0.1738727535446282,-1.656097469033636,0.2960745353788925,0.8653998151203843,0.9817314437348972,1
0.9314007484353164,0.636449258496893,0.4859663786134372,-0.6078727896530138,1.9168370998292734,1.8770336102991632,-0.15829802914209568,1.8199757296955317,-0.7774987967268528,-2.0723716966616608,0
0.4152987016284749,0.8036033261292801,0.5862092185161133,-0.08557406247183826,1.3474240395760537,-0.9016437103863618,-1.7212606082645976,-0.857327405063143,-0.0855614334961492,-2.3667737131924755,1
2.565917360177608,1.7216841461861443,0.5463140749136178,-0.5572952623443224,-0.6239501302749968,0.034241724367977795,-0.7225664417404342,-2.1546545119541634,0.8516969986968422,-1.337592641509547,1
1.3110909185719273,-0.8302571967859304,-0.14291528294557582,0.25779881222600043,0.23993365517939508,-0.8139498843130503,-0.19694290564478148,0.07196576782450542,-0.7315664758763912,-0.9641266587247364,0
-0.20429550994058496,-1.1089279697958838,-0.7199791261881485,0.34505513763730816,-0.8429469037885119,-0.28409432782439065,0.28603889669046384,-0.5613142353396063,-0.736422197598801,-0.3588331421020051,0
-0.5277830403219427,0.2583488604199059,1.5337069498923288,-0.18221012389787758,1.2918359746217312,1.08987051125727,-1.5651473943088585,-0.38870369036348307,-1.5393491900994971,1.329067616619336,0
-0.05624642393738156,0.21232513672500902,-1.417448831056076,0.5045593500993454,0.31480420326240705,-1.453992079733406,0.4109544309282125,-1.170274131196182,-0.23127776320420598,-0.19143600985914364,0
-0.18726676450257188,-0.7223573787112462,-1.5248946260347536,0.6675869550912118,0.7624960544534188,0.30407621730677087,-1.7261950482890573,-0.9593569838669299,0.6442046569033979,-1.2029836605672692,1
0.41535786515366985,0.8883512147301251,0.32290469113895537,-0.09789701795265189,1.3673707177683387,1.4617288771626618,0.9060391364917444,-3.2478033561373185,1.5480548720621174,1.8238019513891233,0
-0.180323324487924,0.3166691308233561,1.04798414810842,1.2654332789436438,0.7496506531319685,0.5108500305476746,-0.3904722970534487,0.39087681639613975,0.5557086569079478,-2.4042802320490027,1
-1.2377573117811096,-0.46794493092435396,-0.8100949163796722,-1.0121847307438963,1.5569318237334693,0.4222423681185791,0.6457874018145584,0.16896166125420178,0.047149159636999276,-0.7277515264049331,0
0.40944806598520256,0.08029282816137749,0.951527403073457,0.16735642242489707,0.35987239412099614,0.8258568813471172,-2.228972088525718,1.157778148852511,-0.3266129624654037,-1.1428455183978095,1
0.9710150739398405,-0.39312638369341096,0.6966420526174255,0.8766046772486373,-0.6698844716608744,1.442232103505866,0.8181792074783083,1.3457717120046255,-0.3639794027315855,-1.027794525912673,0
0.055893360103507414,-0.6142748814719917,-0.11841376098172547,0.7204240804363752,0.6590338613731426,-1.1069795514179719,0.13360896860708862,0.7885113596954116,-0.22112678133674096,0.38805734138146897,1
-0.13442562190597213,1.7380527923726572,-1.7665351794916244,-1.6814514097084539,-0.1968390705249163,-1.0017634677441445,1.2402842381327606,1.0705047411931374,1.1379679083180234,-0.1912938083363379,1
-0.7935082792305357,-0.05479647337548602,-0.4311889154998469,1.2174950156331983,-1.3388149431376248,2.5448070320632836,1.4290342596061858,-0.6566503004459804,0.5268874231969504,0.8926790533948337,0
1.2485130631114325,-0.6038787725190028,0.7677538155384023,1.063785175099297,1.5300050466106823,0.544283649379877,-0.9179968334291425,0.3975965124527321,-1.7285392532314996,0.17796587076352907,1
-1.1446482896282357,0.05189800571520062,-2.6591128365993795,2.6422777601136587,-3.3000803757921378,-0.8192967456646398,1.6861600624685755,1.0428475181630648,0.10028620516318935,-0.09547222223878046,0
-0.922849593193101,0.9954806939718748,1.9155541169330634,-1.5100095611705942,0.5135880816649332,0.1742116492945338,0.356886826442168,0.13018788751277274,-0.21550907594030058,-0.9271487844678103,0
-1.5573740255791648,1.6465914074247279,-1.9456017041872071,-0.4589446095179358,-0.26715327585054766,0.8311617807929765,-0.8558658434698347,0.6732014077840895,-0.431801927606627,0.22952134536364094,1
-1.153885792720572,-0.8520696055246548,1.63589321712284,-0.197244271439586,-2.27776608595968,0.16132501743443706,-0.9373562686313489,1.0737303631505757,-1.3475948802804383,-0.6006912630042921,1
0.49790841207097386,1.2261930927092,0.0939343311891913,-0.3883362442188388,-0.6902878167767326,0.2905238251919695,-0.6094017518080442,-0.9196169385330133,-1.7453407906436096,0.3109032759519085,1
-2.338273386722357,-1.409652531811256,1.3798058574511838,0.6872695998332545,0.4638373169664057,-1.3302011436171728,-1.789197308535642,1.0005595888534196,-0.908082012466908,-1.524888283849645,1
-0.7735959733304064,-0.9574978383458912,0.9320936859359809,1.7723736436741624,0.8254137804647046,0.3248233233997689,-1.1572770230405527,0.984185510455055,0.7959198728890421,-1.1406740205367232,1
0.6807164316349167,-0.1541851062716691,0.740526737245977,2.685140632815677,-0.22355276487659054,0.8245171193308082,-0.7198256588733905,0.5746105620603037,-0.20217923120893258,0.46657347676584965,0
-0.7210278452213854,-0.6174128843489624,-0.9253201312780667,-1.543731668736461,-0.7856911866391524,0.8803944595632277,0.3735767911476412,-1.030427340020868,-1.8227014626970723,0.1915200975328388,1
0.6232216740312264,-0.11158158538996504,0.4575769581654376,0.07203754723270515,-0.6055663788377529,-0.0884734070591475,-1.2294861116273814,0.16014844017068747,0.5158276575356843,0.5002426120915534,0
-1.3283248730961463,-1.2529628046745824,-1.0408250476481782,1.8531510681760586,-0.02314428722743316,1.7692819132448288,0.30303625726315614,0.6713191366082017,-0.18031560591841786,-0.7161799369604533,0
1.8356854615940046,0.18017323736952684,0.23149694961783987,-0.9500788389401273,1.7043677989853083,-0.8977097143380917,-0.327185079658094,1.1948522354098146,1.4499911721111827,1.6823067882448541,0
0.596469164632437,0.13850840695623634,0.3218488824342475,-1.2566759336862652,-0.49198558693115346,0.18632858115598885,-0.8759956978481719,-0.01351804930832887,-0.263336268974876,-0.8293369269981009,1
1.11694972800202,-0.5803456009038908,-2.5265502576633048,-1.0876016391665595,-0.047836131553713204,0.298139562905921,-1.9964164413737238,-0.4958197702612302,-1.351231012130384,-1.2886848993483655,1
0.952868090977543,-0.7099434210201616,-0.281094333190716,0.9760927818429996,-0.2760694292216489,-1.7825180703603216,1.127019490583532,-0.7633622119189375,-0.2959871627851967,1.5477471567429286,1
-0.5457976028267867,-0.05156342459302195,-0.3242774590721722,-0.46956595378324306,0.7740747610849675,-1.1574062663811324,0.5743917944553898,0.49247120116088294,-0.9015197724472659,-0.1734816027116925,0
0.5450784715193229,-0.13070247449713596,0.13148058447863226,0.3373439970344663,0.7900320921972556,0.6698580182195962,-0.04746611062724931,1.1960768225660467,-0.9271431662265599,0.4141164323000935,1
-0.9275320032879893,1.0122950638811103,-0.5701152088504936,-2.267474245065989,1.0593523283492632,0.27134426596776284,-2.2716831564515823,-1.3833575629812729,-1.2364496403787968,1.316864326959498,1
0.5568882027647745,0.8156845906793413,0.7983439439615806,-0.9391731188307523,-0.006763353054509887,-1.1711725512331455,-0.1766376126601126,-0.11698735706659458,-0.9897432921287661,0.36379318976709546,0
-2.6545414330136725,-0.3258448697514023,-0.796209605117646,-0.3081602102373912,-0.1280974889921006,-0.30424637184863407,-1.0321188121335116,-1.0459761112221349,-1.1647907848135666,-0.7970573544235958,0
-0.24928762363265858,-0.2584707683063445,0.21398126993619387,-0.24936692838604257,0.12359266139179372,0.6005066505922064,-0.5397791044844141,0.9926535105290932,-1.61766925660243,1.008308267393246,1
-2.533714900686942,-0.890440463887327,0.009282208416740574,-0.9847865568674865,-1.2771212587827323,-0.36623646921843866,-2.7375908598942416,-0.21583110586183837,-0.10966239928843292,-0.787516660653468,1
0.20604165648494577,-0.4581725076778308,0.5072215932621319,0.12597472196037876,-1.6689505533183602,-0.5611558087183472,-2.644715179395944,1.19402799200976,0.07920795251656151,-0.6876277156960927,1
0.5416161166668478,3.4585968161148313,0.5554402051092375,-0.1355470355319178,1.0171570328165227,0.16050777727735435,-0.17700950280458658,0.4736776350369675,1.222398612736673,0.055764649714732654,1
0.5219979705833208,-0.9704182178744319,-0.2752621953166038,-0.813627596398329,-0.0539723993179173,0.38941873232344354,-1.2577475157423066,0.06374612182484628,-0.03144078424613136,-0.07798554170418678,1
0.563949339433897,2.6871612033392807,0.20323338404762184,-1.305957552170469,-0.448133768679389,-0.40337716738754026,0.243961527460825,-0.0927230036927878,0.6798256139639434,-0.610862014779554,1
-0.05818985492234962,0.9312776144665534,1.0072323969218688,-0.28141426932430086,1.0293742728295219,-0.6352836170623176,-1.6143815309234246,0.2240534777559639,0.30556663244722354,1.0244949113212263,0
1.0778035873134737,-0.5331297226042839,-2.3907313030014197,0.5461815512241335,1.069425676902889,0.9096843534028078,-0.3102223622580943,-0.40455643319801216,0.470539688470026,0.36171821099770657,1
0.6791380636681086,-0.28529427255598,0.01259120614638332,0.9842448781567038,-2.2170464995898196,0.9758181826829755,0.9350473754283212,-0.12002104885378191,1.5871820952122668,-0.7291539335998733,0
0.49256225202705956,-0.9489437188256667,1.1703953776753127,-0.8722449947246622,0.3468839508168896,-1.102052942708243,0.4816391873522124,0.31615536259967075,-0.062461120636085145,-1.0289130349839257,0
-0.10405164557505987,2.5099520677229528,-1.992973774672225,1.1725928573763513,-1.3818394133932173,1.0127638054577035,-0.017802697496814495,-1.4685106308244038,0.2159254735356825,1.127440810204952,1
0.07530237581078959,-0.5465987844690795,-1.0660015426620482,-0.19407168088967788,0.33640524528082993,1.0920248988839134,-1.2571902962064296,0.07546154201751755,-0.36124766861644386,0.9168123811985407,1
-0.38465598282466923,-0.5904557741063047,1.1039071878792086,1.2750782672055103,1.8607955699188887,1.6941195575434922,1.130715960909622,1.6500075084730217,1.1011304521840373,-1.4111276504848986,1
-1.6645104329617095,0.04478654086972869,0.33533733148199024,-0.3846997728895258,-0.5150967702211288,1.2235171789061008,-0.6214753268081321,-0.6301978523732874,-0.10277392228492051,0.48857774673958126,1
0.39058426076124503,-0.3501032412749507,1.9110178137706169,-0.45963658537180774,1.4817424957390433,-0.5489061011939816,0.26052238149414175,-0.7219274753489346,-0.09151932729411667,1.4356967764866142,0
1.3925260779906183,-2.337417503090751,-0.23107259438145047,0.6490343319935246,-0.5617427322898401,-1.7975740588341416,-1.1539221968450648,1.5513254899715039,0.8652074707701121,1.0360309842231108,0
0.16841451395907342,-0.39193394121557984,-3.0222347809255674,1.0483560081985364,-0.25889326060596596,1.4231530417537595,1.0951816590407766,0.5245582591383503,0.8042254801134513,1.136944583085542,1
-0.3925687758796,-1.4363442097827432,1.122693026022592,-2.003033490203794,0.8407290046028003,-0.7512669032366968,-0.7289594707246642,-0.13790152701348363,-1.3246903023267511,0.6222474627845589,0
-0.30229931902300344,-0.7701440029913201,-1.8196550623321932,1.4047731168255684,0.7361110332320143,0.013303564694978297,0.21381101460950283,0.5590625775964477,0.48762763190692276,-1.083605376251652,1
-0.5383113936858084,-0.751261832842014,2.3382971133397223,1.572480738078738,1.0690474556400018,0.0551546245681289,0.32659213289094213,0.10730692319507003,0.570925604382688,-0.33191590679676974,0
-0.40544947525878355,-0.4729099359137562,0.38505101783936924,-0.9415918767466612,-0.6736041740647852,1.6318688530058036,0.06427672053858628,-1.4935882886734924,0.3093866278460463,-2.0976021452597915,0
2.308417411264717,-1.04884099046814,0.9164853151022248,-1.3860028834332372,-1.2723328698046543,-1.1594920072853676,0.4793879057530382,0.1818654256316936,0.5981615702074029,1.4347803335599254,1
-1.161481950236712,1.0984440899245669,-1.7951895832498677,0.9058579492965245,0.9020555771117696,0.6148292466282373,-2.6409097427444475,-0.40628798741449546,-1.4502170180529097,0.3688139484399809,1
0.365229811440301,-0.245925155686946,-0.6794217888234076,0.6640283233778684,-2.524838325361492,1.0696635093601365,-0.8847384421328076,0.5296615814198695,1.2263966079495237,-0.5135567898387634,0
-0.3876465197231077,0.8414256923875825,-0.5823025209771246,-0.16261039078205347,-0.22259580457393835,-1.1721321161750575,1.8206348282232707,1.9891255209667398,-0.10801196848242103,0.8339919941782011,1
-0.32107571525219936,0.7408384241924824,0.9127226771904288,-1.0619730492079746,-0.1760555922366837,-0.6821575963566595,-0.9533095449728651,0.228840788479125,-0.3745496565819397,-0.07044927547247207,0
0.14753580887585138,-0.29871029318940123,0.1425992652434422,-1.0893833522229708,-0.7969846367132389,1.367306169067163,-0.9217541363226949,-0.12340921545645045,-0.5075091025316738,0.4438319090454548,1
0.32032143845469147,0.1501840455008384,-2.199372029273934,0.040468211698730217,1.5421441861453173,1.2304266131347217,0.282611768829301,-2.0498460388366184,-0.6025509512306585,-1.1129340658691345,1
2.4540699865725952,-0.09293132743622026,-1.4901370676836174,-2.3783881661016473,0.8810225835995372,-0.9700923570894681,-0.8345772273030424,0.8142075181254794,1.2157223746619141,1.1015061193243028,0
1.48165499306989,0.344470886220594,-0.23818797618809043,0.4230799287707293,1.7937904899382684,0.7823895822767638,-1.715327315142138,1.3159407465037287,-0.5513656019304338,-0.2177014750093371,1
1.3912563489889982,0.33251104369687506,0.9623630636161673,-0.018561333872210383,-0.41282905613501164,0.37142672321273706,0.29032836951935537,1.3847151149976968,1.392296858057388,-1.220329612428582,1
0.6065672606903332,0.3165900441554864,1.0852270072964578,-1.2032723623855783,-1.1148407609932915,-0.09884158779518575,-1.152019106544211,-0.2756061108325847,-1.8131647119422671,-0.5518007959203235,1
-1.3270484988969211,-0.22101348869903115,1.2711674445358774,0.9986900087512932,-1.096281553132742,-0.7854742217306654,0.0705352569630799,0.279103598902502,-0.7115718206532261,3.082054098651007,0
-0.3071043136579491,2.207083055966505,-0.5620074592982766,-0.012914993209844287,-0.09476271985340069,-0.33395689417105384,0.18944309894756325,1.292088569386581,-0.8776622616646866,-0.10469852030468572,1
-0.9436975883785224,1.8243643293802945,-0.5771483928947433,-1.3444428759964582,-0.22440219048789134,3.3068785256783593,0.1322398439757701,-2.402115159746002,-0.12286125533543557,0.32225342256470724,1
-0.7878701909688464,-0.9480842974626666,0.3199971880202875,1.3415537079417739,0.1063568758736295,-0.7169656049609948,2.2705096233787154,0.2723272772367145,-0.3772502945523501,-1.2508696954023206,1
-1.041432014546035,-0.17907621643171537,0.7525292739435586,1.0399829710419244,-1.4538420339843297,-0.5115995689861738,0.9002742634733908,-0.19283261787390654,-1.3356458683340764,-0.84789707920181,0
-0.9819405159147886,0.6488732865451622,-1.2767591982103934,1.0939342614618934,-1.039417184529742,0.6276241846589281,0.35377527635430894,-0.24079973736428095,-1.0492861673803693,2.5271554978526085,0
0.850917690412449,-2.415277929830738,-1.0084239467857377,1.200838534976026,0.7746065524528247,-2.016146961887765,2.049226707093735,1.7514266503192817,-1.0668854591219696,-1.008921143776081,1
-0.03764483160530487,0.5644460066626728,-0.3015068038944349,-0.5442477989850911,0.685771210597845,-1.6175622655247595,-0.4440302460166702,1.1066369842163575,1.0338859448295161,-0.4085365445628238,0
-0.10897822398419477,-1.2189514192824145,1.6564356907910653,-0.08886352123366964,0.1385858918287443,0.319272637958616,0.7015676186495857,-0.41571167316538876,-0.5816641947757603,2.5036870466566477,0
0.2702901295410002,0.6491554919069787,0.33476324942301977,-0.011354564524391026,0.16417696078346972,1.7036554255018173,1.6286798122982078,1.4557516181226984,-0.4681259288207543,-0.22171279414194228,1
0.23171425886031422,-0.07814405455485418,0.6677938737079268,-0.648262386311338,1.6879325006340358,-0.933061030910442,-0.5915249192837442,-0.3611971282600108,0.1890713540203446,1.188756105868946,0
-1.5288911390500588,1.712469914106728,-1.6961716982256008,-0.8484517414114848,-1.1310281701213016,2.037892240039188,-1.0034236831190797,0.9097835144841401,-0.9575536476640532,2.5572188629882167,1
1.4864063190360182,0.018121884498976865,1.1099203139593419,0.09216821074289513,0.8295332916510221,1.3752871621199094,-0.49484933164766304,1.4163386001622302,-1.0417117183884093,-1.2790876987052848,1
-1.6282177718096182,1.2868566271279418,-0.4721635113162338,1.2928406361581433,-0.06055097232820682,2.2792107653948404,-1.4226326560509432,-0.8687873099636275,-1.0002515126163511,0.3818033815079652,1
0.8515169424047723,-0.9536770899957918,-0.41778623258996234,1.6984320756725098,-0.3002111965080175,-0.8267498196594486,-0.8289720682318009,0.056564530565828754,-2.204138068452858,-0.007839731121212959,0
1.5754546206896403,0.6249716158046588,0.8155378335763852,-0.37305400808559847,0.6702256319525404,-1.3821041149986033,-1.5934679480928269,-0.29520321072531314,-1.931622716902054,-0.2988113990869858,1
-1.751877375915603,-2.1079351824824952,-1.157048459385082,-0.5260096024734977,1.9272745871783565,0.027005454931877428,-0.5955511985349945,0.37031956572586056,1.370605814641548,-0.012830362407923226,0
-0.6674561400646665,1.2595831671666744,0.45206428978803836,-0.2025720874548663,1.2119578185731572,0.49019133358016803,2.997623894024547,0.17667835324426587,0.009513877483349621,-0.6288857439005716,1
0.6228160705098441,0.052295540824464054,0.3971699557177166,0.5910482636661853,-1.3186333063307527,-0.9373504247585506,0.47745688417728555,-0.29913668773213414,0.29724743983189866,-0.21808410840253636,0
-1.37673177011338,-1.6935875397920435,-1.239243897261917,-1.4620393948467685,-0.5454985632934162,0.6685099959864911,-2.9225862638078723,0.2351948918492412,1.1719681875870331,-0.25157433363492493,1
2.257105652325047,0.7796546981181711,0.16083740517604497,1.3633590297200202,1.2257950961785846,0.44695677470464573,-1.1177402826355987,-0.867199277990369,0.0713401549809366,-1.9787252856525959,1
0.36492588017405486,0.2515641406830677,-0.42861482375967813,1.4754789335259328,0.8152770176021618,0.024390790184432187,-0.7339412611275832,-0.15061594287114935,-0.2156983399324975,0.6476144627827605,1
-1.2768418032135684,0.41680075873531786,-1.4062687541526286,-2.1792730440855452,1.1402718102511018,-1.1107699298003262,1.2143628159904614,-0.5177251399603329,-0.7671332976131563,-0.6886764027074904,0
-1.4794523507233939,-0.6575045305090914,1.0822637852926102,-0.6442706387736465,0.4115278075079532,0.4198271228843368,-1.0911812177004798,-0.3988993071240421,-0.09543199506011159,-0.42384821600954653,0
-0.1685525212259554,1.4951196920790684,-0.5827796663115654,0.41698085655917455,0.9235064511766895,1.888927725565873,0.2443642046099078,0.7373161840663617,-0.11053354296629601,-0.08167776110581094,1
-1.0534077869037715,-0.2619036835541532,0.755586072668648,0.6260434146280546,0.4021252432462402,0.8796390213757577,0.07898391637477103,-0.2866005466440251,-0.03154197147961312,-0.5776574633166596,0
0.44210387411914803,0.14332671267990338,1.2276030053707003,0.21761055987277847,0.8042557301929146,0.011042189981125735,1.1113877803897234,-1.9871139348182085,-1.4197153270058593,-0.5400599508507454,1
1.9197425585151304,0.40856170791345753,-1.5082961340548764,0.0115466576749841,1.834618315741762,-0.00395903089178316,0.28633840101053143,-0.241623779418205,1.733415550076113,-1.203886770848806,0
0.9729328493326022,1.821563134570578,-0.1632010999930395,2.214918218835659,-0.08987154290979117,-0.12516997481020423,0.7328849043688554,-1.149972393984411,0.05440346998298224,0.2610568205287138,1
-0.1293144508869995,-0.6658197923569463,0.3667437999888524,-2.0190135571046497,-0.06955587751987906,-0.4663340763290041,-0.8330411995838021,0.5660061608073721,-0.25483301845492684,0.6828678037985354,1
0.6322480767243195,-1.029488426544686,-0.4612948552347179,-0.7091652254084436,1.4610308883140193,-0.3233354799603903,0.5832444656792961,-1.0594740833539726,-2.725501084471829,-0.8089054829149217,0
0.6500211894577178,-0.558484210951185,-1.2676921752047654,-0.24254685459539077,0.43743914656768335,1.0174590332292324,0.9619141608767614,0.3060709237353671,-1.3867799582159532,1.0196140703475398,1
-1.0413287186178035,0.07169915686160251,-0.15080090013696168,-2.029811141803598,0.4648610136458135,-0.9277617994793353,0.3798375450644371,-0.8981182499257531,-0.7010217135843944,1.4173433053727735,0
-1.8994347398217741,0.3893148498230126,0.9085175750770966,1.0998076216438781,0.2812340164992506,-0.05690046980354397,-1.4112726947552707,1.3837205350399386,-1.0638412111746876,1.1918164094763821,1
-2.2513351691435166,1.2381498220937583,0.5389384109847907,-0.7669494639209056,0.5967094745756005,0.007095822894843566,-0.7366286773899176,-0.7083518828105408,1.093033142140902,-0.5307218978187206,0
-0.5091252178684762,0.5426349173834273,-1.520269414098927,-0.2195290354040861,0.4783672849815973,-0.49605409842444115,0.35039646758184845,-1.4532721661712409,-1.1673423219765422,0.1656029828996744,0
-0.4773688571263915,0.4176054720783757,-1.7589549715421213,-1.092339240919928,0.6263551184437018,-0.0200837022878758,-0.08141452141687437,-0.44938736559777476,0.6490915546507107,-0.16992700696503357,1
0.8826732417762103,-0.2490561286573809,-0.5680750828577644,0.23101407526745374,-1.1332980152751044,0.31638457302563866,0.3151454275306065,-0.03919418246313529,1.494121509074943,0.15613259904038884,1
0.2220474489058974,1.7616558697903575,0.420749807900492,-0.1750044772903922,1.1105481320471566,-0.6635399879338102,-1.5141762317747243,0.1947430564526444,0.16115219376378145,-0.2707298258505303,1
0.9023035325256057,-0.7777266438374596,-1.236830086985666,-0.8126202560234086,0.668949479025296,-0.21816202707972904,0.3552024967459692,0.7145330028559227,-0.8348478894776525,-0.5080712784783779,0
0.5047301964557872,1.5845692748476627,-0.5314155254691135,0.6398189212498558,0.9125826280563615,0.7295016081057286,0.30899875309000824,1.2543495804927973,-0.8616472827399659,-0.09301058224585049,1
1.27770675903322,0.24618496271496182,-0.5865163052090053,-0.5388176924221152,-0.3805198654675371,0.46285694675732564,-0.9095817982629364,0.9332756605421356,-0.6198284885276116,-1.473964358688373,1
-1.91867051463498,1.6197290353316953,-1.336678776068152,-0.5026282153949344,-1.167556195829698,0.5814658001604033,-2.200688381935871,0.42063961231973246,-0.5523119071209687,-0.1371205870136774,1
1.2395346950463286,-1.3890458396185827,0.25948920907823086,-2.7509475680776063,-0.6738105247345956,-1.438558621431918,-1.6538446577011408,0.5640979478589826,0.19736275164835393,-0.010772553829673863,1
0.13276628757162603,-0.5136899421847392,-1.649966129883872,-1.1845675341186457,0.004756229885349788,1.5741787148613227,-1.0129740517435801,2.424998586201395,-1.2191760078089482,0.9887542623201162,1
-0.934163742863351,0.6504889220137874,-0.03260144257512004,1.0392618085893095,0.7626357442152847,-0.8724938741268131,0.5858508564210251,-0.6849168618634462,-1.616116259331998,0.7508689380507445,0
-0.6753613928234674,-0.686815870021942,-1.1602186377904724,-0.899456135417889,0.28983068920041133,-1.214387988660702,0.6423321425432116,0.09559038305250134,-1.4070063598763616,1.218788907020177,1
-1.1173468591748723,0.15730681894997947,1.1092716743409108,0.049394106064659174,0.1967354694267346,0.6685736086326561,-0.7138901914919983,-0.07043735674394411,1.4590662554471479,-0.6652612494081099,0
-0.9193386835215931,0.8258365757680074,-0.5335998050243079,0.38473171315983773,0.3565837285712942,1.361352750785813,-0.15156729235990585,-1.052803004377247,-0.9668707225778138,0.3499641380719931,1
-1.6450597503739999,0.9439084133192779,0.7854023115002154,0.12856761629374386,-0.6061307634820841,1.490331403118671,-0.21079984076998554,0.24434782121963655,0.7005169086396745,0.9259449796248457,0
0.49964503885837985,-0.32031813273183546,-0.752076335625053,-0.17015389843900264,-0.3696627070791759,0.3036700271737742,-1.0362699015291215,0.9840546720983302,0.24098266589757272,1.1888667366416394,1
-0.14793977663719407,-0.130653139879242,-1.4600339405196576,-1.9924991599124573,0.6059321577503102,0.5373115148648362,-0.5592438271964987,0.6485753600544386,-1.92753254469839,-2.220949284120429,1
0.8010132025641555,1.1501890912387072,-2.5865165116903213,0.3916330035957717,-0.20620865774219288,1.6264903500095755,1.2790508824902576,-1.4413415286263933,-2.0119877193189275,1.8773890259367392,1
-0.6561683914188803,0.2904261887580579,-0.015538894768562466,0.7640358161215552,-0.7141422968437623,-0.17591949644346366,0.41001132156470554,0.9787876575926369,-0.05075088827090621,-0.13957352938281092,1
-0.7303432134669876,1.160748238014778,-1.3567019028146157,-0.5322393144700547,0.6805490424988868,0.9828609168246211,0.35426486897903886,1.304165144672483,0.6713519587035536,0.13530539521639212,1
1.052612213798156,0.9182095893938784,-1.2254841587770153,0.050523570992351795,0.5611295123531476,0.8460953166333958,0.5153858377668538,-0.46011679884683143,-1.5824557024553192,-0.5922467326142138,1
0.20588204620130146,0.7519723402914408,0.7818380756800117,-1.5116701658801868,-0.702886015094273,-0.23714965512666,0.023441537742052633,-0.8981600257099756,0.22389073179826538,0.7426618665933462,1
-0.7089437447106754,0.5192382722793035,0.15503214566988288,-2.1619030215398896,2.303227109888897,1.173964473228244,0.13534351648975756,1.060354673393476,0.9423986027648669,-0.20249158557844554,0
-0.27750871888408135,-1.605753253917022,0.47114110121132946,0.25510979221366514,-0.7938350941150584,-0.3071533061512081,1.9150395863879104,2.5583763046576222,-0.8775162003643939,-0.4990397049406595,1
0.5253208656130269,-0.033091365718498744,-0.33314075349869404,-1.275648318622586,-0.003668261661087651,0.6038751694493948,-1.7402383529289844,-1.759518201117846,-1.2127214380872988,0.43373700783323094,1
-0.10263740350804132,-0.9964102453866795,-0.4147965095110855,-0.5540881490540414,-1.7196112563937436,0.16531749657201225,-0.5004497572792604,-1.1171278653471182,1.2571190867393431,-0.050037703241877805,1
-1.4718024022204228,1.4763015223058649,-0.7241038101657487,-0.2856799141912912,-1.6131025460098376,-0.7697630141740347,-1.20208421293322,0.5983729529500937,1.9582912134323442,-0.18097848934176644,1
-0.1720016407720518,-0.4425368790048132,0.5847497220227822,-1.7312212505422666,-0.6440751712174148,1.1830350221197177,-1.10489349696535,1.2558132238243036,0.2705861484644373,-1.818779745343602,1
-0.03485269020051633,1.3291162068337181,-0.015696068973873097,0.48772490986113437,0.6610916089403146,2.3899818934851855,0.21926218701987238,-0.3509150356052461,0.2637876249166126,-1.7397297977518693,0
-1.1259395963309522,-1.385684240835405,-0.17199423887659795,-0.8254071813819717,0.8660203683437092,-0.22918870218467607,0.9726888799108349,-1.7356466205686683,1.2024968311071629,-0.06884886295164454,0
0.11353638062792963,-0.13919576433460026,-1.4043189127224016,1.0434970637677063,0.08198112419904911,-0.4216669582548931,-0.018157286398667195,0.1986428152316813,2.492681173587217,0.4287277749959274,0
-1.8022338122384196,-1.3723823577478322,0.10940873637879694,-1.0037008333460102,-0.15744977050164036,0.3398387232042364,1.3745750462703414,0.5579867826075998,-0.7655779600599054,-0.879443447603994,1
0.07794539839355762,0.002803519238126999,1.8849321705794615,-0.17643807390988836,-1.3473965653800641,0.3947131317401922,0.4656714494963879,-0.18995653427695386,0.987910343175316,-1.0854129999952566,0
-1.6455630924194975,-0.2918292935710012,-2.13513046801183,1.9627839973740406,-0.8022099839056118,-0.09139668247862835,-0.15191740503192186,1.0985698228107703,0.05370290302795283,-0.4140918144786945,0
-1.0832724606105695,-1.8617821074490928,-0.9755572761235621,0.6846972157403733,-0.2793471761989323,-0.2590772559767116,-1.81160600720355,0.13997465155548225,0.9534747283049966,-0.20684975991695925,1
0.27391970907521396,1.2818872727038764,-0.08749103486814912,-1.8963730611878598,0.9568563297057003,1.0353917294875163,1.019847800022436,-0.212820146928346,1.1692636344889449,-0.09298927591359843,0
-0.22261666691449442,0.7126490965775344,1.5252506369599794,-0.6843240807169767,-1.49680731108092,-1.3297113119937796,0.02848552319525651,-2.1176348673981167,-1.3595514452205337,-0.9578454445359594,1
-0.6712985654658538,-0.9245172984168462,-0.48738834716185575,-0.73674362327619,-0.8895878021839609,-0.43061465121635306,-0.667163777605855,0.10231050049917971,0.7608993994772979,0.008460819142125433,0
-0.4248872082482339,0.40097526845531034,-1.159771678485729,-1.0771518297707543,-9.313425995401874e-05,-0.5552924262534328,0.3363303399751443,0.6632242615233166,-1.7159823620532288,0.43745712655641683,0
-0.23156601234163043,-1.20719783751236,-0.05444389938548525,-1.568324903209688,0.11536367037547492,-0.7817822847396261,-0.1175743319095616,-0.5880879863660157,0.9079213013051306,-0.0590957302281848,0
-0.25204009950055384,0.6268169549322398,0.9063464228388038,-1.073912115285932,2.715905661175428,-0.3324207913031522,-2.9523465925501737,-0.8454685315813145,-0.4828254569261325,0.3401076658027167,1
-0.03998527731893999,0.6811546164057318,-0.9548961781870027,0.3747792419638682,0.06253225964952577,-0.5391080246991552,1.4457446862834293,0.18682098830455185,-0.14979341706614457,-1.174484822490597,1
0.08845019567417375,1.2135602547880702,-0.8709276239072189,0.6065207695732294,-0.387061571599947,0.7222639720785415,0.7511825655952531,-0.44304189801291277,-0.4239083169696164,1.3610591783291748,1
0.7332010817000086,1.7332575914059876,1.1114528999565547,1.1855413480776409,-0.40064406812252806,0.4527711123940304,-0.8420224588992332,1.1033339039946561,-2.14756463731737,-0.3232252349141891,1
-1.7952223314367777,-0.4947735292489333,-0.4983683797543852,1.5558443950153833,1.8129164839023801,-0.3403487141788782,-0.1534865009617643,0.22789964574448887,0.02438006405809314,0.14096377106205102,1
-0.8608340520871763,0.6599942882559131,0.28049468599073385,-0.245524860404041,0.14089076168330988,-1.735145603688595,1.5646942050575854,-1.217178994713086,-0.961248509979455,-1.2502352770775587,1
-0.3592844573981156,0.6714990303012663,-1.2039477228172495,0.20287471835666135,-0.34427022696107923,-1.0830254721104875,-1.0263106172160337,0.49360549130043635,0.6057070113368503,-1.4383516649266668,1
1.8615079791293867,-0.4141657753152125,-1.8391393804392335,-0.17207328001003966,-0.2688128201531403,-0.9843385135271845,-0.10404120549837026,0.019066706140929066,0.48688732331682266,0.04211979906425929,1
0.07567969491410388,0.013931884062029111,1.2761195304551654,-0.4862561337065265,-0.794536549893067,0.3999557058507816,0.4611038131038875,0.9464432152156522,0.23845905983880922,-0.5418223753253262,0
0.31671759658978915,0.6418711256367103,1.38053898990779,-1.7285193667053556,0.5096561871734692,1.256364851384758,0.03571343276281181,-0.35990021057811444,0.5124318548097823,0.09918058797973342,0
-0.14088196706510941,2.2227303982634825,1.59684406720228,-0.08813495961037084,0.1097126825912871,-0.5605529910110659,0.3692529793571652,0.16592609454183838,0.16232590904895983,-1.619720408410528,0
-0.7959490828613497,-0.3185297520381022,0.17205487245376086,-0.2087011140034678,0.5929466112193225,1.0485921615587281,-0.026663524697772223,-0.20934366536756924,1.0023395876613659,-0.6963820251678385,0
-0.1957764631453973,-0.7249530356667065,0.5448667731406707,0.6993079043762351,-1.5651521450771562,0.12322613115071088,1.0568491158187314,0.23354479245587678,0.6625492243648785,-0.13452349717768292,0
0.3164135992879402,-0.4675991570875114,-0.08557368666587355,-0.4630508918949427,2.9675579781460506,-0.9302077919422524,-0.3663855468270449,-0.717964046244021,-1.4992036938663365,0.7291308109014042,0
-0.8404959717607442,-0.47357745730860157,0.6755263866925149,-0.6888689563042308,0.5079729819698269,-1.3769203367274745,-0.5509824578255077,0.4878688131589415,-0.8141168827629824,0.41811387567786035,0
0.6950459152988785,-0.07378020274486616,1.3987534807412778,1.5532186550305673,1.629934925613996,0.17765307369956967,1.1253846521806303,0.9244475503536991,-0.575195769650988,0.1854054992357949,1
2.5743774170572635,0.781370586381089,-0.8788052393693557,0.654521688439763,0.2840068142931275,-0.8861600333185907,0.5408969434103491,0.7699398243885924,0.035638503850488376,0.310123775134921,1
-0.03850183629652526,0.7934656446980911,-0.023406269833191787,0.8689901671267567,0.33128542535217953,-0.37523636109429015,1.0971398328659332,0.4992020065381402,-0.4651353203582324,1.7933244730867632,1
-0.8831810933826825,-0.3971329454505919,0.03670013025780926,-1.0252645261497746,-1.9432702884775699,1.2329410468968938,-0.8245359388825367,-0.7633271510774683,-0.4266032894395879,-1.0329220981547813,1
-0.13261465381720608,0.09663161980912527,1.4068671420183172,0.9865925140038365,0.11871279626399817,-0.19448754430481507,0.05973171388334523,-0.19823396429320034,0.03539766270083865,-1.4965840954000742,0
1.245927327198678,-1.6706243937903251,-0.5892231716346837,0.5788650010124305,2.216791384854668,1.442434625689132,1.854574941567664,-0.11905737285996723,-0.03649700685698646,-1.3646918033367796,1
-0.029215350616095467,-0.4379895202325848,-0.010615519299245263,-0.9746369258878008,-0.0456555745358126,-0.26986726154131346,0.3502225206938824,1.2542418789387353,0.1544857922687607,-0.45547263329617094,0
-1.2447555297812523,1.2577647190314776,1.1045472018507467,-1.2146061266504387,0.5001066856635897,1.30432777444342,2.3781575033442013,0.38386980985013275,-1.6225186804315175,3.328815500716245,1
0.7090071647807351,-0.12603917503187925,-1.1138350112535094,0.6004166629735128,0.9572926200414316,1.415048515846479,-1.4409850729168756,0.616485582076817,-1.3323128321265065,0.7513303419917863,1
1.0932651544462924,2.271128614746993,0.948055176134196,0.6444028590617756,-1.1760025974824964,1.588341654509754,0.20062779797551314,0.2324059597015237,1.2831952428221851,1.2168684972960426,0
-2.1179586882142183,-0.7626192245513409,-1.1769057874781492,0.32492515934217214,0.14570961888674075,-0.3763183181300306,-0.24554977201170222,0.16834701248472436,-2.1910050670725525,-0.7276371431640068,0
0.5546032137785528,-1.1627225171270834,0.07917949885860598,0.6026797686870663,0.30338447890178527,-0.8798542064435697,-0.2340730624238471,-0.4727072452176491,-0.14895498371715007,-0.6138108535397311,0
0.373804500701193,-1.2958611369121733,-0.05523892035891772,-1.0053392196050532,-0.6852241305315773,-0.9984563869956772,-0.24596366223695287,-0.2351250487307573,0.35265666471718543,0.3370102086801597,0
-0.9447523971864591,0.422911581084335,0.9811207795163313,-0.9044928191187999,-0.5583786466981011,-0.23158913932169636,-0.2989542037802315,-0.4970027044539985,-0.39024308458226953,0.8140081134013971,1
0.6579063466555688,-0.13601396986120382,-0.018548563161073738,-1.5485624152287985,1.9372513425840665,1.5400688683712374,-0.5782210766360456,1.8124569963881112,-0.47413898997483617,-1.6854638172135419,0
1.6907271573797713,-1.398174609265351,0.11966887273846367,0.5721205251105556,-0.23132382095439452,-0.08159068165126779,0.881703665367953,0.5665477418323196,1.075487716265661,-0.7636400568127095,0
0.19795807338872481,-0.2803738374657816,0.4264017957621751,-0.6063272577103049,1.8306710073227783,-0.16772008294526652,-0.8500325012235939,-0.7857436641911848,-0.9534098262639279,0.7287044247874909,0
0.46313191383624364,2.2024455512226138,-0.4569513033075213,0.2368924847820371,-0.7502531502828071,-1.9180121023173373,-0.19354853206284978,-0.5508272973073448,-2.1732499148065694,0.37528584228927836,1
0.16805519074751002,0.7787572061225748,-0.4290207773620119,0.3733179933193012,-0.013800738789073546,-0.38538003430548173,1.2905574749798052,0.4126459229111226,-1.477582817767553,1.5700327409045858,1
0.1433734811754914,-0.05927088042973824,-0.05503716909872123,1.9507875906224095,0.3575461139841666,-0.18008147905572072,1.9841219828206371,-0.7757233679289176,-0.3449481829059493,0.6129603599717645,1
-2.102572569565361,-2.7470742895985643,-1.0768954288108363,-0.29381629820325816,1.6135408335741044,-0.3569876398691373,-0.2476902211024655,1.9174291809559092,-2.8323660353207503,0.9891052573483038,0
-1.5345185879811143,0.1815634160148399,-0.35770273439052475,-0.6692857141688647,0.23738912982157237,0.18231903397577287,0.15002127868191847,-1.496800900934017,0.6966496125315107,-2.1307456714148945,0
0.5422009876544758,0.29950210736329086,-0.7164160009782037,0.11435788747562295,-1.18817519027507,-0.3099979816855976,-0.20332729045804981,-0.3570299946420405,-0.827066800039029,-1.7491103321710526,0
0.021137383803465484,0.08361582073075834,-0.749136586485995,-0.5809785219668746,-0.2406790907279704,-0.72230294452066,0.32095551007581974,0.42602420850553696,-0.3824535195181211,-0.5663948218624645,0
-0.3913427396826717,1.857782860912462,-0.9141960656320809,-0.7256344121623742,0.9972796871650385,-0.8185825578376423,1.3673019266636413,-0.43832969220245255,0.7578553466830477,-0.6255460973406758,1
1.1754220486327704,0.5313699140284313,-1.2048131870107361,0.5455696653359755,0.29390729185835485,-0.8233086048628903,0.549999613770745,2.115201403857146,-0.9718969201228972,-0.5476649561941622,1
-0.1624128633612627,-0.09266556751861033,1.1307525746469986,-0.2366215873648881,-0.0635802910775822,0.41166009564831724,-2.087852907067498,-0.30032605863456857,-0.2506521250738877,0.7341559502779639,1
-0.32967599007509585,1.7685456712520204,-0.28663180890729334,0.5898299640362288,-2.6129045486033537,0.6246472458230681,-0.17514903334113857,0.8750936060802031,0.30301909158759344,1.0659672042985886,0
-0.6698999135505094,1.1405056678571437,0.38612592552609587,1.0711387980457527,-0.2804669140583019,-0.07522300091288418,0.05949712772737453,0.4878886276898702,-1.6104659595736974,-0.7431473511061191,1
0.7957538616832794,0.9961028356042567,-0.28456189058377046,-2.278118229542574,0.4402675253740327,0.732893926327519,-0.7512111792701578,1.7981100624728237,-0.8618907799424433,0.700523678573122,0
-2.065460023750255,-1.2375443219342774,-1.0290334872441047,-2.065576306897599,0.23198841547816262,0.6772818381733967,-1.978829748678407,0.5961212923590936,0.5225339133937923,-0.10215389337872478,1
1.6479521897098153,-2.2097727877045124,0.5374816107370194,0.5907781748965721,1.516741546949991,-1.0818261616005895,0.6374129349101462,-0.29189949358097145,-1.122694923642015,-0.6388799054925294,0
0.7916568619310699,-0.20846892700574535,1.8580203922075844,-1.293945219134682,0.31364953071626966,1.294498178256348,1.4278840374729076,0.3365887553094597,0.855291343360754,0.3094135616336493,1
0.026047949725217002,-0.35871014116976846,1.72536397764349,-0.5283624773677319,-0.22514835388270557,-0.46389872574843505,0.5103964314082249,-1.574682069241863,-0.061626378419270454,0.29244005410922647,0
0.11980403894989199,-0.6277248828430068,-0.11240823967079372,-0.02207883991009774,-1.0878133919784179,-2.1246594280441498,0.561392516603045,-0.5871473578213694,-0.06606506566728226,-0.710361080231585,0
0.4003349452088214,-0.5857047946451434,-0.14714869142423245,1.0995056201057236,0.8092951093257438,1.9358038418046968,0.46546409237268976,1.2876974665832384,0.44484233292231934,-0.1270968634093454,0
-0.532841258887561,-0.7691722834512744,0.033165423878050694,0.8708651662794888,-0.852861753338149,-0.6077792469562958,0.8523885424206551,-1.6561928326584194,-0.5705558180032647,1.7369863428519832,0
0.5515228283280346,-0.7417231654487858,-0.42236464719254724,1.3745503934250651,-1.4762039928244617,-1.7488115354098364,-0.18384348386078206,-2.529693849406812,-1.2506216413620745,-0.18895826898456342,0
-0.04328498355773543,0.6940508344300708,-0.7172171424155082,-0.3174093448420408,-1.1132677395256523,0.9811728765231894,-0.5516176324289298,-1.4817607791797203,0.5905106855702396,0.7144640789695657,1
0.8360216198318237,-0.09522896898741048,-1.5488732947887738,0.1772301051012607,-0.3090723967625725,-0.5338316568825495,-0.8668447960069825,-1.6361799085130002,1.1120757596679478,0.11814303388980732,1
-1.1019079628019965,0.37052873102232564,0.3280456967491141,0.6874196754342979,-2.0898306570129823,0.5255566996675429,-2.160169086728658,0.2552204783183675,-0.237128323623337,1.0035359088688591,1
1.8392396126142838,-1.070719442325414,0.06975612753001112,2.194703313551835,-0.4173700312044624,1.3614861045519497,1.6124130875356375,-0.8275119407903354,-0.42273731300614203,-1.0650970086102736,1
-0.8392787196734521,-0.18979187817704551,-1.643893560818756,-0.19377850082585324,-1.2551363680401528,1.703761277197269,-0.8110194607764428,1.2460754780319019,1.9642809689063179,0.05202273448071185,1
-0.9032612795228153,-1.0725280734010154,-0.9390696631552885,-0.623942351291848,0.37185201934035095,-0.2956793314292569,-2.232767904663314,1.26889921650692,-0.3918810085251482,0.6947249786384488,1
-1.0360155745433912,0.6116726570430779,-1.0715123068385324,-0.5455478506313619,-0.3222186916867068,1.357065742125886,0.5474679008881177,0.08070641316261347,0.6241136314734059,-2.204597583725428,1
0.3584184300730976,1.393065042332096,-0.6661918893325228,-1.4117917282955772,0.47212052875794286,1.010850878910718,-0.9448151194061614,-0.9616818063973929,0.023355878036594575,1.5106911544347508,1
1.6113278152934578,0.1953546483284296,1.1506641668594315,0.11890542517229938,-1.0047595220548933,1.5351895960895303,0.6034796284460529,0.1916249289724825,0.39167224059349354,0.9361177885456028,0
-1.1228714088538807,1.0756236847005496,-0.2093771260137465,0.8772795705501982,-0.05398563142234402,-0.528439619780016,-0.21223277967796786,0.12559207915474652,-1.67697722932232,1.1600655082855553,1
-0.00573629616464749,-0.4917823498818806,1.4646814636234362,0.3784733896771146,0.06338028324230935,-0.27094078836139585,2.323021192482904,-0.6571198143042448,-0.6284933875201631,0.9551869509470593,1
0.6785975071445123,-0.9422425381459699,-0.9160972724855841,-0.15536389622095742,1.8256815454177233,0.5673958898061485,-0.5554295947368874,-0.18555228545916314,-1.1064711554045772,-0.36740455890546436,1
0.7355141369648618,-0.14539920223680033,0.8080740772952882,-0.24045858125573163,0.9603719837230026,-1.1724175752851518,-2.4716959035186004,-1.1307468639853788,-1.0096325240324222,0.5168333174119566,1
-1.1163298319323551,0.6362622660182599,-0.5347680591100153,-0.4891966007189248,-0.08714823571982741,-0.10623955547116876,0.3694162711429651,-1.6401201714354872,0.7476481477744028,0.04931649570776793,1
-0.42149791592154057,0.04182810570369838,0.09311070367830566,-2.0882460967680476,0.11108254244933571,1.4261989683002751,0.4072455883630596,-1.209170944189603,0.1919936650216175,-0.002875311628145478,0
-0.8111909845152905,-0.21389287889052677,0.16349028190474457,0.6323380667832835,0.3419804166006587,1.331570770951882,-0.3717092219877192,0.6443508460338339,0.24776317640887902,-0.9202786074738536,1
0.5133516206804658,0.9221005619948534,-0.40873553173513494,0.7473382925217897,0.16518761240475535,-0.3770004235217599,-0.3061291689172295,0.6939908677546274,-0.23189697062300238,0.10823525600202516,1
0.5596049961465585,-1.0145012312627588,-1.3908634924082377,0.8333454861736953,-0.46709306413711094,-0.023546529923497175,1.381539236389534,0.4200202905830999,2.9390086233753867,1.3978357389952285,1
1.2372073277017173,1.8084032028340882,1.6938200774064336,-0.45316627827028777,0.2006377249932491,2.6204978328502975,1.009433887915633,0.07494112862387024,0.24207708256225105,-0.7201838901111688,0
-0.029767490708398948,-0.8318502703849049,0.8233556757458708,0.23202688117380288,-0.2522202464496184,1.0490070191876077,0.04218161327814536,-1.2875557863021518,0.2517219218354022,-2.2984274703265015,0
0.6416766584030617,-0.7894887567609739,0.35275413442659737,0.9515396115175951,-0.348900726843459,-1.635709513647169,0.1741561173590477,-0.6039884384021853,-0.7751187612242095,-1.8472383433479214,0
0.9613836526151365,0.12701619644361684,-0.012250078859172696,-1.4454579611332434,-1.695827187014135,-1.3970407549360495,-0.039390655632747344,0.43282113379263754,-0.6242081235905539,-0.7391370378193045,1
0.021426850029034692,-0.2387012305970065,-0.2681263906149307,0.33646947134663324,0.04252844430408998,0.5669098887232991,-0.8954100881176763,0.23155361488478343,0.08572658130337209,-0.028467945074569605,1
-0.26229033898779025,1.9634211024617778,0.8481153236480299,0.46004672263287977,-0.3546352850532605,-0.7979427422170344,-0.06650209794420349,-0.18795877817213744,1.1646561224011815,0.6953666624625904,0
-0.8915907659902134,0.10993177853936541,-0.06317729979493907,0.35082624167613113,-1.058341107083241,1.271862356899594,-0.6644973894358468,1.11746747736603,-1.3184059819375105,-1.1756969223566072,1
-1.0470853844510801,0.9685026229505048,0.14668827699595338,-0.8074191304225435,0.8154637324443926,1.269944889755863,-0.05493485283316142,-1.1079534969471265,-1.2234242314357278,1.12855467632079,0
0.7256572920466966,-0.9683099812962441,0.9917565059045486,-0.6606791990734883,0.14893574125345024,-0.28321974073679135,0.34152989940336415,-0.9231348744246104,-0.23489115032207836,-0.4778515370752019,0
0.8819141124077602,-1.3241985366554574,0.10478992725530992,0.7688975113633834,-0.56066669259864,-0.32042516546580374,-0.014279900060310735,0.5856974100707136,-1.2431580915945122,1.0782125367844393,0
-0.24574077501449448,0.05661601077254427,-0.49870391508198086,0.4213931688558088,1.7411107338741112,-1.6201067034612506,-0.01294350729225534,-0.20464976108179778,-0.8415671725579003,-0.36872912357335264,1
-0.6757986185783482,-2.041702766902053,-0.3503234228609837,-0.30778500965644906,1.0774387686891118,1.7896952056950544,0.7852746514303772,-0.4295367541842591,0.7097013892206503,-0.4060281898029736,0
1.2732961690694489,-0.6492040463211859,1.7365904194198547,0.03946279048167268,0.04046644371002013,-1.1627978440479663,0.4817440458410018,-1.2625820396566247,0.157694666241493,0.32351729915705546,0
-1.6422409059255298,-0.34881462586888945,-0.2739787766909404,-0.3177130693192491,-1.166292932911318,-0.14955616721375833,-0.43649932754568666,-0.6617141637937035,-0.5244647920465116,-1.4070059107603066,0
0.11342576959257727,-0.4965690407282463,0.7507049298354225,0.16947673903519914,1.1848057906070117,1.3247822123341053,0.5364258610037915,-1.0898389248162386,-2.037963227889936,0.08130853557692144,1
-0.7695159796932176,0.8535335828323091,-1.2384584137140118,-0.4023396212980003,-0.25861302105802453,0.35595675555855916,1.1758443343284652,0.8137535648238905,0.24482215311075897,0.8747852642283332,1
-0.9805822175698738,-0.643045183874729,-0.926076867686669,-0.2735224637125338,-0.6570293996628584,1.4957561453574244,1.179026694744773,-0.5598168246421356,0.609208541013296,1.7453450435415818,1
1.1710835036186504,-1.5882613451116485,-1.6332174019739183,-1.3963609156678072,-1.0860498262479517,0.07106487992839022,2.4721563097134527,0.09928365497246784,-0.17888966942617626,0.4298697091168344,1
-1.022439014153252,0.2925567529725315,-0.493921048408383,-0.7617066373873341,0.30650582998705583,1.0430919711099107,0.058611133802659705,-0.8430488221038455,0.09364302248326374,-1.5528571522120536,0
0.6323801688030679,-0.05617111868065574,-0.9140387558729539,0.33183378898654614,-1.0826121288108281,0.10573177729069624,-0.09335167669153055,0.764433632981843,-0.7522405473512515,-2.082639584364374,1
-0.05879930999668546,0.5317790146621224,0.44569229245033337,-0.8176670002970771,-1.40689902631265,1.2834220986559346,-0.9449377507903354,2.371559015395505,0.04083615330404549,1.8359234985226867,1
-0.9621286662467072,-1.045246693166808,-1.1414109281127702,-0.044241663346109295,1.6514358866722028,-0.9974441276565882,0.28325320236551177,-1.476719662669428,0.31641564081599194,-0.24498793755542692,0
0.8865990603268918,0.8774664641676921,-2.2617823832811905,-0.5838075845218196,0.103279908087676,-0.8205468915175375,1.5869142295716243,1.2238459663528205,1.3183889034491272,-0.5220007392756124,1
1.2650377385436393,-0.43158147314664974,-0.9882611089154693,-1.6966703704006414,-0.449001129008708,0.10014729868851172,-1.7981417794339445,1.4453321421271754,-2.343726726256647,-1.4486100222180451,1
1.9715212116479575,-0.6642192227574251,0.037025441586299106,0.6463822095507153,0.7327269904660167,0.3745701821750886,0.25752565002048666,1.891584663254222,-1.0798996682947413,0.5260299361961517,0
-2.194508803044697,2.2653967676368247,-0.041235395529501555,0.34942988893539084,-0.21018097777041758,-0.4706812400417742,-0.5360605133287678,-0.704447031731702,-0.22543226521983448,-0.24549816259880428,1
